week_index,week_start,region,product_category,channel,currency,existing_users,base_impressions,base_spend,cpi,ctr,cvr,avg_order_value,engagement_value_per_click,freq_cap_per_user,adstock_decay,sat_curve_basis,sat_alpha,sat_k_half_impr,sat_beta,sat_alpha_spend,sat_k_half_spend,sat_beta_spend,min_spend_this_week,max_spend_this_week,priority_weight
1,2025-06-02,Ontario,Electronics,Paid Search,CAD,187300,8970067,113425.66,0.012645,0.038248,0.049741,261.64,0.4355,4,0.3,impressions,1.0,11000000,1.1,1.0,132000,1.05,56712.83,170138.48,1.052
2,2025-06-09,Ontario,Electronics,Paid Search,CAD,192498,8591195,109607.93,0.012758,0.037563,0.056133,245.31,0.4256,4,0.3,impressions,1.0,11000000,1.1,1.0,132000,1.05,54803.97,164411.9,0.937
3,2025-06-16,Ontario,Electronics,Paid Search,CAD,204342,8973050,114041.91,0.012709,0.036262,0.053835,238.42,0.4651,4,0.3,impressions,1.0,11000000,1.1,1.0,132000,1.05,57020.95,171062.86,1.043
4,2025-06-23,Ontario,Electronics,Paid Search,CAD,181099,11637029,144533.35,0.01242,0.037074,0.059451,244.75,0.4833,4,0.3,impressions,1.0,11000000,1.1,1.0,132000,1.05,72266.68,216800.03,1.042
5,2025-06-30,Ontario,Electronics,Paid Search,CAD,173139,8031656,105099.39,0.013086,0.037574,0.060232,245.63,0.443,4,0.3,impressions,1.0,11000000,1.1,1.0,132000,1.05,52549.69,157649.08,1.076
6,2025-07-07,Ontario,Electronics,Paid Search,CAD,182175,8371906,103797.55,0.012398,0.034026,0.056326,257.05,0.4215,4,0.3,impressions,1.0,11000000,1.1,1.0,132000,1.05,51898.77,155696.32,0.973
7,2025-07-14,Ontario,Electronics,Paid Search,CAD,172065,9210027,110071.32,0.011951,0.03838,0.058684,259.48,0.4363,4,0.3,impressions,1.0,11000000,1.1,1.0,132000,1.05,55035.66,165106.98,1.054
8,2025-07-21,Ontario,Electronics,Paid Search,CAD,191679,10141046,116174.1,0.011456,0.034695,0.050682,247.56,0.4724,4,0.3,impressions,1.0,11000000,1.1,1.0,132000,1.05,58087.05,174261.15,1.043
9,2025-07-28,Ontario,Electronics,Paid Search,CAD,189510,8905030,99982.16,0.011228,0.036077,0.057867,252.18,0.4897,4,0.3,impressions,1.0,11000000,1.1,1.0,132000,1.05,49991.08,149973.23,1.047
10,2025-08-04,Ontario,Electronics,Paid Search,CAD,182516,8221720,106873.82,0.012999,0.033832,0.057205,237.77,0.4833,4,0.3,impressions,1.0,11000000,1.1,1.0,132000,1.05,53436.91,160310.73,1.07
11,2025-08-11,Ontario,Electronics,Paid Search,CAD,177782,8521169,111260.91,0.013057,0.037267,0.059311,248.68,0.4641,4,0.3,impressions,1.0,11000000,1.1,1.0,132000,1.05,55630.45,166891.36,0.986
12,2025-08-18,Ontario,Electronics,Paid Search,CAD,181645,11376816,145096.99,0.012754,0.036702,0.055016,256.13,0.4068,4,0.3,impressions,1.0,11000000,1.1,1.0,132000,1.05,72548.49,217645.48,0.991
13,2025-08-25,Ontario,Electronics,Paid Search,CAD,163725,9155506,118339.42,0.012925,0.037229,0.055524,255.32,0.4548,4,0.3,impressions,1.0,11000000,1.1,1.0,132000,1.05,59169.71,177509.13,0.905
1,2025-06-02,Ontario,Electronics,Display,CAD,174546,11993324,45435.03,0.003788,0.003667,0.01185,262.11,0.4538,5,0.5,impressions,1.0,27500000,1.05,1.0,99000,1.05,18174.01,72696.05,0.964
2,2025-06-09,Ontario,Electronics,Display,CAD,166066,12240503,48704.53,0.003979,0.003868,0.012477,250.44,0.4583,5,0.5,impressions,1.0,27500000,1.05,1.0,99000,1.05,19481.81,77927.25,1.055
3,2025-06-16,Ontario,Electronics,Display,CAD,184365,12729509,49161.89,0.003862,0.004051,0.012406,247.73,0.4258,5,0.5,impressions,1.0,27500000,1.05,1.0,99000,1.05,19664.76,78659.03,1.099
4,2025-06-23,Ontario,Electronics,Display,CAD,194661,15725889,62997.31,0.004006,0.003992,0.011327,238.49,0.4864,5,0.5,impressions,1.0,27500000,1.05,1.0,99000,1.05,25198.92,100795.7,1.022
5,2025-06-30,Ontario,Electronics,Display,CAD,199251,12721565,48626.88,0.003822,0.004064,0.013192,256.99,0.4573,5,0.5,impressions,1.0,27500000,1.05,1.0,99000,1.05,19450.75,77803.01,1.1
6,2025-07-07,Ontario,Electronics,Display,CAD,184726,10455584,41853.18,0.004003,0.004071,0.011291,255.28,0.4747,5,0.5,impressions,1.0,27500000,1.05,1.0,99000,1.05,16741.27,66965.08,0.947
7,2025-07-14,Ontario,Electronics,Display,CAD,172820,12639507,52241.17,0.004133,0.0043,0.011167,244.15,0.4371,5,0.5,impressions,1.0,27500000,1.05,1.0,99000,1.05,20896.47,83585.87,0.919
8,2025-07-21,Ontario,Electronics,Display,CAD,200580,13486064,55473.16,0.004113,0.003655,0.012011,245.68,0.4671,5,0.5,impressions,1.0,27500000,1.05,1.0,99000,1.05,22189.26,88757.06,1.063
9,2025-07-28,Ontario,Electronics,Display,CAD,176130,10765901,41825.07,0.003885,0.004388,0.013048,247.48,0.4721,5,0.5,impressions,1.0,27500000,1.05,1.0,99000,1.05,16730.03,66920.11,0.924
10,2025-08-04,Ontario,Electronics,Display,CAD,205803,10500875,39577.05,0.003769,0.003964,0.012125,238.17,0.4697,5,0.5,impressions,1.0,27500000,1.05,1.0,99000,1.05,15830.82,63323.27,0.944
11,2025-08-11,Ontario,Electronics,Display,CAD,194955,12440000,45377.87,0.003648,0.004131,0.011843,249.3,0.4515,5,0.5,impressions,1.0,27500000,1.05,1.0,99000,1.05,18151.15,72604.6,0.916
12,2025-08-18,Ontario,Electronics,Display,CAD,195384,14827207,54758.75,0.003693,0.003767,0.011549,248.92,0.4936,5,0.5,impressions,1.0,27500000,1.05,1.0,99000,1.05,21903.5,87613.99,1.037
13,2025-08-25,Ontario,Electronics,Display,CAD,205654,11260090,47326.85,0.004203,0.00428,0.011318,259.53,0.4204,5,0.5,impressions,1.0,27500000,1.05,1.0,99000,1.05,18930.74,75722.95,1.056
1,2025-06-02,Ontario,Electronics,Social,CAD,192364,9252784,27227.2,0.002943,0.007652,0.016205,249.75,0.437,2,0.6,impressions,1.0,19800000,1.1,1.0,88000,1.08,10890.88,43563.52,1.056
2,2025-06-09,Ontario,Electronics,Social,CAD,182452,10457194,33397.28,0.003194,0.008598,0.014897,243.87,0.4435,2,0.6,impressions,1.0,19800000,1.1,1.0,88000,1.08,13358.91,53435.65,0.939
3,2025-06-16,Ontario,Electronics,Social,CAD,195652,10409895,32870.32,0.003158,0.007456,0.015914,262.43,0.4759,2,0.6,impressions,1.0,19800000,1.1,1.0,88000,1.08,13148.13,52592.51,1.079
4,2025-06-23,Ontario,Electronics,Social,CAD,195105,12850358,37752.34,0.002938,0.007322,0.017376,260.54,0.4118,2,0.6,impressions,1.0,19800000,1.1,1.0,88000,1.08,15100.94,60403.75,1.099
5,2025-06-30,Ontario,Electronics,Social,CAD,171990,9193100,27895.07,0.003034,0.00843,0.015624,246.66,0.4226,2,0.6,impressions,1.0,19800000,1.1,1.0,88000,1.08,11158.03,44632.12,1.01
6,2025-07-07,Ontario,Electronics,Social,CAD,166270,9205795,25158.13,0.002733,0.00865,0.017321,239.5,0.4271,2,0.6,impressions,1.0,19800000,1.1,1.0,88000,1.08,10063.25,40253.01,0.978
7,2025-07-14,Ontario,Electronics,Social,CAD,177582,10312072,31204.93,0.003026,0.00814,0.01625,245.97,0.4686,2,0.6,impressions,1.0,19800000,1.1,1.0,88000,1.08,12481.97,49927.88,0.917
8,2025-07-21,Ontario,Electronics,Social,CAD,195242,11632551,34669.83,0.00298,0.007674,0.01484,241.4,0.4467,2,0.6,impressions,1.0,19800000,1.1,1.0,88000,1.08,13867.93,55471.73,0.906
9,2025-07-28,Ontario,Electronics,Social,CAD,191883,8903553,24044.89,0.002701,0.008088,0.014942,259.23,0.4654,2,0.6,impressions,1.0,19800000,1.1,1.0,88000,1.08,9617.96,38471.83,1.022
10,2025-08-04,Ontario,Electronics,Social,CAD,196704,9349167,30218.77,0.003232,0.007957,0.015742,243.63,0.4408,2,0.6,impressions,1.0,19800000,1.1,1.0,88000,1.08,12087.51,48350.03,1.083
11,2025-08-11,Ontario,Electronics,Social,CAD,162314,10614705,34944.39,0.003292,0.00856,0.016953,254.93,0.4726,2,0.6,impressions,1.0,19800000,1.1,1.0,88000,1.08,13977.76,55911.03,1.027
12,2025-08-18,Ontario,Electronics,Social,CAD,162311,12412102,40094.89,0.00323,0.008382,0.017337,258.55,0.4901,2,0.6,impressions,1.0,19800000,1.1,1.0,88000,1.08,16037.96,64151.83,0.902
13,2025-08-25,Ontario,Electronics,Social,CAD,200530,9407353,27946.87,0.002971,0.008071,0.015793,247.51,0.4876,2,0.6,impressions,1.0,19800000,1.1,1.0,88000,1.08,11178.75,44714.99,1.081
1,2025-06-02,Ontario,Electronics,Affiliate,CAD,173918,4900793,30939.81,0.006313,0.017998,0.029682,255.2,0.4346,4,0.4,impressions,1.0,6600000,1.0,1.0,66000,1.0,9281.94,55691.65,0.926
2,2025-06-09,Ontario,Electronics,Affiliate,CAD,197285,5778296,35624.66,0.006165,0.017261,0.028571,261.36,0.4667,4,0.4,impressions,1.0,6600000,1.0,1.0,66000,1.0,10687.4,64124.39,1.046
3,2025-06-16,Ontario,Electronics,Affiliate,CAD,197663,4801250,30802.58,0.006416,0.017691,0.028949,260.13,0.4457,4,0.4,impressions,1.0,6600000,1.0,1.0,66000,1.0,9240.77,55444.64,0.957
4,2025-06-23,Ontario,Electronics,Affiliate,CAD,184643,6831798,41133.55,0.006021,0.016236,0.03183,254.63,0.4873,4,0.4,impressions,1.0,6600000,1.0,1.0,66000,1.0,12340.07,74040.39,0.958
5,2025-06-30,Ontario,Electronics,Affiliate,CAD,182922,5295165,31447.11,0.005939,0.017299,0.031779,241.59,0.4135,4,0.4,impressions,1.0,6600000,1.0,1.0,66000,1.0,9434.13,56604.8,1.031
6,2025-07-07,Ontario,Electronics,Affiliate,CAD,188723,5526050,33208.04,0.006009,0.017896,0.027861,260.17,0.4193,4,0.4,impressions,1.0,6600000,1.0,1.0,66000,1.0,9962.41,59774.48,1.05
7,2025-07-14,Ontario,Electronics,Affiliate,CAD,197146,5578926,34283.39,0.006145,0.016742,0.03265,258.68,0.4272,4,0.4,impressions,1.0,6600000,1.0,1.0,66000,1.0,10285.02,61710.1,0.979
8,2025-07-21,Ontario,Electronics,Affiliate,CAD,191886,6356687,35038.63,0.005512,0.017582,0.030947,255.89,0.4089,4,0.4,impressions,1.0,6600000,1.0,1.0,66000,1.0,10511.59,63069.53,0.92
9,2025-07-28,Ontario,Electronics,Affiliate,CAD,200223,5067889,31175.44,0.006152,0.019699,0.03221,257.98,0.4849,4,0.4,impressions,1.0,6600000,1.0,1.0,66000,1.0,9352.63,56115.79,0.939
10,2025-08-04,Ontario,Electronics,Affiliate,CAD,178081,5439551,34033.47,0.006257,0.017688,0.03035,238.25,0.4311,4,0.4,impressions,1.0,6600000,1.0,1.0,66000,1.0,10210.04,61260.25,1.055
11,2025-08-11,Ontario,Electronics,Affiliate,CAD,176686,4971505,27716.71,0.005575,0.018546,0.028406,253.23,0.4455,4,0.4,impressions,1.0,6600000,1.0,1.0,66000,1.0,8315.01,49890.08,0.961
12,2025-08-18,Ontario,Electronics,Affiliate,CAD,181602,6271280,39611.78,0.006316,0.016589,0.030281,251.89,0.4794,4,0.4,impressions,1.0,6600000,1.0,1.0,66000,1.0,11883.53,71301.2,1.022
13,2025-08-25,Ontario,Electronics,Affiliate,CAD,194615,5531961,34711.72,0.006275,0.018634,0.031175,253.79,0.4135,4,0.4,impressions,1.0,6600000,1.0,1.0,66000,1.0,10413.52,62481.09,1.099
1,2025-06-02,Ontario,Electronics,Email,CAD,189562,3066069,4612.73,0.001504,0.051934,0.041495,259.2,0.4947,6,0.2,impressions,1.0,3300000,0.95,1.0,44000,0.95,922.55,11531.82,0.916
2,2025-06-09,Ontario,Electronics,Email,CAD,196212,2785356,4408.3,0.001583,0.052267,0.041668,240.61,0.4638,6,0.2,impressions,1.0,3300000,0.95,1.0,44000,0.95,881.66,11020.75,0.948
3,2025-06-16,Ontario,Electronics,Email,CAD,203652,2996516,4053.38,0.001353,0.05184,0.03836,253.33,0.4152,6,0.2,impressions,1.0,3300000,0.95,1.0,44000,0.95,810.68,10133.46,1.094
4,2025-06-23,Ontario,Electronics,Email,CAD,180321,3381042,4923.02,0.001456,0.047359,0.042474,260.01,0.4759,6,0.2,impressions,1.0,3300000,0.95,1.0,44000,0.95,984.6,12307.55,0.967
5,2025-06-30,Ontario,Electronics,Email,CAD,181246,3158265,4912.29,0.001555,0.052852,0.039282,252.56,0.4928,6,0.2,impressions,1.0,3300000,0.95,1.0,44000,0.95,982.46,12280.73,1.045
6,2025-07-07,Ontario,Electronics,Email,CAD,169616,2865926,3927.58,0.00137,0.053295,0.043191,245.05,0.4338,6,0.2,impressions,1.0,3300000,0.95,1.0,44000,0.95,785.52,9818.95,0.999
7,2025-07-14,Ontario,Electronics,Email,CAD,189805,3159011,4895.64,0.00155,0.051632,0.039979,239.16,0.4838,6,0.2,impressions,1.0,3300000,0.95,1.0,44000,0.95,979.13,12239.1,1.076
8,2025-07-21,Ontario,Electronics,Email,CAD,175568,3759269,5209.39,0.001386,0.046314,0.04238,247.7,0.4341,6,0.2,impressions,1.0,3300000,0.95,1.0,44000,0.95,1041.88,13023.47,1.027
9,2025-07-28,Ontario,Electronics,Email,CAD,179391,3105782,4783.42,0.00154,0.048674,0.042886,242.88,0.4353,6,0.2,impressions,1.0,3300000,0.95,1.0,44000,0.95,956.68,11958.54,1.007
10,2025-08-04,Ontario,Electronics,Email,CAD,164793,2778669,3996.26,0.001438,0.051489,0.038782,249.38,0.4243,6,0.2,impressions,1.0,3300000,0.95,1.0,44000,0.95,799.25,9990.66,0.961
11,2025-08-11,Ontario,Electronics,Email,CAD,198654,2675476,4085.23,0.001527,0.048207,0.043695,257.18,0.4091,6,0.2,impressions,1.0,3300000,0.95,1.0,44000,0.95,817.05,10213.09,1.025
12,2025-08-18,Ontario,Electronics,Email,CAD,194266,3767497,5694.96,0.001512,0.04691,0.039238,258.59,0.4104,6,0.2,impressions,1.0,3300000,0.95,1.0,44000,0.95,1138.99,14237.39,1.096
13,2025-08-25,Ontario,Electronics,Email,CAD,202667,3089939,4829.18,0.001563,0.053072,0.03821,256.58,0.4707,6,0.2,impressions,1.0,3300000,0.95,1.0,44000,0.95,965.84,12072.96,0.92
1,2025-06-02,Ontario,Electronics,Online Video,CAD,167695,6694533,44540.88,0.006653,0.002763,0.009534,238.96,0.4411,3,0.7,impressions,1.0,15400000,1.15,1.0,121000,1.1,13362.26,75719.5,1.034
2,2025-06-09,Ontario,Electronics,Online Video,CAD,196000,6750146,45841.53,0.006791,0.002702,0.008298,239.59,0.4811,3,0.7,impressions,1.0,15400000,1.15,1.0,121000,1.1,13752.46,77930.6,0.948
3,2025-06-16,Ontario,Electronics,Online Video,CAD,175351,5781913,38702.91,0.006694,0.003014,0.008432,250.4,0.4712,3,0.7,impressions,1.0,15400000,1.15,1.0,121000,1.1,11610.87,65794.95,1.085
4,2025-06-23,Ontario,Electronics,Online Video,CAD,169168,8473708,65145.53,0.007688,0.002957,0.00979,250.67,0.4309,3,0.7,impressions,1.0,15400000,1.15,1.0,121000,1.1,19543.66,110747.41,0.95
5,2025-06-30,Ontario,Electronics,Online Video,CAD,174464,5820189,38309.38,0.006582,0.003171,0.008881,253.78,0.4709,3,0.7,impressions,1.0,15400000,1.15,1.0,121000,1.1,11492.81,65125.94,0.944
6,2025-07-07,Ontario,Electronics,Online Video,CAD,172048,5841673,42639.49,0.007299,0.002928,0.009474,254.06,0.4056,3,0.7,impressions,1.0,15400000,1.15,1.0,121000,1.1,12791.85,72487.13,0.954
7,2025-07-14,Ontario,Electronics,Online Video,CAD,166036,6385457,40900.47,0.006405,0.002788,0.008839,256.25,0.4759,3,0.7,impressions,1.0,15400000,1.15,1.0,121000,1.1,12270.14,69530.79,1.078
8,2025-07-21,Ontario,Electronics,Online Video,CAD,183535,7725034,56288.43,0.007286,0.003279,0.008464,258.55,0.4536,3,0.7,impressions,1.0,15400000,1.15,1.0,121000,1.1,16886.53,95690.33,1.002
9,2025-07-28,Ontario,Electronics,Online Video,CAD,168307,6529446,47935.51,0.007341,0.00294,0.009774,243.53,0.4577,3,0.7,impressions,1.0,15400000,1.15,1.0,121000,1.1,14380.65,81490.37,0.972
10,2025-08-04,Ontario,Electronics,Online Video,CAD,177048,6352007,41947.36,0.006604,0.003243,0.009121,240.57,0.4516,3,0.7,impressions,1.0,15400000,1.15,1.0,121000,1.1,12584.21,71310.52,1.026
11,2025-08-11,Ontario,Electronics,Online Video,CAD,192326,5841676,41270.18,0.007065,0.002741,0.008361,239.05,0.4843,3,0.7,impressions,1.0,15400000,1.15,1.0,121000,1.1,12381.05,70159.3,0.978
12,2025-08-18,Ontario,Electronics,Online Video,CAD,196232,8156797,57091.44,0.006999,0.00294,0.009477,255.64,0.4505,3,0.7,impressions,1.0,15400000,1.15,1.0,121000,1.1,17127.43,97055.44,1.021
13,2025-08-25,Ontario,Electronics,Online Video,CAD,178146,5771366,44028.14,0.007629,0.003069,0.009521,246.92,0.4569,3,0.7,impressions,1.0,15400000,1.15,1.0,121000,1.1,13208.44,74847.85,0.982
1,2025-06-02,Ontario,Apparel,Paid Search,CAD,172094,9411255,118154.16,0.012555,0.037347,0.055147,80.91,0.2482,4,0.3,impressions,1.0,11000000,1.1,1.0,132000,1.05,59077.08,177231.24,0.906
2,2025-06-09,Ontario,Apparel,Paid Search,CAD,195835,8284047,98503.22,0.011891,0.034534,0.057249,84.66,0.2585,4,0.3,impressions,1.0,11000000,1.1,1.0,132000,1.05,49251.61,147754.83,0.931
3,2025-06-16,Ontario,Apparel,Paid Search,CAD,167503,8466489,108270.19,0.012788,0.03427,0.056716,87.48,0.2611,4,0.3,impressions,1.0,11000000,1.1,1.0,132000,1.05,54135.09,162405.28,0.943
4,2025-06-23,Ontario,Apparel,Paid Search,CAD,193979,11417719,149386.54,0.013084,0.037554,0.058931,81.4,0.2518,4,0.3,impressions,1.0,11000000,1.1,1.0,132000,1.05,74693.27,224079.8,1.029
5,2025-06-30,Ontario,Apparel,Paid Search,CAD,166128,8451200,94912.37,0.011231,0.03689,0.053454,82.49,0.2256,4,0.3,impressions,1.0,11000000,1.1,1.0,132000,1.05,47456.19,142368.56,0.964
6,2025-07-07,Ontario,Apparel,Paid Search,CAD,205694,8177209,104791.37,0.012815,0.035897,0.059339,82.9,0.2317,4,0.3,impressions,1.0,11000000,1.1,1.0,132000,1.05,52395.68,157187.05,1.01
7,2025-07-14,Ontario,Apparel,Paid Search,CAD,184722,8525949,100166.76,0.011748,0.032778,0.058748,88.39,0.238,4,0.3,impressions,1.0,11000000,1.1,1.0,132000,1.05,50083.38,150250.14,1.079
8,2025-07-21,Ontario,Apparel,Paid Search,CAD,197149,11326997,128360.49,0.011332,0.037581,0.055818,84.18,0.2738,4,0.3,impressions,1.0,11000000,1.1,1.0,132000,1.05,64180.24,192540.73,0.99
9,2025-07-28,Ontario,Apparel,Paid Search,CAD,177312,8678663,108370.56,0.012487,0.035224,0.054218,87.99,0.2504,4,0.3,impressions,1.0,11000000,1.1,1.0,132000,1.05,54185.28,162555.83,0.935
10,2025-08-04,Ontario,Apparel,Paid Search,CAD,190051,9473024,120512.59,0.012722,0.038075,0.052977,86.83,0.2645,4,0.3,impressions,1.0,11000000,1.1,1.0,132000,1.05,60256.29,180768.88,1.08
11,2025-08-11,Ontario,Apparel,Paid Search,CAD,199403,9197218,116376.64,0.012653,0.032674,0.056394,83.06,0.262,4,0.3,impressions,1.0,11000000,1.1,1.0,132000,1.05,58188.32,174564.97,0.963
12,2025-08-18,Ontario,Apparel,Paid Search,CAD,169289,10901366,137070.47,0.012574,0.036271,0.052847,84.69,0.2549,4,0.3,impressions,1.0,11000000,1.1,1.0,132000,1.05,68535.24,205605.71,0.936
13,2025-08-25,Ontario,Apparel,Paid Search,CAD,195197,8637890,110882.28,0.012837,0.032043,0.056299,80.93,0.2283,4,0.3,impressions,1.0,11000000,1.1,1.0,132000,1.05,55441.14,166323.42,0.932
1,2025-06-02,Ontario,Apparel,Display,CAD,189495,12146950,47606.82,0.003919,0.003817,0.011357,82.66,0.2426,5,0.5,impressions,1.0,27500000,1.05,1.0,99000,1.05,19042.73,76170.92,0.916
2,2025-06-09,Ontario,Apparel,Display,CAD,171967,12152335,52834.13,0.004348,0.00411,0.011945,83.21,0.2613,5,0.5,impressions,1.0,27500000,1.05,1.0,99000,1.05,21133.65,84534.61,1.081
3,2025-06-16,Ontario,Apparel,Display,CAD,184486,11195564,41610.38,0.003717,0.003993,0.012429,82.94,0.2543,5,0.5,impressions,1.0,27500000,1.05,1.0,99000,1.05,16644.15,66576.61,0.975
4,2025-06-23,Ontario,Apparel,Display,CAD,166236,14315933,51590.16,0.003604,0.004112,0.011969,86.27,0.2461,5,0.5,impressions,1.0,27500000,1.05,1.0,99000,1.05,20636.06,82544.25,0.944
5,2025-06-30,Ontario,Apparel,Display,CAD,188499,10638008,41977.69,0.003946,0.003779,0.013045,81.11,0.2319,5,0.5,impressions,1.0,27500000,1.05,1.0,99000,1.05,16791.08,67164.3,0.937
6,2025-07-07,Ontario,Apparel,Display,CAD,181500,12130090,51469.2,0.004243,0.003999,0.011688,83.47,0.2479,5,0.5,impressions,1.0,27500000,1.05,1.0,99000,1.05,20587.68,82350.72,1.059
7,2025-07-14,Ontario,Apparel,Display,CAD,170044,12556884,50267.54,0.004003,0.004129,0.011785,88.97,0.2581,5,0.5,impressions,1.0,27500000,1.05,1.0,99000,1.05,20107.01,80428.06,0.997
8,2025-07-21,Ontario,Apparel,Display,CAD,165318,14622003,63958.56,0.004374,0.004327,0.011574,81.58,0.2701,5,0.5,impressions,1.0,27500000,1.05,1.0,99000,1.05,25583.42,102333.7,1.076
9,2025-07-28,Ontario,Apparel,Display,CAD,182787,10713348,39732.01,0.003709,0.003802,0.010853,86.35,0.2739,5,0.5,impressions,1.0,27500000,1.05,1.0,99000,1.05,15892.8,63571.22,0.936
10,2025-08-04,Ontario,Apparel,Display,CAD,184999,12482981,47333.88,0.003792,0.004196,0.011083,82.42,0.2526,5,0.5,impressions,1.0,27500000,1.05,1.0,99000,1.05,18933.55,75734.21,0.912
11,2025-08-11,Ontario,Apparel,Display,CAD,188625,12187707,45164.29,0.003706,0.004051,0.012714,81.37,0.2344,5,0.5,impressions,1.0,27500000,1.05,1.0,99000,1.05,18065.72,72262.86,1.008
12,2025-08-18,Ontario,Apparel,Display,CAD,167548,15022115,65687.32,0.004373,0.0038,0.011597,82.8,0.2701,5,0.5,impressions,1.0,27500000,1.05,1.0,99000,1.05,26274.93,105099.72,0.993
13,2025-08-25,Ontario,Apparel,Display,CAD,203430,12414837,53268.46,0.004291,0.004359,0.011805,82.93,0.2535,5,0.5,impressions,1.0,27500000,1.05,1.0,99000,1.05,21307.38,85229.53,0.997
1,2025-06-02,Ontario,Apparel,Social,CAD,176450,9253489,26390.34,0.002852,0.008224,0.01441,83.12,0.2297,2,0.6,impressions,1.0,19800000,1.1,1.0,88000,1.08,10556.14,42224.54,1.094
2,2025-06-09,Ontario,Apparel,Social,CAD,164501,9964712,32812.13,0.003293,0.00827,0.015763,82.05,0.2488,2,0.6,impressions,1.0,19800000,1.1,1.0,88000,1.08,13124.85,52499.41,1.043
3,2025-06-16,Ontario,Apparel,Social,CAD,186997,9980907,27904.76,0.002796,0.00736,0.014849,88.65,0.2592,2,0.6,impressions,1.0,19800000,1.1,1.0,88000,1.08,11161.9,44647.61,0.959
4,2025-06-23,Ontario,Apparel,Social,CAD,198796,11557807,32214.49,0.002787,0.008193,0.015712,86.61,0.2315,2,0.6,impressions,1.0,19800000,1.1,1.0,88000,1.08,12885.8,51543.19,1.032
5,2025-06-30,Ontario,Apparel,Social,CAD,205617,9699772,28495.68,0.002938,0.00821,0.015738,86.62,0.262,2,0.6,impressions,1.0,19800000,1.1,1.0,88000,1.08,11398.27,45593.09,1.091
6,2025-07-07,Ontario,Apparel,Social,CAD,202526,9823215,29724.66,0.003026,0.00786,0.017026,85.1,0.2277,2,0.6,impressions,1.0,19800000,1.1,1.0,88000,1.08,11889.87,47559.46,1.056
7,2025-07-14,Ontario,Apparel,Social,CAD,178415,9833988,28666.76,0.002915,0.008458,0.014912,82.73,0.2408,2,0.6,impressions,1.0,19800000,1.1,1.0,88000,1.08,11466.7,45866.82,1.012
8,2025-07-21,Ontario,Apparel,Social,CAD,199205,11092071,30583.52,0.002757,0.007902,0.015317,88.33,0.2256,2,0.6,impressions,1.0,19800000,1.1,1.0,88000,1.08,12233.41,48933.64,1.099
9,2025-07-28,Ontario,Apparel,Social,CAD,172658,9809324,27819.38,0.002836,0.008363,0.014449,89.01,0.2654,2,0.6,impressions,1.0,19800000,1.1,1.0,88000,1.08,11127.75,44511.01,0.903
10,2025-08-04,Ontario,Apparel,Social,CAD,168977,10087929,27369.55,0.002713,0.007233,0.016358,89.2,0.2342,2,0.6,impressions,1.0,19800000,1.1,1.0,88000,1.08,10947.82,43791.28,1.008
11,2025-08-11,Ontario,Apparel,Social,CAD,203471,9771028,29810.94,0.003051,0.007329,0.016854,81.48,0.2674,2,0.6,impressions,1.0,19800000,1.1,1.0,88000,1.08,11924.38,47697.51,1.083
12,2025-08-18,Ontario,Apparel,Social,CAD,196634,11674959,32369.7,0.002773,0.008673,0.014649,89.15,0.2494,2,0.6,impressions,1.0,19800000,1.1,1.0,88000,1.08,12947.88,51791.51,0.953
13,2025-08-25,Ontario,Apparel,Social,CAD,184107,9512053,30158.52,0.003171,0.008364,0.017079,83.08,0.2451,2,0.6,impressions,1.0,19800000,1.1,1.0,88000,1.08,12063.41,48253.63,0.933
1,2025-06-02,Ontario,Apparel,Affiliate,CAD,191840,5037338,30415.7,0.006038,0.017829,0.030065,87.72,0.2509,4,0.4,impressions,1.0,6600000,1.0,1.0,66000,1.0,9124.71,54748.26,1.059
2,2025-06-09,Ontario,Apparel,Affiliate,CAD,187889,5761960,32130.57,0.005576,0.01735,0.030872,83.66,0.2705,4,0.4,impressions,1.0,6600000,1.0,1.0,66000,1.0,9639.17,57835.02,1.04
3,2025-06-16,Ontario,Apparel,Affiliate,CAD,181026,4868246,29150.39,0.005988,0.019274,0.032751,85.52,0.2458,4,0.4,impressions,1.0,6600000,1.0,1.0,66000,1.0,8745.12,52470.71,1.058
4,2025-06-23,Ontario,Apparel,Affiliate,CAD,202509,6370445,34793.84,0.005462,0.019098,0.032354,85.23,0.2304,4,0.4,impressions,1.0,6600000,1.0,1.0,66000,1.0,10438.15,62628.92,0.999
5,2025-06-30,Ontario,Apparel,Affiliate,CAD,164904,5138530,30318.31,0.0059,0.018931,0.027386,86.48,0.2317,4,0.4,impressions,1.0,6600000,1.0,1.0,66000,1.0,9095.49,54572.96,1.03
6,2025-07-07,Ontario,Apparel,Affiliate,CAD,185321,5406178,35516.14,0.00657,0.019695,0.031962,87.94,0.2678,4,0.4,impressions,1.0,6600000,1.0,1.0,66000,1.0,10654.84,63929.06,0.981
7,2025-07-14,Ontario,Apparel,Affiliate,CAD,194798,5831727,31884.79,0.005467,0.019145,0.028092,88.81,0.2252,4,0.4,impressions,1.0,6600000,1.0,1.0,66000,1.0,9565.44,57392.63,0.966
8,2025-07-21,Ontario,Apparel,Affiliate,CAD,163886,6436325,36651.23,0.005694,0.018712,0.031907,87.3,0.2652,4,0.4,impressions,1.0,6600000,1.0,1.0,66000,1.0,10995.37,65972.22,0.941
9,2025-07-28,Ontario,Apparel,Affiliate,CAD,182395,5060111,31733.01,0.006271,0.016922,0.027391,83.98,0.2692,4,0.4,impressions,1.0,6600000,1.0,1.0,66000,1.0,9519.9,57119.42,1.028
10,2025-08-04,Ontario,Apparel,Affiliate,CAD,182026,4876170,28516.96,0.005848,0.019359,0.030148,88.12,0.2405,4,0.4,impressions,1.0,6600000,1.0,1.0,66000,1.0,8555.09,51330.53,1.057
11,2025-08-11,Ontario,Apparel,Affiliate,CAD,181821,5088505,31107.85,0.006113,0.016311,0.030515,88.64,0.2393,4,0.4,impressions,1.0,6600000,1.0,1.0,66000,1.0,9332.35,55994.12,0.971
12,2025-08-18,Ontario,Apparel,Affiliate,CAD,206311,6682405,42170.69,0.006311,0.018851,0.030851,87.72,0.2711,4,0.4,impressions,1.0,6600000,1.0,1.0,66000,1.0,12651.21,75907.24,0.943
13,2025-08-25,Ontario,Apparel,Affiliate,CAD,194953,5782043,36891.06,0.00638,0.018772,0.030204,84.8,0.2642,4,0.4,impressions,1.0,6600000,1.0,1.0,66000,1.0,11067.32,66403.9,1.055
1,2025-06-02,Ontario,Apparel,Email,CAD,163997,2826739,4642.33,0.001642,0.045672,0.03764,86.64,0.2531,6,0.2,impressions,1.0,3300000,0.95,1.0,44000,0.95,928.47,11605.82,0.974
2,2025-06-09,Ontario,Apparel,Email,CAD,188432,2752944,3859.47,0.001402,0.049989,0.037692,85.07,0.2543,6,0.2,impressions,1.0,3300000,0.95,1.0,44000,0.95,771.89,9648.66,1.08
3,2025-06-16,Ontario,Apparel,Email,CAD,188464,2890086,4705.58,0.001628,0.049732,0.042859,81.54,0.2298,6,0.2,impressions,1.0,3300000,0.95,1.0,44000,0.95,941.12,11763.96,0.985
4,2025-06-23,Ontario,Apparel,Email,CAD,166905,4004319,5408.33,0.001351,0.048265,0.041128,88.98,0.2366,6,0.2,impressions,1.0,3300000,0.95,1.0,44000,0.95,1081.67,13520.83,0.948
5,2025-06-30,Ontario,Apparel,Email,CAD,178323,3004056,4059.62,0.001351,0.047349,0.043969,86.19,0.2685,6,0.2,impressions,1.0,3300000,0.95,1.0,44000,0.95,811.92,10149.05,1.092
6,2025-07-07,Ontario,Apparel,Email,CAD,200130,2874857,4375.53,0.001522,0.053935,0.039472,88.97,0.2741,6,0.2,impressions,1.0,3300000,0.95,1.0,44000,0.95,875.11,10938.82,0.96
7,2025-07-14,Ontario,Apparel,Email,CAD,180130,2747841,3882.03,0.001413,0.048718,0.037319,86.33,0.2505,6,0.2,impressions,1.0,3300000,0.95,1.0,44000,0.95,776.41,9705.07,0.975
8,2025-07-21,Ontario,Apparel,Email,CAD,205499,3820112,5601.77,0.001466,0.054874,0.042829,88.52,0.2421,6,0.2,impressions,1.0,3300000,0.95,1.0,44000,0.95,1120.35,14004.43,0.978
9,2025-07-28,Ontario,Apparel,Email,CAD,204193,2876780,4113.49,0.00143,0.051799,0.038367,85.63,0.274,6,0.2,impressions,1.0,3300000,0.95,1.0,44000,0.95,822.7,10283.72,1.083
10,2025-08-04,Ontario,Apparel,Email,CAD,195869,3190739,4923.28,0.001543,0.047538,0.039215,85.15,0.2298,6,0.2,impressions,1.0,3300000,0.95,1.0,44000,0.95,984.66,12308.2,0.988
11,2025-08-11,Ontario,Apparel,Email,CAD,185911,2809550,4210.36,0.001499,0.051182,0.036701,88.66,0.2698,6,0.2,impressions,1.0,3300000,0.95,1.0,44000,0.95,842.07,10525.91,1.039
12,2025-08-18,Ontario,Apparel,Email,CAD,171328,3397049,5101.12,0.001502,0.0484,0.036519,85.86,0.2253,6,0.2,impressions,1.0,3300000,0.95,1.0,44000,0.95,1020.22,12752.8,0.97
13,2025-08-25,Ontario,Apparel,Email,CAD,204877,2901363,4157.23,0.001433,0.050411,0.038351,88.14,0.2323,6,0.2,impressions,1.0,3300000,0.95,1.0,44000,0.95,831.45,10393.08,1.025
1,2025-06-02,Ontario,Apparel,Online Video,CAD,182797,5801762,36713.0,0.006328,0.00313,0.008876,86.24,0.2566,3,0.7,impressions,1.0,15400000,1.15,1.0,121000,1.1,11013.9,62412.1,1.083
2,2025-06-09,Ontario,Apparel,Online Video,CAD,178445,6618264,45967.45,0.006946,0.002823,0.00893,87.64,0.2662,3,0.7,impressions,1.0,15400000,1.15,1.0,121000,1.1,13790.23,78144.66,0.914
3,2025-06-16,Ontario,Apparel,Online Video,CAD,186263,6458656,47043.85,0.007284,0.00291,0.009324,88.95,0.2477,3,0.7,impressions,1.0,15400000,1.15,1.0,121000,1.1,14113.16,79974.55,0.93
4,2025-06-23,Ontario,Apparel,Online Video,CAD,172911,8075747,61626.42,0.007631,0.002977,0.009081,83.87,0.274,3,0.7,impressions,1.0,15400000,1.15,1.0,121000,1.1,18487.93,104764.92,0.938
5,2025-06-30,Ontario,Apparel,Online Video,CAD,196190,6506062,41187.91,0.006331,0.002785,0.008915,84.53,0.2744,3,0.7,impressions,1.0,15400000,1.15,1.0,121000,1.1,12356.37,70019.44,0.924
6,2025-07-07,Ontario,Apparel,Online Video,CAD,185131,6402799,48352.25,0.007552,0.002984,0.008615,82.29,0.2479,3,0.7,impressions,1.0,15400000,1.15,1.0,121000,1.1,14505.68,82198.83,1.066
7,2025-07-14,Ontario,Apparel,Online Video,CAD,195902,5699850,42229.72,0.007409,0.002839,0.008779,85.24,0.2451,3,0.7,impressions,1.0,15400000,1.15,1.0,121000,1.1,12668.92,71790.53,1.094
8,2025-07-21,Ontario,Apparel,Online Video,CAD,184189,8253682,57970.78,0.007024,0.003072,0.009642,82.72,0.2257,3,0.7,impressions,1.0,15400000,1.15,1.0,121000,1.1,17391.23,98550.32,1.056
9,2025-07-28,Ontario,Apparel,Online Video,CAD,201279,6262882,43930.6,0.007014,0.003117,0.009878,84.38,0.2393,3,0.7,impressions,1.0,15400000,1.15,1.0,121000,1.1,13179.18,74682.01,0.908
10,2025-08-04,Ontario,Apparel,Online Video,CAD,164254,6010735,42898.31,0.007137,0.003287,0.009888,83.57,0.2362,3,0.7,impressions,1.0,15400000,1.15,1.0,121000,1.1,12869.49,72927.14,0.995
11,2025-08-11,Ontario,Apparel,Online Video,CAD,193280,6888178,46982.2,0.006821,0.002734,0.009393,82.44,0.2522,3,0.7,impressions,1.0,15400000,1.15,1.0,121000,1.1,14094.66,79869.75,0.998
12,2025-08-18,Ontario,Apparel,Online Video,CAD,204344,7689323,58042.31,0.007548,0.003166,0.009427,82.49,0.2679,3,0.7,impressions,1.0,15400000,1.15,1.0,121000,1.1,17412.69,98671.93,0.956
13,2025-08-25,Ontario,Apparel,Online Video,CAD,181987,5937845,38617.89,0.006504,0.003256,0.009835,89.03,0.2293,3,0.7,impressions,1.0,15400000,1.15,1.0,121000,1.1,11585.37,65650.41,1.099
1,2025-06-02,Ontario,Home & Garden,Paid Search,CAD,175634,7483059,93288.45,0.012467,0.03492,0.055555,167.49,0.317,4,0.3,impressions,1.0,10000000,1.1,1.0,120000,1.05,46644.23,139932.68,0.92
2,2025-06-09,Ontario,Home & Garden,Paid Search,CAD,179890,8025568,91634.1,0.011418,0.036011,0.051488,166.21,0.2896,4,0.3,impressions,1.0,10000000,1.1,1.0,120000,1.05,45817.05,137451.16,0.915
3,2025-06-16,Ontario,Home & Garden,Paid Search,CAD,196153,8368108,108364.34,0.01295,0.03404,0.053989,157.19,0.2928,4,0.3,impressions,1.0,10000000,1.1,1.0,120000,1.05,54182.17,162546.51,1.06
4,2025-06-23,Ontario,Home & Garden,Paid Search,CAD,175631,9631871,113446.68,0.011778,0.038176,0.058251,165.14,0.3005,4,0.3,impressions,1.0,10000000,1.1,1.0,120000,1.05,56723.34,170170.02,0.945
5,2025-06-30,Ontario,Home & Garden,Paid Search,CAD,199822,8057444,88242.12,0.010952,0.032515,0.051529,166.22,0.3259,4,0.3,impressions,1.0,10000000,1.1,1.0,120000,1.05,44121.06,132363.19,0.937
6,2025-07-07,Ontario,Home & Garden,Paid Search,CAD,175918,7196995,78887.67,0.010961,0.037812,0.05507,154.26,0.2885,4,0.3,impressions,1.0,10000000,1.1,1.0,120000,1.05,39443.84,118331.51,0.912
7,2025-07-14,Ontario,Home & Garden,Paid Search,CAD,200671,8215873,108338.49,0.013186,0.033152,0.052422,155.77,0.2844,4,0.3,impressions,1.0,10000000,1.1,1.0,120000,1.05,54169.25,162507.74,0.977
8,2025-07-21,Ontario,Home & Garden,Paid Search,CAD,192280,9812160,110610.89,0.011273,0.037629,0.053242,157.27,0.3066,4,0.3,impressions,1.0,10000000,1.1,1.0,120000,1.05,55305.45,165916.34,0.947
9,2025-07-28,Ontario,Home & Garden,Paid Search,CAD,199617,7506122,89278.45,0.011894,0.036407,0.053322,160.92,0.3112,4,0.3,impressions,1.0,10000000,1.1,1.0,120000,1.05,44639.22,133917.67,1.044
10,2025-08-04,Ontario,Home & Garden,Paid Search,CAD,169414,7972622,98824.74,0.012396,0.033139,0.060225,159.24,0.2795,4,0.3,impressions,1.0,10000000,1.1,1.0,120000,1.05,49412.37,148237.11,0.986
11,2025-08-11,Ontario,Home & Garden,Paid Search,CAD,196755,7831277,88193.65,0.011262,0.034361,0.057419,165.15,0.2896,4,0.3,impressions,1.0,10000000,1.1,1.0,120000,1.05,44096.82,132290.47,1.025
12,2025-08-18,Ontario,Home & Garden,Paid Search,CAD,188090,10535006,121509.58,0.011534,0.033656,0.053748,161.52,0.29,4,0.3,impressions,1.0,10000000,1.1,1.0,120000,1.05,60754.79,182264.37,0.929
13,2025-08-25,Ontario,Home & Garden,Paid Search,CAD,170512,8323165,97686.92,0.011737,0.033672,0.051936,160.26,0.3004,4,0.3,impressions,1.0,10000000,1.1,1.0,120000,1.05,48843.46,146530.38,1.089
1,2025-06-02,Ontario,Home & Garden,Display,CAD,201768,11081340,45966.98,0.004148,0.003874,0.011521,164.89,0.2927,5,0.5,impressions,1.0,25000000,1.05,1.0,90000,1.05,18386.79,73547.17,1.053
2,2025-06-09,Ontario,Home & Garden,Display,CAD,181400,11572546,48831.34,0.00422,0.003627,0.012786,162.71,0.3156,5,0.5,impressions,1.0,25000000,1.05,1.0,90000,1.05,19532.54,78130.14,0.913
3,2025-06-16,Ontario,Home & Garden,Display,CAD,198989,10951554,42003.59,0.003835,0.003969,0.010911,161.39,0.2886,5,0.5,impressions,1.0,25000000,1.05,1.0,90000,1.05,16801.44,67205.75,0.984
4,2025-06-23,Ontario,Home & Garden,Display,CAD,175729,12898946,55105.47,0.004272,0.00432,0.010992,165.26,0.2893,5,0.5,impressions,1.0,25000000,1.05,1.0,90000,1.05,22042.19,88168.74,1.062
5,2025-06-30,Ontario,Home & Garden,Display,CAD,169147,11613450,47314.03,0.004074,0.004265,0.011591,154.22,0.2981,5,0.5,impressions,1.0,25000000,1.05,1.0,90000,1.05,18925.61,75702.46,1.09
6,2025-07-07,Ontario,Home & Garden,Display,CAD,190984,11034570,41309.71,0.003744,0.004259,0.013133,155.42,0.271,5,0.5,impressions,1.0,25000000,1.05,1.0,90000,1.05,16523.88,66095.54,0.936
7,2025-07-14,Ontario,Home & Garden,Display,CAD,178710,10059970,37302.33,0.003708,0.004233,0.011518,158.76,0.2755,5,0.5,impressions,1.0,25000000,1.05,1.0,90000,1.05,14920.93,59683.73,1.07
8,2025-07-21,Ontario,Home & Garden,Display,CAD,192757,14047150,58712.31,0.00418,0.004234,0.011863,161.1,0.2905,5,0.5,impressions,1.0,25000000,1.05,1.0,90000,1.05,23484.92,93939.7,1.024
9,2025-07-28,Ontario,Home & Garden,Display,CAD,177402,11370766,44432.82,0.003908,0.004094,0.012439,165.91,0.2797,5,0.5,impressions,1.0,25000000,1.05,1.0,90000,1.05,17773.13,71092.51,0.925
10,2025-08-04,Ontario,Home & Garden,Display,CAD,171425,10155040,43183.29,0.004252,0.00408,0.011702,158.89,0.3101,5,0.5,impressions,1.0,25000000,1.05,1.0,90000,1.05,17273.32,69093.26,0.978
11,2025-08-11,Ontario,Home & Garden,Display,CAD,167306,11471369,46603.19,0.004063,0.004085,0.012377,167.81,0.3115,5,0.5,impressions,1.0,25000000,1.05,1.0,90000,1.05,18641.27,74565.1,0.912
12,2025-08-18,Ontario,Home & Garden,Display,CAD,205709,14099172,56688.47,0.004021,0.003849,0.011128,160.3,0.3045,5,0.5,impressions,1.0,25000000,1.05,1.0,90000,1.05,22675.39,90701.55,1.076
13,2025-08-25,Ontario,Home & Garden,Display,CAD,172226,10672494,40605.19,0.003805,0.003695,0.011612,154.83,0.3027,5,0.5,impressions,1.0,25000000,1.05,1.0,90000,1.05,16242.08,64968.31,1.042
1,2025-06-02,Ontario,Home & Garden,Social,CAD,173415,8531824,25061.85,0.002937,0.008373,0.014467,166.24,0.3012,2,0.6,impressions,1.0,18000000,1.1,1.0,80000,1.08,10024.74,40098.95,0.949
2,2025-06-09,Ontario,Home & Garden,Social,CAD,163767,9295240,25580.45,0.002752,0.00736,0.017015,156.68,0.2727,2,0.6,impressions,1.0,18000000,1.1,1.0,80000,1.08,10232.18,40928.72,0.962
3,2025-06-16,Ontario,Home & Garden,Social,CAD,177661,9634201,27644.02,0.002869,0.008117,0.015711,156.4,0.3179,2,0.6,impressions,1.0,18000000,1.1,1.0,80000,1.08,11057.61,44230.43,0.908
4,2025-06-23,Ontario,Home & Garden,Social,CAD,201862,12112814,36719.05,0.003031,0.007259,0.016829,164.54,0.3118,2,0.6,impressions,1.0,18000000,1.1,1.0,80000,1.08,14687.62,58750.48,1.058
5,2025-06-30,Ontario,Home & Garden,Social,CAD,191502,8247531,24777.37,0.003004,0.00796,0.015386,160.03,0.3066,2,0.6,impressions,1.0,18000000,1.1,1.0,80000,1.08,9910.95,39643.78,0.991
6,2025-07-07,Ontario,Home & Garden,Social,CAD,172124,8778811,25990.87,0.002961,0.008192,0.015167,155.36,0.3225,2,0.6,impressions,1.0,18000000,1.1,1.0,80000,1.08,10396.35,41585.4,0.908
7,2025-07-14,Ontario,Home & Garden,Social,CAD,174384,9077512,29899.05,0.003294,0.008281,0.015087,160.54,0.2873,2,0.6,impressions,1.0,18000000,1.1,1.0,80000,1.08,11959.62,47838.48,1.064
8,2025-07-21,Ontario,Home & Garden,Social,CAD,195186,10860190,33265.71,0.003063,0.007693,0.017562,165.51,0.2744,2,0.6,impressions,1.0,18000000,1.1,1.0,80000,1.08,13306.28,53225.13,1.031
9,2025-07-28,Ontario,Home & Garden,Social,CAD,171332,8463935,24190.49,0.002858,0.007511,0.01554,161.81,0.2907,2,0.6,impressions,1.0,18000000,1.1,1.0,80000,1.08,9676.19,38704.78,0.982
10,2025-08-04,Ontario,Home & Garden,Social,CAD,172409,8585044,23975.46,0.002793,0.007513,0.01748,166.61,0.2957,2,0.6,impressions,1.0,18000000,1.1,1.0,80000,1.08,9590.18,38360.74,1.027
11,2025-08-11,Ontario,Home & Garden,Social,CAD,189614,8678636,23722.39,0.002733,0.008297,0.015896,166.7,0.3288,2,0.6,impressions,1.0,18000000,1.1,1.0,80000,1.08,9488.96,37955.83,0.99
12,2025-08-18,Ontario,Home & Garden,Social,CAD,201634,11383921,33851.69,0.002974,0.007715,0.014647,165.09,0.271,2,0.6,impressions,1.0,18000000,1.1,1.0,80000,1.08,13540.68,54162.7,0.944
13,2025-08-25,Ontario,Home & Garden,Social,CAD,201334,8610803,24567.07,0.002853,0.007493,0.016871,155.07,0.2927,2,0.6,impressions,1.0,18000000,1.1,1.0,80000,1.08,9826.83,39307.31,1.024
1,2025-06-02,Ontario,Home & Garden,Affiliate,CAD,205079,5287727,34606.9,0.006545,0.017661,0.030206,153.81,0.2825,4,0.4,impressions,1.0,6000000,1.0,1.0,60000,1.0,10382.07,62292.41,0.935
2,2025-06-09,Ontario,Home & Garden,Affiliate,CAD,183833,4412172,24088.97,0.00546,0.016722,0.029527,162.48,0.2746,4,0.4,impressions,1.0,6000000,1.0,1.0,60000,1.0,7226.69,43360.14,1.092
3,2025-06-16,Ontario,Home & Garden,Affiliate,CAD,170773,4729513,31203.19,0.006598,0.017736,0.029139,160.51,0.2925,4,0.4,impressions,1.0,6000000,1.0,1.0,60000,1.0,9360.96,56165.74,1.002
4,2025-06-23,Ontario,Home & Garden,Affiliate,CAD,168918,5615866,31407.56,0.005593,0.01778,0.028625,156.98,0.3005,4,0.4,impressions,1.0,6000000,1.0,1.0,60000,1.0,9422.27,56533.61,1.09
5,2025-06-30,Ontario,Home & Garden,Affiliate,CAD,191298,5081963,31669.3,0.006232,0.018154,0.027381,152.99,0.3143,4,0.4,impressions,1.0,6000000,1.0,1.0,60000,1.0,9500.79,57004.73,1.046
6,2025-07-07,Ontario,Home & Garden,Affiliate,CAD,205534,4842783,26945.37,0.005564,0.016517,0.031361,157.43,0.3266,4,0.4,impressions,1.0,6000000,1.0,1.0,60000,1.0,8083.61,48501.67,0.918
7,2025-07-14,Ontario,Home & Garden,Affiliate,CAD,195693,4606547,28359.07,0.006156,0.017919,0.027374,153.26,0.2805,4,0.4,impressions,1.0,6000000,1.0,1.0,60000,1.0,8507.72,51046.32,0.933
8,2025-07-21,Ontario,Home & Garden,Affiliate,CAD,166577,5679941,30911.91,0.005442,0.019248,0.027791,158.32,0.3288,4,0.4,impressions,1.0,6000000,1.0,1.0,60000,1.0,9273.57,55641.43,1.05
9,2025-07-28,Ontario,Home & Garden,Affiliate,CAD,196609,4793079,27033.03,0.00564,0.017324,0.031304,159.36,0.2859,4,0.4,impressions,1.0,6000000,1.0,1.0,60000,1.0,8109.91,48659.45,1.052
10,2025-08-04,Ontario,Home & Garden,Affiliate,CAD,164094,4957415,28339.27,0.005717,0.018057,0.03257,155.84,0.3068,4,0.4,impressions,1.0,6000000,1.0,1.0,60000,1.0,8501.78,51010.68,1.022
11,2025-08-11,Ontario,Home & Garden,Affiliate,CAD,195699,4972002,31670.29,0.00637,0.017548,0.031485,160.83,0.2701,4,0.4,impressions,1.0,6000000,1.0,1.0,60000,1.0,9501.09,57006.53,0.95
12,2025-08-18,Ontario,Home & Garden,Affiliate,CAD,204740,6232442,35884.77,0.005758,0.017873,0.032794,155.57,0.2827,4,0.4,impressions,1.0,6000000,1.0,1.0,60000,1.0,10765.43,64592.59,1.022
13,2025-08-25,Ontario,Home & Garden,Affiliate,CAD,181357,4970260,30566.16,0.00615,0.017292,0.030831,161.55,0.2796,4,0.4,impressions,1.0,6000000,1.0,1.0,60000,1.0,9169.85,55019.09,0.904
1,2025-06-02,Ontario,Home & Garden,Email,CAD,167144,2762733,4019.56,0.001455,0.050398,0.043914,167.45,0.2758,6,0.2,impressions,1.0,3000000,0.95,1.0,40000,0.95,803.91,10048.9,0.955
2,2025-06-09,Ontario,Home & Garden,Email,CAD,182347,2857722,4522.53,0.001583,0.050708,0.040742,161.84,0.3056,6,0.2,impressions,1.0,3000000,0.95,1.0,40000,0.95,904.51,11306.32,0.945
3,2025-06-16,Ontario,Home & Garden,Email,CAD,188336,2432027,3803.27,0.001564,0.046618,0.0392,152.68,0.2777,6,0.2,impressions,1.0,3000000,0.95,1.0,40000,0.95,760.65,9508.17,0.949
4,2025-06-23,Ontario,Home & Garden,Email,CAD,204083,3089939,4877.14,0.001578,0.046663,0.040742,157.31,0.3047,6,0.2,impressions,1.0,3000000,0.95,1.0,40000,0.95,975.43,12192.85,0.967
5,2025-06-30,Ontario,Home & Garden,Email,CAD,202281,2421849,3835.35,0.001584,0.054975,0.043829,152.32,0.3026,6,0.2,impressions,1.0,3000000,0.95,1.0,40000,0.95,767.07,9588.38,1.058
6,2025-07-07,Ontario,Home & Garden,Email,CAD,190593,2623468,3952.65,0.001507,0.054723,0.040867,160.3,0.2932,6,0.2,impressions,1.0,3000000,0.95,1.0,40000,0.95,790.53,9881.63,1.087
7,2025-07-14,Ontario,Home & Garden,Email,CAD,182064,2713695,4365.88,0.001609,0.050959,0.042857,160.3,0.2908,6,0.2,impressions,1.0,3000000,0.95,1.0,40000,0.95,873.18,10914.71,0.916
8,2025-07-21,Ontario,Home & Garden,Email,CAD,187638,3459943,4721.28,0.001365,0.048778,0.043953,163.15,0.3205,6,0.2,impressions,1.0,3000000,0.95,1.0,40000,0.95,944.26,11803.19,1.042
9,2025-07-28,Ontario,Home & Garden,Email,CAD,164460,2656531,4353.29,0.001639,0.049293,0.036731,158.92,0.3099,6,0.2,impressions,1.0,3000000,0.95,1.0,40000,0.95,870.66,10883.22,1.091
10,2025-08-04,Ontario,Home & Garden,Email,CAD,166803,2698803,4438.17,0.001644,0.052925,0.037193,163.79,0.2983,6,0.2,impressions,1.0,3000000,0.95,1.0,40000,0.95,887.63,11095.42,1.012
11,2025-08-11,Ontario,Home & Garden,Email,CAD,201979,2507763,3801.29,0.001516,0.045737,0.040359,165.99,0.3135,6,0.2,impressions,1.0,3000000,0.95,1.0,40000,0.95,760.26,9503.22,1.015
12,2025-08-18,Ontario,Home & Garden,Email,CAD,175603,3656185,5876.7,0.001607,0.051064,0.037352,166.9,0.3165,6,0.2,impressions,1.0,3000000,0.95,1.0,40000,0.95,1175.34,14691.76,1.072
13,2025-08-25,Ontario,Home & Garden,Email,CAD,170993,2390516,3706.83,0.001551,0.049889,0.037311,162.95,0.2872,6,0.2,impressions,1.0,3000000,0.95,1.0,40000,0.95,741.37,9267.08,0.98
1,2025-06-02,Ontario,Home & Garden,Online Video,CAD,204822,5513792,37758.15,0.006848,0.002801,0.008449,167.39,0.3159,3,0.7,impressions,1.0,14000000,1.15,1.0,110000,1.1,11327.45,64188.86,1.029
2,2025-06-09,Ontario,Home & Garden,Online Video,CAD,185761,5751913,39544.64,0.006875,0.002973,0.008943,155.73,0.2932,3,0.7,impressions,1.0,14000000,1.15,1.0,110000,1.1,11863.39,67225.9,1.052
3,2025-06-16,Ontario,Home & Garden,Online Video,CAD,198928,6178991,43928.48,0.007109,0.002915,0.00939,167.39,0.2931,3,0.7,impressions,1.0,14000000,1.15,1.0,110000,1.1,13178.54,74678.41,1.028
4,2025-06-23,Ontario,Home & Garden,Online Video,CAD,181343,7032583,53660.82,0.00763,0.003093,0.008252,153.71,0.3038,3,0.7,impressions,1.0,14000000,1.15,1.0,110000,1.1,16098.25,91223.39,1.022
5,2025-06-30,Ontario,Home & Garden,Online Video,CAD,194224,5365370,41221.18,0.007683,0.003245,0.008924,161.48,0.2796,3,0.7,impressions,1.0,14000000,1.15,1.0,110000,1.1,12366.35,70076.0,0.91
6,2025-07-07,Ontario,Home & Garden,Online Video,CAD,173336,5334988,36846.13,0.006907,0.002988,0.008367,164.0,0.2975,3,0.7,impressions,1.0,14000000,1.15,1.0,110000,1.1,11053.84,62638.42,0.974
7,2025-07-14,Ontario,Home & Garden,Online Video,CAD,177021,5621616,40197.63,0.007151,0.002742,0.009152,152.99,0.2941,3,0.7,impressions,1.0,14000000,1.15,1.0,110000,1.1,12059.29,68335.97,1.012
8,2025-07-21,Ontario,Home & Garden,Online Video,CAD,175728,7288145,54052.77,0.007417,0.002908,0.00885,154.59,0.3071,3,0.7,impressions,1.0,14000000,1.15,1.0,110000,1.1,16215.83,91889.71,1.046
9,2025-07-28,Ontario,Home & Garden,Online Video,CAD,201349,5867976,42453.26,0.007235,0.003031,0.008959,164.84,0.3284,3,0.7,impressions,1.0,14000000,1.15,1.0,110000,1.1,12735.98,72170.55,0.9
10,2025-08-04,Ontario,Home & Garden,Online Video,CAD,192154,5619639,36144.78,0.006432,0.003018,0.008486,160.51,0.3148,3,0.7,impressions,1.0,14000000,1.15,1.0,110000,1.1,10843.44,61446.13,0.998
11,2025-08-11,Ontario,Home & Garden,Online Video,CAD,166168,5280725,36097.09,0.006836,0.002962,0.008622,157.6,0.3088,3,0.7,impressions,1.0,14000000,1.15,1.0,110000,1.1,10829.13,61365.05,1.032
12,2025-08-18,Ontario,Home & Garden,Online Video,CAD,193615,7847288,51112.68,0.006513,0.003028,0.008874,158.58,0.3174,3,0.7,impressions,1.0,14000000,1.15,1.0,110000,1.1,15333.8,86891.56,0.912
13,2025-08-25,Ontario,Home & Garden,Online Video,CAD,189532,5890000,39706.56,0.006741,0.003102,0.008534,155.13,0.3165,3,0.7,impressions,1.0,14000000,1.15,1.0,110000,1.1,11911.97,67501.15,1.034
1,2025-06-02,Ontario,Grocery,Paid Search,CAD,196665,7582772,93418.3,0.01232,0.033157,0.054391,45.61,0.1588,4,0.3,impressions,1.0,10000000,1.1,1.0,120000,1.05,46709.15,140127.45,0.988
2,2025-06-09,Ontario,Grocery,Paid Search,CAD,169772,8041231,105152.48,0.013077,0.036191,0.054513,43.56,0.1553,4,0.3,impressions,1.0,10000000,1.1,1.0,120000,1.05,52576.24,157728.72,0.913
3,2025-06-16,Ontario,Grocery,Paid Search,CAD,188592,7524771,84635.73,0.011248,0.037094,0.051232,47.15,0.1565,4,0.3,impressions,1.0,10000000,1.1,1.0,120000,1.05,42317.87,126953.6,1.007
4,2025-06-23,Ontario,Grocery,Paid Search,CAD,165102,9153125,117124.58,0.012796,0.037411,0.057523,43.7,0.1542,4,0.3,impressions,1.0,10000000,1.1,1.0,120000,1.05,58562.29,175686.88,1.043
5,2025-06-30,Ontario,Grocery,Paid Search,CAD,203835,8258734,105851.96,0.012817,0.031671,0.055877,44.46,0.1363,4,0.3,impressions,1.0,10000000,1.1,1.0,120000,1.05,52925.98,158777.95,1.043
6,2025-07-07,Ontario,Grocery,Paid Search,CAD,182986,8487329,91976.35,0.010837,0.035549,0.05203,45.88,0.1419,4,0.3,impressions,1.0,10000000,1.1,1.0,120000,1.05,45988.17,137964.52,1.006
7,2025-07-14,Ontario,Grocery,Paid Search,CAD,199088,8627866,106488.25,0.012342,0.036778,0.058074,46.97,0.1645,4,0.3,impressions,1.0,10000000,1.1,1.0,120000,1.05,53244.12,159732.37,1.041
8,2025-07-21,Ontario,Grocery,Paid Search,CAD,168594,9957486,114028.77,0.011452,0.036143,0.050641,42.78,0.1391,4,0.3,impressions,1.0,10000000,1.1,1.0,120000,1.05,57014.39,171043.16,1.08
9,2025-07-28,Ontario,Grocery,Paid Search,CAD,206889,8625593,98309.27,0.011397,0.03714,0.050288,46.44,0.1591,4,0.3,impressions,1.0,10000000,1.1,1.0,120000,1.05,49154.64,147463.91,1.095
10,2025-08-04,Ontario,Grocery,Paid Search,CAD,197726,7973784,100630.62,0.01262,0.034371,0.052254,44.1,0.1592,4,0.3,impressions,1.0,10000000,1.1,1.0,120000,1.05,50315.31,150945.94,0.955
11,2025-08-11,Ontario,Grocery,Paid Search,CAD,194890,8402896,109770.89,0.013063,0.035056,0.055704,43.95,0.1631,4,0.3,impressions,1.0,10000000,1.1,1.0,120000,1.05,54885.45,164656.34,1.057
12,2025-08-18,Ontario,Grocery,Paid Search,CAD,189679,9501819,106940.96,0.011255,0.035738,0.052185,46.65,0.1568,4,0.3,impressions,1.0,10000000,1.1,1.0,120000,1.05,53470.48,160411.44,0.99
13,2025-08-25,Ontario,Grocery,Paid Search,CAD,164110,8062731,92525.05,0.011476,0.032611,0.05535,43.18,0.149,4,0.3,impressions,1.0,10000000,1.1,1.0,120000,1.05,46262.52,138787.57,0.98
1,2025-06-02,Ontario,Grocery,Display,CAD,181777,11200733,41448.65,0.003701,0.003806,0.010874,43.38,0.1405,5,0.5,impressions,1.0,25000000,1.05,1.0,90000,1.05,16579.46,66317.84,0.929
2,2025-06-09,Ontario,Grocery,Display,CAD,186989,10357493,43899.33,0.004238,0.00368,0.011515,44.39,0.1398,5,0.5,impressions,1.0,25000000,1.05,1.0,90000,1.05,17559.73,70238.92,0.906
3,2025-06-16,Ontario,Grocery,Display,CAD,177386,10832109,39079.87,0.003608,0.004102,0.011748,45.78,0.1564,5,0.5,impressions,1.0,25000000,1.05,1.0,90000,1.05,15631.95,62527.8,1.006
4,2025-06-23,Ontario,Grocery,Display,CAD,178681,13943296,56705.49,0.004067,0.00391,0.012481,43.12,0.1543,5,0.5,impressions,1.0,25000000,1.05,1.0,90000,1.05,22682.2,90728.78,1.075
5,2025-06-30,Ontario,Grocery,Display,CAD,184730,11223372,48523.27,0.004323,0.004274,0.01122,44.73,0.1567,5,0.5,impressions,1.0,25000000,1.05,1.0,90000,1.05,19409.31,77637.24,0.98
6,2025-07-07,Ontario,Grocery,Display,CAD,171903,11486720,43713.59,0.003806,0.004332,0.011354,44.38,0.1608,5,0.5,impressions,1.0,25000000,1.05,1.0,90000,1.05,17485.43,69941.74,1.073
7,2025-07-14,Ontario,Grocery,Display,CAD,170440,9815487,40026.83,0.004078,0.003807,0.01313,42.78,0.136,5,0.5,impressions,1.0,25000000,1.05,1.0,90000,1.05,16010.73,64042.93,1.054
8,2025-07-21,Ontario,Grocery,Display,CAD,192051,14495594,59560.8,0.004109,0.003778,0.013126,45.87,0.1415,5,0.5,impressions,1.0,25000000,1.05,1.0,90000,1.05,23824.32,95297.27,1.073
9,2025-07-28,Ontario,Grocery,Display,CAD,178470,10736904,39482.49,0.003677,0.004365,0.011102,46.37,0.161,5,0.5,impressions,1.0,25000000,1.05,1.0,90000,1.05,15793.0,63171.99,1.031
10,2025-08-04,Ontario,Grocery,Display,CAD,199790,11524352,45988.11,0.003991,0.003845,0.011372,43.72,0.1495,5,0.5,impressions,1.0,25000000,1.05,1.0,90000,1.05,18395.25,73580.98,1.088
11,2025-08-11,Ontario,Grocery,Display,CAD,171511,10946913,46520.4,0.00425,0.004245,0.011651,46.9,0.1634,5,0.5,impressions,1.0,25000000,1.05,1.0,90000,1.05,18608.16,74432.64,0.908
12,2025-08-18,Ontario,Grocery,Display,CAD,163086,13872277,55068.47,0.00397,0.003718,0.013117,46.6,0.149,5,0.5,impressions,1.0,25000000,1.05,1.0,90000,1.05,22027.39,88109.54,0.95
13,2025-08-25,Ontario,Grocery,Display,CAD,166408,11230423,41970.53,0.003737,0.003949,0.012314,46.19,0.1459,5,0.5,impressions,1.0,25000000,1.05,1.0,90000,1.05,16788.21,67152.84,1.036
1,2025-06-02,Ontario,Grocery,Social,CAD,162500,7956302,23401.89,0.002941,0.007669,0.016945,45.74,0.163,2,0.6,impressions,1.0,18000000,1.1,1.0,80000,1.08,9360.76,37443.02,1.054
2,2025-06-09,Ontario,Grocery,Social,CAD,199531,8667113,25972.2,0.002997,0.008234,0.015338,42.94,0.1408,2,0.6,impressions,1.0,18000000,1.1,1.0,80000,1.08,10388.88,41555.52,0.996
3,2025-06-16,Ontario,Grocery,Social,CAD,178041,8276603,23880.41,0.002885,0.008138,0.017196,45.9,0.1609,2,0.6,impressions,1.0,18000000,1.1,1.0,80000,1.08,9552.16,38208.66,1.096
4,2025-06-23,Ontario,Grocery,Social,CAD,189846,11067852,30324.45,0.00274,0.008773,0.015114,43.97,0.1469,2,0.6,impressions,1.0,18000000,1.1,1.0,80000,1.08,12129.78,48519.12,1.08
5,2025-06-30,Ontario,Grocery,Social,CAD,179662,8025005,22117.61,0.002756,0.007729,0.01712,42.94,0.1501,2,0.6,impressions,1.0,18000000,1.1,1.0,80000,1.08,8847.05,35388.18,1.079
6,2025-07-07,Ontario,Grocery,Social,CAD,180426,9389342,27054.63,0.002881,0.007586,0.016659,42.95,0.1517,2,0.6,impressions,1.0,18000000,1.1,1.0,80000,1.08,10821.85,43287.41,1.023
7,2025-07-14,Ontario,Grocery,Social,CAD,184253,9232901,26002.86,0.002816,0.00864,0.016927,46.05,0.1501,2,0.6,impressions,1.0,18000000,1.1,1.0,80000,1.08,10401.14,41604.57,0.926
8,2025-07-21,Ontario,Grocery,Social,CAD,182507,11095923,33407.08,0.003011,0.008112,0.015975,46.71,0.1618,2,0.6,impressions,1.0,18000000,1.1,1.0,80000,1.08,13362.83,53451.33,1.003
9,2025-07-28,Ontario,Grocery,Social,CAD,190789,9023913,27880.65,0.00309,0.008031,0.017441,44.0,0.1509,2,0.6,impressions,1.0,18000000,1.1,1.0,80000,1.08,11152.26,44609.03,1.017
10,2025-08-04,Ontario,Grocery,Social,CAD,177483,9354342,27152.9,0.002903,0.007484,0.014507,44.67,0.1369,2,0.6,impressions,1.0,18000000,1.1,1.0,80000,1.08,10861.16,43444.64,1.083
11,2025-08-11,Ontario,Grocery,Social,CAD,180567,7938133,23730.17,0.002989,0.007447,0.014582,43.6,0.1631,2,0.6,impressions,1.0,18000000,1.1,1.0,80000,1.08,9492.07,37968.28,1.085
12,2025-08-18,Ontario,Grocery,Social,CAD,199635,11125098,32059.61,0.002882,0.007815,0.014698,44.99,0.1406,2,0.6,impressions,1.0,18000000,1.1,1.0,80000,1.08,12823.84,51295.37,1.075
13,2025-08-25,Ontario,Grocery,Social,CAD,194250,9405512,26948.43,0.002865,0.007279,0.014915,45.43,0.1458,2,0.6,impressions,1.0,18000000,1.1,1.0,80000,1.08,10779.37,43117.49,0.92
1,2025-06-02,Ontario,Grocery,Affiliate,CAD,187362,4952670,28260.15,0.005706,0.018448,0.027678,43.55,0.1402,4,0.4,impressions,1.0,6000000,1.0,1.0,60000,1.0,8478.04,50868.26,0.935
2,2025-06-09,Ontario,Grocery,Affiliate,CAD,187737,5303739,29257.99,0.005516,0.019765,0.029531,43.29,0.1525,4,0.4,impressions,1.0,6000000,1.0,1.0,60000,1.0,8777.4,52664.38,1.09
3,2025-06-16,Ontario,Grocery,Affiliate,CAD,163317,5192241,31153.49,0.006,0.017799,0.029615,45.89,0.146,4,0.4,impressions,1.0,6000000,1.0,1.0,60000,1.0,9346.05,56076.29,0.988
4,2025-06-23,Ontario,Grocery,Affiliate,CAD,196809,6390273,36624.48,0.005731,0.01804,0.030642,44.67,0.1495,4,0.4,impressions,1.0,6000000,1.0,1.0,60000,1.0,10987.35,65924.07,1.048
5,2025-06-30,Ontario,Grocery,Affiliate,CAD,182355,4659972,29909.56,0.006418,0.01743,0.032997,43.92,0.1409,4,0.4,impressions,1.0,6000000,1.0,1.0,60000,1.0,8972.87,53837.2,1.07
6,2025-07-07,Ontario,Grocery,Affiliate,CAD,192788,4461534,25548.3,0.005726,0.019002,0.032107,45.42,0.1435,4,0.4,impressions,1.0,6000000,1.0,1.0,60000,1.0,7664.49,45986.94,0.929
7,2025-07-14,Ontario,Grocery,Affiliate,CAD,200296,5323299,33921.65,0.006372,0.018604,0.030888,43.38,0.1585,4,0.4,impressions,1.0,6000000,1.0,1.0,60000,1.0,10176.49,61058.97,1.05
8,2025-07-21,Ontario,Grocery,Affiliate,CAD,182194,6525014,40954.9,0.006277,0.018584,0.029531,46.01,0.1539,4,0.4,impressions,1.0,6000000,1.0,1.0,60000,1.0,12286.47,73718.83,0.924
9,2025-07-28,Ontario,Grocery,Affiliate,CAD,186422,5138919,30120.85,0.005861,0.018213,0.02859,42.83,0.1465,4,0.4,impressions,1.0,6000000,1.0,1.0,60000,1.0,9036.25,54217.53,0.902
10,2025-08-04,Ontario,Grocery,Affiliate,CAD,192761,4395859,26256.73,0.005973,0.017891,0.028749,44.57,0.163,4,0.4,impressions,1.0,6000000,1.0,1.0,60000,1.0,7877.02,47262.12,1.07
11,2025-08-11,Ontario,Grocery,Affiliate,CAD,199705,4477443,27032.86,0.006038,0.019653,0.028066,42.95,0.15,4,0.4,impressions,1.0,6000000,1.0,1.0,60000,1.0,8109.86,48659.14,0.923
12,2025-08-18,Ontario,Grocery,Affiliate,CAD,167771,5840664,38349.69,0.006566,0.018048,0.030127,45.7,0.1436,4,0.4,impressions,1.0,6000000,1.0,1.0,60000,1.0,11504.91,69029.44,1.051
13,2025-08-25,Ontario,Grocery,Affiliate,CAD,188424,5289044,28820.05,0.005449,0.018687,0.030659,46.18,0.1543,4,0.4,impressions,1.0,6000000,1.0,1.0,60000,1.0,8646.01,51876.08,0.961
1,2025-06-02,Ontario,Grocery,Email,CAD,165465,2459682,3854.01,0.001567,0.048815,0.037407,45.93,0.141,6,0.2,impressions,1.0,3000000,0.95,1.0,40000,0.95,770.8,9635.03,1.082
2,2025-06-09,Ontario,Grocery,Email,CAD,170216,2835674,4066.79,0.001434,0.047331,0.038753,44.61,0.1564,6,0.2,impressions,1.0,3000000,0.95,1.0,40000,0.95,813.36,10166.96,1.037
3,2025-06-16,Ontario,Grocery,Email,CAD,164002,2455586,3535.25,0.00144,0.048526,0.043844,42.78,0.1505,6,0.2,impressions,1.0,3000000,0.95,1.0,40000,0.95,707.05,8838.12,1.04
4,2025-06-23,Ontario,Grocery,Email,CAD,191962,3424985,5319.23,0.001553,0.052323,0.039686,45.17,0.1539,6,0.2,impressions,1.0,3000000,0.95,1.0,40000,0.95,1063.85,13298.07,0.94
5,2025-06-30,Ontario,Grocery,Email,CAD,173315,2461802,3652.92,0.001484,0.047687,0.03952,46.23,0.146,6,0.2,impressions,1.0,3000000,0.95,1.0,40000,0.95,730.58,9132.29,0.943
6,2025-07-07,Ontario,Grocery,Email,CAD,192142,2895298,4524.16,0.001563,0.052317,0.039763,44.62,0.1617,6,0.2,impressions,1.0,3000000,0.95,1.0,40000,0.95,904.83,11310.4,1.073
7,2025-07-14,Ontario,Grocery,Email,CAD,186429,2787421,4458.41,0.001599,0.050079,0.043477,47.21,0.1537,6,0.2,impressions,1.0,3000000,0.95,1.0,40000,0.95,891.68,11146.03,0.952
8,2025-07-21,Ontario,Grocery,Email,CAD,201805,3283857,4488.32,0.001367,0.048548,0.043152,45.41,0.1462,6,0.2,impressions,1.0,3000000,0.95,1.0,40000,0.95,897.66,11220.81,1.071
9,2025-07-28,Ontario,Grocery,Email,CAD,186440,2430270,3627.51,0.001493,0.050988,0.038183,44.59,0.1456,6,0.2,impressions,1.0,3000000,0.95,1.0,40000,0.95,725.5,9068.78,0.96
10,2025-08-04,Ontario,Grocery,Email,CAD,163090,2644018,3911.43,0.001479,0.051608,0.038554,42.99,0.1648,6,0.2,impressions,1.0,3000000,0.95,1.0,40000,0.95,782.29,9778.56,1.008
11,2025-08-11,Ontario,Grocery,Email,CAD,187758,2780605,4338.5,0.00156,0.053704,0.04218,43.38,0.1547,6,0.2,impressions,1.0,3000000,0.95,1.0,40000,0.95,867.7,10846.25,1.079
12,2025-08-18,Ontario,Grocery,Email,CAD,200603,3261304,5253.54,0.001611,0.04777,0.037937,45.56,0.135,6,0.2,impressions,1.0,3000000,0.95,1.0,40000,0.95,1050.71,13133.85,0.905
13,2025-08-25,Ontario,Grocery,Email,CAD,176940,2668109,4333.54,0.001624,0.045032,0.03825,46.81,0.1506,6,0.2,impressions,1.0,3000000,0.95,1.0,40000,0.95,866.71,10833.86,0.949
1,2025-06-02,Ontario,Grocery,Online Video,CAD,187988,5742430,40095.35,0.006982,0.003189,0.008291,45.6,0.1381,3,0.7,impressions,1.0,14000000,1.15,1.0,110000,1.1,12028.6,68162.09,1.048
2,2025-06-09,Ontario,Grocery,Online Video,CAD,194145,6275873,44541.94,0.007097,0.002841,0.008628,47.17,0.1415,3,0.7,impressions,1.0,14000000,1.15,1.0,110000,1.1,13362.58,75721.3,1.065
3,2025-06-16,Ontario,Grocery,Online Video,CAD,187306,5268432,33616.97,0.006381,0.002754,0.008641,44.42,0.1644,3,0.7,impressions,1.0,14000000,1.15,1.0,110000,1.1,10085.09,57148.85,0.901
4,2025-06-23,Ontario,Grocery,Online Video,CAD,172342,6707228,43472.35,0.006481,0.003128,0.008455,44.27,0.1581,3,0.7,impressions,1.0,14000000,1.15,1.0,110000,1.1,13041.71,73903.0,0.902
5,2025-06-30,Ontario,Grocery,Online Video,CAD,167913,5828611,42594.67,0.007308,0.003281,0.009166,45.68,0.1393,3,0.7,impressions,1.0,14000000,1.15,1.0,110000,1.1,12778.4,72410.94,0.98
6,2025-07-07,Ontario,Grocery,Online Video,CAD,165681,5978455,38660.89,0.006467,0.003041,0.009106,42.9,0.1589,3,0.7,impressions,1.0,14000000,1.15,1.0,110000,1.1,11598.27,65723.52,0.925
7,2025-07-14,Ontario,Grocery,Online Video,CAD,190026,5418509,41693.39,0.007695,0.003236,0.009484,43.89,0.1496,3,0.7,impressions,1.0,14000000,1.15,1.0,110000,1.1,12508.02,70878.77,0.923
8,2025-07-21,Ontario,Grocery,Online Video,CAD,195314,7832262,56948.54,0.007271,0.002776,0.008229,44.97,0.1535,3,0.7,impressions,1.0,14000000,1.15,1.0,110000,1.1,17084.56,96812.51,0.992
9,2025-07-28,Ontario,Grocery,Online Video,CAD,175909,5777066,37305.0,0.006457,0.003291,0.008921,47.22,0.1357,3,0.7,impressions,1.0,14000000,1.15,1.0,110000,1.1,11191.5,63418.51,1.001
10,2025-08-04,Ontario,Grocery,Online Video,CAD,174070,5586639,39551.18,0.00708,0.003035,0.008532,46.15,0.143,3,0.7,impressions,1.0,14000000,1.15,1.0,110000,1.1,11865.35,67237.01,1.064
11,2025-08-11,Ontario,Grocery,Online Video,CAD,185988,5332204,34862.32,0.006538,0.003135,0.009668,43.08,0.1386,3,0.7,impressions,1.0,14000000,1.15,1.0,110000,1.1,10458.7,59265.95,1.094
12,2025-08-18,Ontario,Grocery,Online Video,CAD,164530,7880563,50069.01,0.006353,0.002914,0.009825,46.92,0.1404,3,0.7,impressions,1.0,14000000,1.15,1.0,110000,1.1,15020.7,85117.31,1.09
13,2025-08-25,Ontario,Grocery,Online Video,CAD,189289,6263180,43762.84,0.006987,0.00282,0.008645,44.46,0.155,3,0.7,impressions,1.0,14000000,1.15,1.0,110000,1.1,13128.85,74396.83,1.044
1,2025-06-02,Ontario,Beauty,Paid Search,CAD,172266,8204255,97542.35,0.011889,0.032116,0.056406,62.31,0.2151,4,0.3,impressions,1.0,10000000,1.1,1.0,120000,1.05,48771.18,146313.53,0.952
2,2025-06-09,Ontario,Beauty,Paid Search,CAD,201931,7229853,82487.63,0.011409,0.034133,0.052845,57.3,0.2348,4,0.3,impressions,1.0,10000000,1.1,1.0,120000,1.05,41243.81,123731.44,0.925
3,2025-06-16,Ontario,Beauty,Paid Search,CAD,191832,7582697,91036.8,0.012006,0.031957,0.055693,59.95,0.2233,4,0.3,impressions,1.0,10000000,1.1,1.0,120000,1.05,45518.4,136555.2,1.0
4,2025-06-23,Ontario,Beauty,Paid Search,CAD,186158,10927240,137098.95,0.012547,0.033843,0.058592,59.36,0.2353,4,0.3,impressions,1.0,10000000,1.1,1.0,120000,1.05,68549.48,205648.43,0.943
5,2025-06-30,Ontario,Beauty,Paid Search,CAD,190677,8590466,93775.38,0.010916,0.037911,0.051584,58.96,0.23,4,0.3,impressions,1.0,10000000,1.1,1.0,120000,1.05,46887.69,140663.07,1.09
6,2025-07-07,Ontario,Beauty,Paid Search,CAD,171954,7209600,88318.04,0.01225,0.032147,0.050168,62.8,0.2201,4,0.3,impressions,1.0,10000000,1.1,1.0,120000,1.05,44159.02,132477.06,0.949
7,2025-07-14,Ontario,Beauty,Paid Search,CAD,164435,7234401,93842.79,0.012972,0.033865,0.04998,60.09,0.2275,4,0.3,impressions,1.0,10000000,1.1,1.0,120000,1.05,46921.39,140764.18,1.017
8,2025-07-21,Ontario,Beauty,Paid Search,CAD,191596,9479146,122345.12,0.012907,0.037711,0.055313,61.87,0.2013,4,0.3,impressions,1.0,10000000,1.1,1.0,120000,1.05,61172.56,183517.68,0.989
9,2025-07-28,Ontario,Beauty,Paid Search,CAD,186190,7571093,89857.36,0.011868,0.033535,0.054105,62.46,0.2026,4,0.3,impressions,1.0,10000000,1.1,1.0,120000,1.05,44928.68,134786.04,1.04
10,2025-08-04,Ontario,Beauty,Paid Search,CAD,193202,7842184,99669.93,0.012709,0.035914,0.059858,60.34,0.2074,4,0.3,impressions,1.0,10000000,1.1,1.0,120000,1.05,49834.97,149504.9,1.068
11,2025-08-11,Ontario,Beauty,Paid Search,CAD,164464,7375270,88979.73,0.012065,0.038218,0.05616,57.11,0.2012,4,0.3,impressions,1.0,10000000,1.1,1.0,120000,1.05,44489.87,133469.6,0.98
12,2025-08-18,Ontario,Beauty,Paid Search,CAD,204877,9631918,116407.47,0.012086,0.033858,0.056511,60.58,0.2188,4,0.3,impressions,1.0,10000000,1.1,1.0,120000,1.05,58203.74,174611.21,0.917
13,2025-08-25,Ontario,Beauty,Paid Search,CAD,195376,7808399,93938.07,0.01203,0.038072,0.052924,57.65,0.2011,4,0.3,impressions,1.0,10000000,1.1,1.0,120000,1.05,46969.03,140907.1,0.954
1,2025-06-02,Ontario,Beauty,Display,CAD,172714,10593829,41431.3,0.003911,0.00405,0.011469,62.44,0.2357,5,0.5,impressions,1.0,25000000,1.05,1.0,90000,1.05,16572.52,66290.09,0.939
2,2025-06-09,Ontario,Beauty,Display,CAD,177818,10281544,43660.93,0.004247,0.004363,0.011287,59.21,0.2414,5,0.5,impressions,1.0,25000000,1.05,1.0,90000,1.05,17464.37,69857.49,1.027
3,2025-06-16,Ontario,Beauty,Display,CAD,200690,11100198,46240.82,0.004166,0.004369,0.013143,61.53,0.2228,5,0.5,impressions,1.0,25000000,1.05,1.0,90000,1.05,18496.33,73985.3,0.997
4,2025-06-23,Ontario,Beauty,Display,CAD,182532,12655598,51254.87,0.00405,0.004096,0.01209,62.34,0.2136,5,0.5,impressions,1.0,25000000,1.05,1.0,90000,1.05,20501.95,82007.8,0.942
5,2025-06-30,Ontario,Beauty,Display,CAD,189080,11406645,46698.2,0.004094,0.003999,0.012968,62.13,0.2053,5,0.5,impressions,1.0,25000000,1.05,1.0,90000,1.05,18679.28,74717.12,0.906
6,2025-07-07,Ontario,Beauty,Display,CAD,190391,9524476,34891.33,0.003663,0.004106,0.013083,60.49,0.2383,5,0.5,impressions,1.0,25000000,1.05,1.0,90000,1.05,13956.53,55826.13,0.995
7,2025-07-14,Ontario,Beauty,Display,CAD,184678,10152248,36976.13,0.003642,0.003878,0.012306,61.52,0.1982,5,0.5,impressions,1.0,25000000,1.05,1.0,90000,1.05,14790.45,59161.81,0.975
8,2025-07-21,Ontario,Beauty,Display,CAD,203438,14472633,62925.07,0.004348,0.003846,0.012794,62.24,0.221,5,0.5,impressions,1.0,25000000,1.05,1.0,90000,1.05,25170.03,100680.11,0.982
9,2025-07-28,Ontario,Beauty,Display,CAD,167079,10913891,43473.01,0.003983,0.003827,0.011036,62.68,0.2227,5,0.5,impressions,1.0,25000000,1.05,1.0,90000,1.05,17389.21,69556.82,0.929
10,2025-08-04,Ontario,Beauty,Display,CAD,189027,10807140,42024.94,0.003889,0.003972,0.013083,62.26,0.2033,5,0.5,impressions,1.0,25000000,1.05,1.0,90000,1.05,16809.98,67239.91,1.072
11,2025-08-11,Ontario,Beauty,Display,CAD,186050,9582064,36179.48,0.003776,0.003603,0.011256,62.7,0.2048,5,0.5,impressions,1.0,25000000,1.05,1.0,90000,1.05,14471.79,57887.17,1.006
12,2025-08-18,Ontario,Beauty,Display,CAD,203778,12807134,51623.46,0.004031,0.004275,0.013077,62.58,0.2299,5,0.5,impressions,1.0,25000000,1.05,1.0,90000,1.05,20649.38,82597.54,1.033
13,2025-08-25,Ontario,Beauty,Display,CAD,194796,11244473,44090.14,0.003921,0.003931,0.012433,57.69,0.2296,5,0.5,impressions,1.0,25000000,1.05,1.0,90000,1.05,17636.06,70544.23,0.946
1,2025-06-02,Ontario,Beauty,Social,CAD,190040,8634084,25035.49,0.0029,0.008731,0.014481,58.56,0.2001,2,0.6,impressions,1.0,18000000,1.1,1.0,80000,1.08,10014.19,40056.78,1.077
2,2025-06-09,Ontario,Beauty,Social,CAD,197327,8738940,26052.6,0.002981,0.008784,0.016986,61.34,0.2351,2,0.6,impressions,1.0,18000000,1.1,1.0,80000,1.08,10421.04,41684.16,0.997
3,2025-06-16,Ontario,Beauty,Social,CAD,202944,8925523,27718.33,0.003106,0.007818,0.016083,61.36,0.2137,2,0.6,impressions,1.0,18000000,1.1,1.0,80000,1.08,11087.33,44349.32,1.095
4,2025-06-23,Ontario,Beauty,Social,CAD,198303,10856970,33721.87,0.003106,0.007564,0.015017,59.49,0.1991,2,0.6,impressions,1.0,18000000,1.1,1.0,80000,1.08,13488.75,53955.0,1.059
5,2025-06-30,Ontario,Beauty,Social,CAD,183400,7939441,24197.07,0.003048,0.007991,0.015912,58.32,0.2211,2,0.6,impressions,1.0,18000000,1.1,1.0,80000,1.08,9678.83,38715.31,0.967
6,2025-07-07,Ontario,Beauty,Social,CAD,165256,9034692,26458.11,0.002929,0.00828,0.016443,57.04,0.2091,2,0.6,impressions,1.0,18000000,1.1,1.0,80000,1.08,10583.24,42332.97,0.922
7,2025-07-14,Ontario,Beauty,Social,CAD,175837,9584156,27726.29,0.002893,0.008235,0.016818,59.94,0.2396,2,0.6,impressions,1.0,18000000,1.1,1.0,80000,1.08,11090.52,44362.07,1.062
8,2025-07-21,Ontario,Beauty,Social,CAD,197803,11194249,33432.39,0.002987,0.00815,0.017522,61.65,0.2318,2,0.6,impressions,1.0,18000000,1.1,1.0,80000,1.08,13372.95,53491.82,0.952
9,2025-07-28,Ontario,Beauty,Social,CAD,167965,9018525,29456.11,0.003266,0.007396,0.015761,60.0,0.226,2,0.6,impressions,1.0,18000000,1.1,1.0,80000,1.08,11782.44,47129.78,0.978
10,2025-08-04,Ontario,Beauty,Social,CAD,178954,8346582,23377.2,0.002801,0.008331,0.01751,59.46,0.2022,2,0.6,impressions,1.0,18000000,1.1,1.0,80000,1.08,9350.88,37403.51,1.008
11,2025-08-11,Ontario,Beauty,Social,CAD,173613,9130865,28914.69,0.003167,0.007569,0.015128,62.78,0.2122,2,0.6,impressions,1.0,18000000,1.1,1.0,80000,1.08,11565.88,46263.51,1.086
12,2025-08-18,Ontario,Beauty,Social,CAD,173809,10736313,29305.97,0.00273,0.008277,0.016969,60.59,0.2212,2,0.6,impressions,1.0,18000000,1.1,1.0,80000,1.08,11722.39,46889.56,1.016
13,2025-08-25,Ontario,Beauty,Social,CAD,175989,9016690,27414.71,0.00304,0.00833,0.014506,58.02,0.2042,2,0.6,impressions,1.0,18000000,1.1,1.0,80000,1.08,10965.89,43863.54,0.988
1,2025-06-02,Ontario,Beauty,Affiliate,CAD,173578,5072595,30253.69,0.005964,0.017496,0.03089,62.78,0.2135,4,0.4,impressions,1.0,6000000,1.0,1.0,60000,1.0,9076.11,54456.63,1.002
2,2025-06-09,Ontario,Beauty,Affiliate,CAD,193502,4564747,27233.9,0.005966,0.018189,0.028975,58.68,0.1983,4,0.4,impressions,1.0,6000000,1.0,1.0,60000,1.0,8170.17,49021.03,1.054
3,2025-06-16,Ontario,Beauty,Affiliate,CAD,171259,4942594,26911.63,0.005445,0.017209,0.029448,58.42,0.2323,4,0.4,impressions,1.0,6000000,1.0,1.0,60000,1.0,8073.49,48440.93,0.951
4,2025-06-23,Ontario,Beauty,Affiliate,CAD,202488,6111792,35454.44,0.005801,0.01914,0.028255,60.99,0.2227,4,0.4,impressions,1.0,6000000,1.0,1.0,60000,1.0,10636.33,63817.99,0.944
5,2025-06-30,Ontario,Beauty,Affiliate,CAD,198917,5057117,31045.04,0.006139,0.018869,0.027954,62.22,0.2181,4,0.4,impressions,1.0,6000000,1.0,1.0,60000,1.0,9313.51,55881.07,0.927
6,2025-07-07,Ontario,Beauty,Affiliate,CAD,166658,4607423,28066.78,0.006092,0.018741,0.032519,58.12,0.2036,4,0.4,impressions,1.0,6000000,1.0,1.0,60000,1.0,8420.04,50520.21,1.003
7,2025-07-14,Ontario,Beauty,Affiliate,CAD,164125,5039035,29870.86,0.005928,0.016451,0.02834,59.84,0.2229,4,0.4,impressions,1.0,6000000,1.0,1.0,60000,1.0,8961.26,53767.54,0.916
8,2025-07-21,Ontario,Beauty,Affiliate,CAD,183888,6701109,36522.5,0.00545,0.016419,0.029539,61.48,0.2078,4,0.4,impressions,1.0,6000000,1.0,1.0,60000,1.0,10956.75,65740.5,0.989
9,2025-07-28,Ontario,Beauty,Affiliate,CAD,179104,5138658,31493.66,0.006129,0.01901,0.031279,62.61,0.2166,4,0.4,impressions,1.0,6000000,1.0,1.0,60000,1.0,9448.1,56688.58,1.068
10,2025-08-04,Ontario,Beauty,Affiliate,CAD,192551,4651494,28901.79,0.006213,0.017134,0.028736,58.28,0.2081,4,0.4,impressions,1.0,6000000,1.0,1.0,60000,1.0,8670.54,52023.23,1.078
11,2025-08-11,Ontario,Beauty,Affiliate,CAD,176751,4892651,29611.66,0.006052,0.018628,0.031967,57.41,0.2024,4,0.4,impressions,1.0,6000000,1.0,1.0,60000,1.0,8883.5,53300.98,0.944
12,2025-08-18,Ontario,Beauty,Affiliate,CAD,206333,6449415,37806.41,0.005862,0.017879,0.030999,61.82,0.2305,4,0.4,impressions,1.0,6000000,1.0,1.0,60000,1.0,11341.92,68051.54,0.959
13,2025-08-25,Ontario,Beauty,Affiliate,CAD,164504,4927595,30035.81,0.006095,0.018521,0.032133,61.74,0.2162,4,0.4,impressions,1.0,6000000,1.0,1.0,60000,1.0,9010.74,54064.45,1.097
1,2025-06-02,Ontario,Beauty,Email,CAD,179834,2832538,4413.91,0.001558,0.053,0.04295,58.12,0.1994,6,0.2,impressions,1.0,3000000,0.95,1.0,40000,0.95,882.78,11034.78,0.953
2,2025-06-09,Ontario,Beauty,Email,CAD,170800,2826607,4368.52,0.001545,0.050617,0.039367,59.9,0.2287,6,0.2,impressions,1.0,3000000,0.95,1.0,40000,0.95,873.7,10921.3,0.966
3,2025-06-16,Ontario,Beauty,Email,CAD,204805,2597337,3791.07,0.00146,0.049368,0.043696,59.29,0.2268,6,0.2,impressions,1.0,3000000,0.95,1.0,40000,0.95,758.21,9477.68,1.079
4,2025-06-23,Ontario,Beauty,Email,CAD,171885,3265381,4465.11,0.001367,0.050134,0.041158,61.17,0.2291,6,0.2,impressions,1.0,3000000,0.95,1.0,40000,0.95,893.02,11162.78,1.083
5,2025-06-30,Ontario,Beauty,Email,CAD,189142,2580640,3509.67,0.00136,0.049267,0.04123,59.48,0.234,6,0.2,impressions,1.0,3000000,0.95,1.0,40000,0.95,701.93,8774.17,0.942
6,2025-07-07,Ontario,Beauty,Email,CAD,202292,2874510,4369.07,0.00152,0.049165,0.043421,62.41,0.2377,6,0.2,impressions,1.0,3000000,0.95,1.0,40000,0.95,873.81,10922.67,0.901
7,2025-07-14,Ontario,Beauty,Email,CAD,180104,2703784,3682.49,0.001362,0.05434,0.0371,57.33,0.2134,6,0.2,impressions,1.0,3000000,0.95,1.0,40000,0.95,736.5,9206.23,0.905
8,2025-07-21,Ontario,Beauty,Email,CAD,175668,3195990,5040.25,0.001577,0.049765,0.039537,58.68,0.2076,6,0.2,impressions,1.0,3000000,0.95,1.0,40000,0.95,1008.05,12600.63,1.02
9,2025-07-28,Ontario,Beauty,Email,CAD,198812,2499022,3654.31,0.001462,0.049715,0.038695,59.23,0.2408,6,0.2,impressions,1.0,3000000,0.95,1.0,40000,0.95,730.86,9135.76,1.042
10,2025-08-04,Ontario,Beauty,Email,CAD,173397,2669147,4209.06,0.001577,0.045056,0.043945,61.09,0.2158,6,0.2,impressions,1.0,3000000,0.95,1.0,40000,0.95,841.81,10522.66,0.907
11,2025-08-11,Ontario,Beauty,Email,CAD,180982,2470182,3455.15,0.001399,0.05336,0.043172,61.72,0.2306,6,0.2,impressions,1.0,3000000,0.95,1.0,40000,0.95,691.03,8637.86,0.985
12,2025-08-18,Ontario,Beauty,Email,CAD,168659,3552320,4896.63,0.001378,0.0526,0.042701,60.38,0.2315,6,0.2,impressions,1.0,3000000,0.95,1.0,40000,0.95,979.33,12241.58,1.005
13,2025-08-25,Ontario,Beauty,Email,CAD,176002,2829812,4181.15,0.001478,0.053576,0.038548,61.83,0.2019,6,0.2,impressions,1.0,3000000,0.95,1.0,40000,0.95,836.23,10452.87,0.9
1,2025-06-02,Ontario,Beauty,Online Video,CAD,185240,6217345,39973.42,0.006429,0.00284,0.008261,61.16,0.2074,3,0.7,impressions,1.0,14000000,1.15,1.0,110000,1.1,11992.03,67954.81,0.992
2,2025-06-09,Ontario,Beauty,Online Video,CAD,165330,5638084,39089.78,0.006933,0.002961,0.009347,57.77,0.2367,3,0.7,impressions,1.0,14000000,1.15,1.0,110000,1.1,11726.93,66452.63,1.006
3,2025-06-16,Ontario,Beauty,Online Video,CAD,205286,5629423,41773.0,0.00742,0.003088,0.008596,61.02,0.2266,3,0.7,impressions,1.0,14000000,1.15,1.0,110000,1.1,12531.9,71014.1,0.955
4,2025-06-23,Ontario,Beauty,Online Video,CAD,181542,7732613,56778.46,0.007343,0.003047,0.008656,57.29,0.2,3,0.7,impressions,1.0,14000000,1.15,1.0,110000,1.1,17033.54,96523.39,0.968
5,2025-06-30,Ontario,Beauty,Online Video,CAD,179555,5822575,38322.34,0.006582,0.003065,0.009363,58.11,0.2402,3,0.7,impressions,1.0,14000000,1.15,1.0,110000,1.1,11496.7,65147.97,1.06
6,2025-07-07,Ontario,Beauty,Online Video,CAD,171833,5218296,34385.59,0.006589,0.003015,0.008535,59.38,0.2358,3,0.7,impressions,1.0,14000000,1.15,1.0,110000,1.1,10315.68,58455.51,1.079
7,2025-07-14,Ontario,Beauty,Online Video,CAD,188211,5264318,34738.79,0.006599,0.002773,0.009233,60.64,0.2149,3,0.7,impressions,1.0,14000000,1.15,1.0,110000,1.1,10421.64,59055.95,1.037
8,2025-07-21,Ontario,Beauty,Online Video,CAD,191469,7557017,52901.5,0.007,0.003108,0.009247,60.12,0.226,3,0.7,impressions,1.0,14000000,1.15,1.0,110000,1.1,15870.45,89932.55,1.017
9,2025-07-28,Ontario,Beauty,Online Video,CAD,173342,5780479,38522.92,0.006664,0.002794,0.008479,62.52,0.2314,3,0.7,impressions,1.0,14000000,1.15,1.0,110000,1.1,11556.88,65488.97,0.922
10,2025-08-04,Ontario,Beauty,Online Video,CAD,195259,5518618,35622.53,0.006455,0.003239,0.009707,61.78,0.2177,3,0.7,impressions,1.0,14000000,1.15,1.0,110000,1.1,10686.76,60558.31,1.023
11,2025-08-11,Ontario,Beauty,Online Video,CAD,174735,5722836,38606.38,0.006746,0.003168,0.008234,58.92,0.2125,3,0.7,impressions,1.0,14000000,1.15,1.0,110000,1.1,11581.91,65630.84,0.989
12,2025-08-18,Ontario,Beauty,Online Video,CAD,162952,7025931,50199.58,0.007145,0.002921,0.009424,60.92,0.2073,3,0.7,impressions,1.0,14000000,1.15,1.0,110000,1.1,15059.87,85339.29,0.922
13,2025-08-25,Ontario,Beauty,Online Video,CAD,167346,6087487,43487.09,0.007144,0.002859,0.008218,62.99,0.2024,3,0.7,impressions,1.0,14000000,1.15,1.0,110000,1.1,13046.13,73928.06,1.034
1,2025-06-02,Ontario,Sporting Goods,Paid Search,CAD,203021,7773295,86077.34,0.011073,0.036002,0.05943,137.42,0.2571,4,0.3,impressions,1.0,10000000,1.1,1.0,120000,1.05,43038.67,129116.02,1.056
2,2025-06-09,Ontario,Sporting Goods,Paid Search,CAD,174583,8454734,109238.26,0.01292,0.03656,0.055363,139.29,0.2604,4,0.3,impressions,1.0,10000000,1.1,1.0,120000,1.05,54619.13,163857.38,0.911
3,2025-06-16,Ontario,Sporting Goods,Paid Search,CAD,203422,8353446,102388.16,0.012257,0.032382,0.0562,136.64,0.2927,4,0.3,impressions,1.0,10000000,1.1,1.0,120000,1.05,51194.08,153582.24,1.017
4,2025-06-23,Ontario,Sporting Goods,Paid Search,CAD,175382,9110382,104029.1,0.011419,0.036956,0.057784,137.34,0.2788,4,0.3,impressions,1.0,10000000,1.1,1.0,120000,1.05,52014.55,156043.65,0.995
5,2025-06-30,Ontario,Sporting Goods,Paid Search,CAD,183363,7993361,95215.06,0.011912,0.032256,0.050889,143.23,0.2987,4,0.3,impressions,1.0,10000000,1.1,1.0,120000,1.05,47607.53,142822.59,0.977
6,2025-07-07,Ontario,Sporting Goods,Paid Search,CAD,170725,8243267,104694.04,0.012701,0.032851,0.051112,139.51,0.2963,4,0.3,impressions,1.0,10000000,1.1,1.0,120000,1.05,52347.02,157041.06,1.002
7,2025-07-14,Ontario,Sporting Goods,Paid Search,CAD,163333,8559480,103588.29,0.012102,0.034608,0.054163,146.75,0.2975,4,0.3,impressions,1.0,10000000,1.1,1.0,120000,1.05,51794.14,155382.43,0.928
8,2025-07-21,Ontario,Sporting Goods,Paid Search,CAD,204293,10892818,129194.73,0.011861,0.032093,0.052396,141.99,0.28,4,0.3,impressions,1.0,10000000,1.1,1.0,120000,1.05,64597.36,193792.09,0.933
9,2025-07-28,Ontario,Sporting Goods,Paid Search,CAD,192188,8525869,101355.45,0.011888,0.03747,0.054799,143.99,0.2572,4,0.3,impressions,1.0,10000000,1.1,1.0,120000,1.05,50677.73,152033.18,1.075
10,2025-08-04,Ontario,Sporting Goods,Paid Search,CAD,198690,7292027,80386.06,0.011024,0.038461,0.055198,135.33,0.2701,4,0.3,impressions,1.0,10000000,1.1,1.0,120000,1.05,40193.03,120579.09,0.959
11,2025-08-11,Ontario,Sporting Goods,Paid Search,CAD,186106,7908138,88699.52,0.011216,0.038331,0.057229,139.66,0.2781,4,0.3,impressions,1.0,10000000,1.1,1.0,120000,1.05,44349.76,133049.28,0.906
12,2025-08-18,Ontario,Sporting Goods,Paid Search,CAD,193645,9169620,116438.74,0.012698,0.036304,0.054859,144.41,0.2649,4,0.3,impressions,1.0,10000000,1.1,1.0,120000,1.05,58219.37,174658.11,1.096
13,2025-08-25,Ontario,Sporting Goods,Paid Search,CAD,191493,7799417,87166.38,0.011176,0.034627,0.052356,137.02,0.2704,4,0.3,impressions,1.0,10000000,1.1,1.0,120000,1.05,43583.19,130749.57,0.955
1,2025-06-02,Ontario,Sporting Goods,Display,CAD,174415,10567648,45277.13,0.004285,0.003641,0.011696,139.98,0.306,5,0.5,impressions,1.0,25000000,1.05,1.0,90000,1.05,18110.85,72443.4,0.939
2,2025-06-09,Ontario,Sporting Goods,Display,CAD,198115,9595583,39180.68,0.004083,0.004156,0.012087,143.57,0.2927,5,0.5,impressions,1.0,25000000,1.05,1.0,90000,1.05,15672.27,62689.08,1.007
3,2025-06-16,Ontario,Sporting Goods,Display,CAD,177768,10212758,41769.78,0.00409,0.003913,0.01209,135.09,0.2754,5,0.5,impressions,1.0,25000000,1.05,1.0,90000,1.05,16707.91,66831.65,0.918
4,2025-06-23,Ontario,Sporting Goods,Display,CAD,176022,13214725,51518.66,0.003899,0.003728,0.011188,145.52,0.2635,5,0.5,impressions,1.0,25000000,1.05,1.0,90000,1.05,20607.46,82429.86,1.057
5,2025-06-30,Ontario,Sporting Goods,Display,CAD,174248,9797479,36921.93,0.003769,0.00364,0.011272,146.9,0.284,5,0.5,impressions,1.0,25000000,1.05,1.0,90000,1.05,14768.77,59075.09,0.934
6,2025-07-07,Ontario,Sporting Goods,Display,CAD,173590,10673404,42657.35,0.003997,0.0037,0.012713,141.84,0.2706,5,0.5,impressions,1.0,25000000,1.05,1.0,90000,1.05,17062.94,68251.76,0.962
7,2025-07-14,Ontario,Sporting Goods,Display,CAD,165575,11399438,46666.76,0.004094,0.004122,0.011161,144.93,0.2587,5,0.5,impressions,1.0,25000000,1.05,1.0,90000,1.05,18666.71,74666.82,0.97
8,2025-07-21,Ontario,Sporting Goods,Display,CAD,202280,12583141,46269.63,0.003677,0.004088,0.012143,144.18,0.3065,5,0.5,impressions,1.0,25000000,1.05,1.0,90000,1.05,18507.85,74031.41,1.011
9,2025-07-28,Ontario,Sporting Goods,Display,CAD,178661,10927824,46264.22,0.004234,0.004349,0.011223,133.84,0.3015,5,0.5,impressions,1.0,25000000,1.05,1.0,90000,1.05,18505.69,74022.76,0.938
10,2025-08-04,Ontario,Sporting Goods,Display,CAD,166033,10219814,39738.04,0.003888,0.004253,0.012248,139.21,0.2983,5,0.5,impressions,1.0,25000000,1.05,1.0,90000,1.05,15895.21,63580.86,1.082
11,2025-08-11,Ontario,Sporting Goods,Display,CAD,201634,10848653,40829.12,0.003764,0.00391,0.011636,145.56,0.2642,5,0.5,impressions,1.0,25000000,1.05,1.0,90000,1.05,16331.65,65326.59,0.907
12,2025-08-18,Ontario,Sporting Goods,Display,CAD,162986,12779544,52733.25,0.004126,0.004263,0.011785,138.21,0.2909,5,0.5,impressions,1.0,25000000,1.05,1.0,90000,1.05,21093.3,84373.2,1.09
13,2025-08-25,Ontario,Sporting Goods,Display,CAD,200956,9938928,37124.98,0.003735,0.003613,0.012778,138.49,0.2981,5,0.5,impressions,1.0,25000000,1.05,1.0,90000,1.05,14849.99,59399.96,1.0
1,2025-06-02,Ontario,Sporting Goods,Social,CAD,171034,8465304,24590.3,0.002905,0.007786,0.01652,137.86,0.2931,2,0.6,impressions,1.0,18000000,1.1,1.0,80000,1.08,9836.12,39344.48,1.062
2,2025-06-09,Ontario,Sporting Goods,Social,CAD,206770,8653990,26100.38,0.003016,0.008489,0.015992,142.75,0.2805,2,0.6,impressions,1.0,18000000,1.1,1.0,80000,1.08,10440.15,41760.6,0.93
3,2025-06-16,Ontario,Sporting Goods,Social,CAD,200307,8398707,26139.54,0.003112,0.008148,0.017235,145.33,0.2708,2,0.6,impressions,1.0,18000000,1.1,1.0,80000,1.08,10455.82,41823.26,0.979
4,2025-06-23,Ontario,Sporting Goods,Social,CAD,193362,11187688,35280.41,0.003154,0.008335,0.014873,140.69,0.267,2,0.6,impressions,1.0,18000000,1.1,1.0,80000,1.08,14112.16,56448.65,0.902
5,2025-06-30,Ontario,Sporting Goods,Social,CAD,183204,8407275,23810.85,0.002832,0.00822,0.016133,143.54,0.269,2,0.6,impressions,1.0,18000000,1.1,1.0,80000,1.08,9524.34,38097.35,1.035
6,2025-07-07,Ontario,Sporting Goods,Social,CAD,193811,8708009,25583.09,0.002938,0.008686,0.014852,133.94,0.2945,2,0.6,impressions,1.0,18000000,1.1,1.0,80000,1.08,10233.24,40932.95,0.964
7,2025-07-14,Ontario,Sporting Goods,Social,CAD,189006,9268961,30273.95,0.003266,0.008551,0.016111,134.1,0.2808,2,0.6,impressions,1.0,18000000,1.1,1.0,80000,1.08,12109.58,48438.33,0.905
8,2025-07-21,Ontario,Sporting Goods,Social,CAD,179697,11796485,33614.87,0.00285,0.008756,0.015354,139.8,0.2824,2,0.6,impressions,1.0,18000000,1.1,1.0,80000,1.08,13445.95,53783.79,0.988
9,2025-07-28,Ontario,Sporting Goods,Social,CAD,202542,7920342,25731.04,0.003249,0.008056,0.015662,144.92,0.2775,2,0.6,impressions,1.0,18000000,1.1,1.0,80000,1.08,10292.42,41169.67,0.925
10,2025-08-04,Ontario,Sporting Goods,Social,CAD,172415,9602727,26963.39,0.002808,0.007591,0.014888,144.24,0.2845,2,0.6,impressions,1.0,18000000,1.1,1.0,80000,1.08,10785.36,43141.43,0.997
11,2025-08-11,Ontario,Sporting Goods,Social,CAD,185874,8531714,26765.43,0.003137,0.008764,0.017045,135.65,0.2951,2,0.6,impressions,1.0,18000000,1.1,1.0,80000,1.08,10706.17,42824.69,1.022
12,2025-08-18,Ontario,Sporting Goods,Social,CAD,175319,11567408,35824.51,0.003097,0.008175,0.016725,133.96,0.2776,2,0.6,impressions,1.0,18000000,1.1,1.0,80000,1.08,14329.8,57319.21,0.963
13,2025-08-25,Ontario,Sporting Goods,Social,CAD,162607,9228097,30379.8,0.003292,0.007399,0.01574,136.99,0.2818,2,0.6,impressions,1.0,18000000,1.1,1.0,80000,1.08,12151.92,48607.68,1.08
1,2025-06-02,Ontario,Sporting Goods,Affiliate,CAD,200150,4690406,25547.41,0.005447,0.017592,0.032215,135.04,0.2701,4,0.4,impressions,1.0,6000000,1.0,1.0,60000,1.0,7664.22,45985.34,0.902
2,2025-06-09,Ontario,Sporting Goods,Affiliate,CAD,190552,4561881,29140.65,0.006388,0.018508,0.027788,143.9,0.28,4,0.4,impressions,1.0,6000000,1.0,1.0,60000,1.0,8742.2,52453.17,0.931
3,2025-06-16,Ontario,Sporting Goods,Affiliate,CAD,206927,4877303,32138.86,0.006589,0.016884,0.03076,145.47,0.2852,4,0.4,impressions,1.0,6000000,1.0,1.0,60000,1.0,9641.66,57849.95,1.009
4,2025-06-23,Ontario,Sporting Goods,Affiliate,CAD,178791,5662086,32166.43,0.005681,0.017712,0.032457,134.37,0.2875,4,0.4,impressions,1.0,6000000,1.0,1.0,60000,1.0,9649.93,57899.57,0.985
5,2025-06-30,Ontario,Sporting Goods,Affiliate,CAD,194745,4944169,28009.6,0.005665,0.018171,0.03295,138.26,0.2594,4,0.4,impressions,1.0,6000000,1.0,1.0,60000,1.0,8402.88,50417.28,0.996
6,2025-07-07,Ontario,Sporting Goods,Affiliate,CAD,206217,4777270,28888.1,0.006047,0.017085,0.030725,135.4,0.2747,4,0.4,impressions,1.0,6000000,1.0,1.0,60000,1.0,8666.43,51998.58,1.07
7,2025-07-14,Ontario,Sporting Goods,Affiliate,CAD,195610,4797472,30140.51,0.006283,0.018844,0.032333,145.65,0.2551,4,0.4,impressions,1.0,6000000,1.0,1.0,60000,1.0,9042.15,54252.91,1.017
8,2025-07-21,Ontario,Sporting Goods,Affiliate,CAD,200469,6178299,35718.78,0.005781,0.016831,0.029043,136.66,0.2712,4,0.4,impressions,1.0,6000000,1.0,1.0,60000,1.0,10715.63,64293.81,1.048
9,2025-07-28,Ontario,Sporting Goods,Affiliate,CAD,164962,5256715,31011.36,0.005899,0.019207,0.032302,137.84,0.2552,4,0.4,impressions,1.0,6000000,1.0,1.0,60000,1.0,9303.41,55820.45,1.048
10,2025-08-04,Ontario,Sporting Goods,Affiliate,CAD,188798,4645517,27424.91,0.005904,0.017561,0.032693,144.43,0.2678,4,0.4,impressions,1.0,6000000,1.0,1.0,60000,1.0,8227.47,49364.84,1.1
11,2025-08-11,Ontario,Sporting Goods,Affiliate,CAD,170636,4730172,30005.85,0.006343,0.018063,0.032618,144.14,0.2764,4,0.4,impressions,1.0,6000000,1.0,1.0,60000,1.0,9001.75,54010.52,1.093
12,2025-08-18,Ontario,Sporting Goods,Affiliate,CAD,199960,5625980,32380.34,0.005756,0.019654,0.031482,136.43,0.3074,4,0.4,impressions,1.0,6000000,1.0,1.0,60000,1.0,9714.1,58284.62,0.971
13,2025-08-25,Ontario,Sporting Goods,Affiliate,CAD,195972,5032695,27723.73,0.005509,0.017708,0.031992,137.96,0.3053,4,0.4,impressions,1.0,6000000,1.0,1.0,60000,1.0,8317.12,49902.71,1.052
1,2025-06-02,Ontario,Sporting Goods,Email,CAD,162660,2788604,4175.6,0.001497,0.045606,0.037626,138.15,0.275,6,0.2,impressions,1.0,3000000,0.95,1.0,40000,0.95,835.12,10438.99,1.032
2,2025-06-09,Ontario,Sporting Goods,Email,CAD,192532,2668840,3929.83,0.001472,0.045001,0.036504,144.77,0.2601,6,0.2,impressions,1.0,3000000,0.95,1.0,40000,0.95,785.97,9824.57,0.946
3,2025-06-16,Ontario,Sporting Goods,Email,CAD,163212,2688681,4042.89,0.001504,0.050123,0.043291,135.2,0.2872,6,0.2,impressions,1.0,3000000,0.95,1.0,40000,0.95,808.58,10107.21,0.918
4,2025-06-23,Ontario,Sporting Goods,Email,CAD,189544,3622516,5172.37,0.001428,0.046568,0.03709,139.36,0.2728,6,0.2,impressions,1.0,3000000,0.95,1.0,40000,0.95,1034.47,12930.93,1.075
5,2025-06-30,Ontario,Sporting Goods,Email,CAD,176824,2424161,3609.54,0.001489,0.05027,0.036719,144.51,0.2629,6,0.2,impressions,1.0,3000000,0.95,1.0,40000,0.95,721.91,9023.86,0.978
6,2025-07-07,Ontario,Sporting Goods,Email,CAD,186133,2709986,3862.41,0.001425,0.048063,0.037082,142.55,0.2736,6,0.2,impressions,1.0,3000000,0.95,1.0,40000,0.95,772.48,9656.03,1.01
7,2025-07-14,Ontario,Sporting Goods,Email,CAD,173545,2472093,3354.82,0.001357,0.047485,0.040172,139.04,0.2841,6,0.2,impressions,1.0,3000000,0.95,1.0,40000,0.95,670.96,8387.06,0.944
8,2025-07-21,Ontario,Sporting Goods,Email,CAD,191182,3462874,5691.89,0.001644,0.045706,0.038783,137.95,0.2778,6,0.2,impressions,1.0,3000000,0.95,1.0,40000,0.95,1138.38,14229.73,1.09
9,2025-07-28,Ontario,Sporting Goods,Email,CAD,190086,2844439,4652.05,0.001635,0.053576,0.042352,136.23,0.2866,6,0.2,impressions,1.0,3000000,0.95,1.0,40000,0.95,930.41,11630.12,1.095
10,2025-08-04,Ontario,Sporting Goods,Email,CAD,193267,2392052,3930.64,0.001643,0.046004,0.039515,138.31,0.2934,6,0.2,impressions,1.0,3000000,0.95,1.0,40000,0.95,786.13,9826.6,1.087
11,2025-08-11,Ontario,Sporting Goods,Email,CAD,164456,2432330,3304.01,0.001358,0.048827,0.03617,145.49,0.2925,6,0.2,impressions,1.0,3000000,0.95,1.0,40000,0.95,660.8,8260.03,1.061
12,2025-08-18,Ontario,Sporting Goods,Email,CAD,183647,3666825,5281.9,0.00144,0.053099,0.036964,143.92,0.2814,6,0.2,impressions,1.0,3000000,0.95,1.0,40000,0.95,1056.38,13204.75,1.035
13,2025-08-25,Ontario,Sporting Goods,Email,CAD,184407,2826265,4153.47,0.00147,0.050098,0.043544,136.22,0.2703,6,0.2,impressions,1.0,3000000,0.95,1.0,40000,0.95,830.69,10383.68,0.971
1,2025-06-02,Ontario,Sporting Goods,Online Video,CAD,199197,5962162,37606.35,0.006308,0.003027,0.00834,136.93,0.2859,3,0.7,impressions,1.0,14000000,1.15,1.0,110000,1.1,11281.91,63930.8,1.085
2,2025-06-09,Ontario,Sporting Goods,Online Video,CAD,171507,5661163,36257.16,0.006405,0.002947,0.009433,133.81,0.259,3,0.7,impressions,1.0,14000000,1.15,1.0,110000,1.1,10877.15,61637.17,0.957
3,2025-06-16,Ontario,Sporting Goods,Online Video,CAD,172630,5232678,37049.04,0.00708,0.003089,0.008745,138.77,0.2615,3,0.7,impressions,1.0,14000000,1.15,1.0,110000,1.1,11114.71,62983.36,0.912
4,2025-06-23,Ontario,Sporting Goods,Online Video,CAD,167362,6876124,46590.12,0.006776,0.003071,0.009532,138.42,0.2977,3,0.7,impressions,1.0,14000000,1.15,1.0,110000,1.1,13977.04,79203.21,1.0
5,2025-06-30,Ontario,Sporting Goods,Online Video,CAD,196160,5420924,39569.61,0.007299,0.003088,0.009179,133.79,0.276,3,0.7,impressions,1.0,14000000,1.15,1.0,110000,1.1,11870.88,67268.34,1.075
6,2025-07-07,Ontario,Sporting Goods,Online Video,CAD,205815,5763699,38356.26,0.006655,0.002869,0.008271,134.46,0.2701,3,0.7,impressions,1.0,14000000,1.15,1.0,110000,1.1,11506.88,65205.64,0.98
7,2025-07-14,Ontario,Sporting Goods,Online Video,CAD,206883,5217815,34136.28,0.006542,0.002832,0.0084,135.7,0.2947,3,0.7,impressions,1.0,14000000,1.15,1.0,110000,1.1,10240.88,58031.68,1.005
8,2025-07-21,Ontario,Sporting Goods,Online Video,CAD,203654,6938041,50414.29,0.007266,0.003027,0.008744,139.6,0.2704,3,0.7,impressions,1.0,14000000,1.15,1.0,110000,1.1,15124.29,85704.29,0.958
9,2025-07-28,Ontario,Sporting Goods,Online Video,CAD,180296,5941535,38148.52,0.006421,0.002962,0.008731,135.6,0.2626,3,0.7,impressions,1.0,14000000,1.15,1.0,110000,1.1,11444.56,64852.48,1.056
10,2025-08-04,Ontario,Sporting Goods,Online Video,CAD,195282,5834418,41354.84,0.007088,0.003125,0.008446,143.4,0.2875,3,0.7,impressions,1.0,14000000,1.15,1.0,110000,1.1,12406.45,70303.23,0.911
11,2025-08-11,Ontario,Sporting Goods,Online Video,CAD,190932,5697759,40457.63,0.007101,0.003139,0.008591,136.39,0.299,3,0.7,impressions,1.0,14000000,1.15,1.0,110000,1.1,12137.29,68777.97,1.059
12,2025-08-18,Ontario,Sporting Goods,Online Video,CAD,203460,7439358,48417.4,0.006508,0.003237,0.009418,144.96,0.2866,3,0.7,impressions,1.0,14000000,1.15,1.0,110000,1.1,14525.22,82309.57,0.95
13,2025-08-25,Ontario,Sporting Goods,Online Video,CAD,189467,5665688,41649.65,0.007351,0.002844,0.009024,139.26,0.2875,3,0.7,impressions,1.0,14000000,1.15,1.0,110000,1.1,12494.9,70804.41,1.064
1,2025-06-02,Quebec,Electronics,Paid Search,CAD,118721,4718639,59878.69,0.01269,0.032763,0.057149,248.68,0.4341,4,0.3,impressions,1.0,6600000,1.1,1.0,79200,1.05,29939.34,89818.03,0.966
2,2025-06-09,Quebec,Electronics,Paid Search,CAD,115103,5114889,61363.19,0.011997,0.034001,0.053196,255.06,0.4745,4,0.3,impressions,1.0,6600000,1.1,1.0,79200,1.05,30681.6,92044.79,1.044
3,2025-06-16,Quebec,Electronics,Paid Search,CAD,119282,4766059,61707.11,0.012947,0.033578,0.050563,254.43,0.4633,4,0.3,impressions,1.0,6600000,1.1,1.0,79200,1.05,30853.55,92560.66,1.013
4,2025-06-23,Quebec,Electronics,Paid Search,CAD,99226,7166033,93853.83,0.013097,0.037435,0.06022,258.9,0.406,4,0.3,impressions,1.0,6600000,1.1,1.0,79200,1.05,46926.91,140780.74,1.07
5,2025-06-30,Quebec,Electronics,Paid Search,CAD,119271,5133829,55914.4,0.010891,0.033461,0.056211,256.78,0.4151,4,0.3,impressions,1.0,6600000,1.1,1.0,79200,1.05,27957.2,83871.6,1.039
6,2025-07-07,Quebec,Electronics,Paid Search,CAD,103258,5389516,58749.1,0.010901,0.031542,0.053933,254.34,0.4922,4,0.3,impressions,1.0,6600000,1.1,1.0,79200,1.05,29374.55,88123.65,0.971
7,2025-07-14,Quebec,Electronics,Paid Search,CAD,106402,5611283,68164.01,0.012148,0.038337,0.051965,247.51,0.4741,4,0.3,impressions,1.0,6600000,1.1,1.0,79200,1.05,34082.01,102246.02,1.032
8,2025-07-21,Quebec,Electronics,Paid Search,CAD,99063,7066351,80928.5,0.011453,0.035343,0.052563,250.97,0.4189,4,0.3,impressions,1.0,6600000,1.1,1.0,79200,1.05,40464.25,121392.75,0.919
9,2025-07-28,Quebec,Electronics,Paid Search,CAD,117546,5700788,68076.99,0.011942,0.033896,0.050799,247.49,0.47,4,0.3,impressions,1.0,6600000,1.1,1.0,79200,1.05,34038.49,102115.48,0.936
10,2025-08-04,Quebec,Electronics,Paid Search,CAD,106170,5640195,67332.96,0.011938,0.038049,0.053813,248.04,0.4302,4,0.3,impressions,1.0,6600000,1.1,1.0,79200,1.05,33666.48,100999.43,1.016
11,2025-08-11,Quebec,Electronics,Paid Search,CAD,112387,5440337,68864.2,0.012658,0.03318,0.058271,244.91,0.4663,4,0.3,impressions,1.0,6600000,1.1,1.0,79200,1.05,34432.1,103296.31,1.02
12,2025-08-18,Quebec,Electronics,Paid Search,CAD,97827,7131800,88495.92,0.012409,0.035521,0.050401,249.24,0.4445,4,0.3,impressions,1.0,6600000,1.1,1.0,79200,1.05,44247.96,132743.87,0.95
13,2025-08-25,Quebec,Electronics,Paid Search,CAD,100394,5398344,61873.79,0.011462,0.03235,0.049889,262.21,0.4293,4,0.3,impressions,1.0,6600000,1.1,1.0,79200,1.05,30936.9,92810.69,1.02
1,2025-06-02,Quebec,Electronics,Display,CAD,115385,6703920,28682.46,0.004278,0.004388,0.0115,262.44,0.458,5,0.5,impressions,1.0,16500000,1.05,1.0,59400,1.05,11472.98,45891.93,1.069
2,2025-06-09,Quebec,Electronics,Display,CAD,106355,6860391,26449.21,0.003855,0.003737,0.011886,244.58,0.4825,5,0.5,impressions,1.0,16500000,1.05,1.0,59400,1.05,10579.68,42318.74,1.021
3,2025-06-16,Quebec,Electronics,Display,CAD,111260,6347843,25494.4,0.004016,0.003776,0.011352,247.73,0.4315,5,0.5,impressions,1.0,16500000,1.05,1.0,59400,1.05,10197.76,40791.05,1.063
4,2025-06-23,Quebec,Electronics,Display,CAD,121580,9637045,39316.38,0.00408,0.004281,0.011365,258.9,0.4418,5,0.5,impressions,1.0,16500000,1.05,1.0,59400,1.05,15726.55,62906.2,0.942
5,2025-06-30,Quebec,Electronics,Display,CAD,113227,6344980,23837.1,0.003757,0.003807,0.011233,260.2,0.4888,5,0.5,impressions,1.0,16500000,1.05,1.0,59400,1.05,9534.84,38139.35,1.013
6,2025-07-07,Quebec,Electronics,Display,CAD,107023,6319183,27538.33,0.004358,0.003912,0.012316,241.76,0.4158,5,0.5,impressions,1.0,16500000,1.05,1.0,59400,1.05,11015.33,44061.33,0.968
7,2025-07-14,Quebec,Electronics,Display,CAD,120144,7425242,31232.49,0.004206,0.003945,0.012008,247.3,0.4348,5,0.5,impressions,1.0,16500000,1.05,1.0,59400,1.05,12493.0,49971.99,0.947
8,2025-07-21,Quebec,Electronics,Display,CAD,102057,8315240,30463.1,0.003664,0.003852,0.01278,245.65,0.4454,5,0.5,impressions,1.0,16500000,1.05,1.0,59400,1.05,12185.24,48740.96,0.985
9,2025-07-28,Quebec,Electronics,Display,CAD,111796,7327321,32118.49,0.004383,0.004204,0.012817,239.35,0.4245,5,0.5,impressions,1.0,16500000,1.05,1.0,59400,1.05,12847.4,51389.59,0.966
10,2025-08-04,Quebec,Electronics,Display,CAD,123810,6422609,25327.12,0.003943,0.003764,0.011473,241.93,0.4918,5,0.5,impressions,1.0,16500000,1.05,1.0,59400,1.05,10130.85,40523.39,1.068
11,2025-08-11,Quebec,Electronics,Display,CAD,114421,6987891,28910.39,0.004137,0.003939,0.012576,242.83,0.4355,5,0.5,impressions,1.0,16500000,1.05,1.0,59400,1.05,11564.16,46256.62,1.009
12,2025-08-18,Quebec,Electronics,Display,CAD,114286,9558716,38221.59,0.003999,0.003978,0.011864,248.36,0.4537,5,0.5,impressions,1.0,16500000,1.05,1.0,59400,1.05,15288.64,61154.55,1.045
13,2025-08-25,Quebec,Electronics,Display,CAD,107868,6319488,25674.06,0.004063,0.004078,0.012343,238.17,0.495,5,0.5,impressions,1.0,16500000,1.05,1.0,59400,1.05,10269.62,41078.49,0.921
1,2025-06-02,Quebec,Electronics,Social,CAD,103983,5525107,16329.76,0.002956,0.007355,0.016939,257.53,0.4296,2,0.6,impressions,1.0,11880000,1.1,1.0,52800,1.08,6531.9,26127.62,1.023
2,2025-06-09,Quebec,Electronics,Social,CAD,108229,5792472,16957.75,0.002928,0.008504,0.015847,261.84,0.4155,2,0.6,impressions,1.0,11880000,1.1,1.0,52800,1.08,6783.1,27132.4,0.92
3,2025-06-16,Quebec,Electronics,Social,CAD,113386,5833037,18818.38,0.003226,0.007629,0.014491,252.7,0.4784,2,0.6,impressions,1.0,11880000,1.1,1.0,52800,1.08,7527.35,30109.41,1.04
4,2025-06-23,Quebec,Electronics,Social,CAD,114428,8102825,23486.6,0.002899,0.008653,0.014694,255.23,0.4913,2,0.6,impressions,1.0,11880000,1.1,1.0,52800,1.08,9394.64,37578.56,0.939
5,2025-06-30,Quebec,Electronics,Social,CAD,116898,5348615,15833.81,0.00296,0.007391,0.017427,242.37,0.4891,2,0.6,impressions,1.0,11880000,1.1,1.0,52800,1.08,6333.52,25334.09,1.025
6,2025-07-07,Quebec,Electronics,Social,CAD,123544,5232165,14597.52,0.00279,0.00734,0.015484,252.61,0.4479,2,0.6,impressions,1.0,11880000,1.1,1.0,52800,1.08,5839.01,23356.04,0.97
7,2025-07-14,Quebec,Electronics,Social,CAD,120726,5698244,15928.24,0.002795,0.007613,0.015112,262.48,0.4316,2,0.6,impressions,1.0,11880000,1.1,1.0,52800,1.08,6371.3,25485.19,1.028
8,2025-07-21,Quebec,Electronics,Social,CAD,110604,8016473,25250.56,0.00315,0.00779,0.017275,243.2,0.4629,2,0.6,impressions,1.0,11880000,1.1,1.0,52800,1.08,10100.23,40400.9,1.047
9,2025-07-28,Quebec,Electronics,Social,CAD,123053,5547285,15318.62,0.002761,0.008754,0.016609,243.61,0.4586,2,0.6,impressions,1.0,11880000,1.1,1.0,52800,1.08,6127.45,24509.8,0.981
10,2025-08-04,Quebec,Electronics,Social,CAD,120624,5920031,17846.23,0.003015,0.007932,0.016645,247.05,0.4119,2,0.6,impressions,1.0,11880000,1.1,1.0,52800,1.08,7138.49,28553.97,1.037
11,2025-08-11,Quebec,Electronics,Social,CAD,108290,6073590,19373.56,0.00319,0.00781,0.014809,261.04,0.4399,2,0.6,impressions,1.0,11880000,1.1,1.0,52800,1.08,7749.42,30997.69,1.0
12,2025-08-18,Quebec,Electronics,Social,CAD,97935,7605523,22955.0,0.003018,0.008538,0.014667,242.87,0.4356,2,0.6,impressions,1.0,11880000,1.1,1.0,52800,1.08,9182.0,36728.0,1.019
13,2025-08-25,Quebec,Electronics,Social,CAD,121803,6355394,17699.45,0.002785,0.007654,0.016542,255.9,0.4631,2,0.6,impressions,1.0,11880000,1.1,1.0,52800,1.08,7079.78,28319.12,0.957
1,2025-06-02,Quebec,Electronics,Affiliate,CAD,121819,3248514,19892.16,0.006123,0.016298,0.030932,238.19,0.416,4,0.4,impressions,1.0,3960000,1.0,1.0,39600,1.0,5967.65,35805.89,1.081
2,2025-06-09,Quebec,Electronics,Affiliate,CAD,110672,3379657,18425.36,0.005452,0.016745,0.029307,249.23,0.4728,4,0.4,impressions,1.0,3960000,1.0,1.0,39600,1.0,5527.61,33165.65,0.919
3,2025-06-16,Quebec,Electronics,Affiliate,CAD,121829,3343630,18976.89,0.005676,0.017573,0.032593,245.49,0.4722,4,0.4,impressions,1.0,3960000,1.0,1.0,39600,1.0,5693.07,34158.4,0.978
4,2025-06-23,Quebec,Electronics,Affiliate,CAD,118579,3767264,24537.33,0.006513,0.018053,0.029804,256.73,0.4798,4,0.4,impressions,1.0,3960000,1.0,1.0,39600,1.0,7361.2,44167.19,0.987
5,2025-06-30,Quebec,Electronics,Affiliate,CAD,97785,3344072,20778.36,0.006213,0.016284,0.027361,246.8,0.4831,4,0.4,impressions,1.0,3960000,1.0,1.0,39600,1.0,6233.51,37401.04,1.037
6,2025-07-07,Quebec,Electronics,Affiliate,CAD,118340,3391488,20856.57,0.00615,0.016892,0.029535,259.32,0.446,4,0.4,impressions,1.0,3960000,1.0,1.0,39600,1.0,6256.97,37541.83,0.983
7,2025-07-14,Quebec,Electronics,Affiliate,CAD,123691,3034306,16498.67,0.005437,0.018004,0.031203,259.77,0.4743,4,0.4,impressions,1.0,3960000,1.0,1.0,39600,1.0,4949.6,29697.6,0.936
8,2025-07-21,Quebec,Electronics,Affiliate,CAD,104476,3785710,23909.7,0.006316,0.019491,0.028947,248.91,0.4713,4,0.4,impressions,1.0,3960000,1.0,1.0,39600,1.0,7172.91,43037.45,0.92
9,2025-07-28,Quebec,Electronics,Affiliate,CAD,121311,2942871,18344.01,0.006233,0.019315,0.028778,258.01,0.4861,4,0.4,impressions,1.0,3960000,1.0,1.0,39600,1.0,5503.2,33019.21,0.939
10,2025-08-04,Quebec,Electronics,Affiliate,CAD,122001,3143311,17005.95,0.00541,0.018853,0.031373,243.02,0.4493,4,0.4,impressions,1.0,3960000,1.0,1.0,39600,1.0,5101.79,30610.72,0.972
11,2025-08-11,Quebec,Electronics,Affiliate,CAD,113025,2941963,19291.11,0.006557,0.019573,0.029757,255.93,0.4796,4,0.4,impressions,1.0,3960000,1.0,1.0,39600,1.0,5787.33,34724.0,0.929
12,2025-08-18,Quebec,Electronics,Affiliate,CAD,99328,4118708,25830.36,0.006271,0.017271,0.030741,238.48,0.4528,4,0.4,impressions,1.0,3960000,1.0,1.0,39600,1.0,7749.11,46494.64,1.0
13,2025-08-25,Quebec,Electronics,Affiliate,CAD,119698,3014275,19027.07,0.006312,0.01877,0.027319,251.91,0.48,4,0.4,impressions,1.0,3960000,1.0,1.0,39600,1.0,5708.12,34248.73,0.919
1,2025-06-02,Quebec,Electronics,Email,CAD,105063,1571478,2534.49,0.001613,0.049038,0.037596,255.12,0.4073,6,0.2,impressions,1.0,1980000,0.95,1.0,26400,0.95,506.9,6336.22,0.929
2,2025-06-09,Quebec,Electronics,Email,CAD,106892,1570137,2563.38,0.001633,0.051303,0.04131,261.3,0.4643,6,0.2,impressions,1.0,1980000,0.95,1.0,26400,0.95,512.68,6408.46,1.003
3,2025-06-16,Quebec,Electronics,Email,CAD,119693,1660848,2720.74,0.001638,0.049992,0.040827,259.63,0.4148,6,0.2,impressions,1.0,1980000,0.95,1.0,26400,0.95,544.15,6801.86,1.065
4,2025-06-23,Quebec,Electronics,Email,CAD,115501,2389971,3708.31,0.001552,0.047754,0.041845,249.34,0.4231,6,0.2,impressions,1.0,1980000,0.95,1.0,26400,0.95,741.66,9270.76,0.934
5,2025-06-30,Quebec,Electronics,Email,CAD,113418,1621614,2620.63,0.001616,0.052048,0.041931,243.07,0.494,6,0.2,impressions,1.0,1980000,0.95,1.0,26400,0.95,524.13,6551.58,1.031
6,2025-07-07,Quebec,Electronics,Email,CAD,97398,1612887,2608.48,0.001617,0.04919,0.0398,253.63,0.4497,6,0.2,impressions,1.0,1980000,0.95,1.0,26400,0.95,521.7,6521.2,0.925
7,2025-07-14,Quebec,Electronics,Email,CAD,118315,1583595,2597.31,0.00164,0.054562,0.042113,238.39,0.4662,6,0.2,impressions,1.0,1980000,0.95,1.0,26400,0.95,519.46,6493.27,0.976
8,2025-07-21,Quebec,Electronics,Email,CAD,123996,2308524,3310.51,0.001434,0.045958,0.040544,253.99,0.4642,6,0.2,impressions,1.0,1980000,0.95,1.0,26400,0.95,662.1,8276.27,0.977
9,2025-07-28,Quebec,Electronics,Email,CAD,101812,1586106,2416.45,0.001524,0.049653,0.042437,238.43,0.4809,6,0.2,impressions,1.0,1980000,0.95,1.0,26400,0.95,483.29,6041.12,0.92
10,2025-08-04,Quebec,Electronics,Email,CAD,114985,1612255,2203.16,0.001367,0.045779,0.036205,248.56,0.4278,6,0.2,impressions,1.0,1980000,0.95,1.0,26400,0.95,440.63,5507.9,0.945
11,2025-08-11,Quebec,Electronics,Email,CAD,113844,1801263,2599.46,0.001443,0.045189,0.039347,245.47,0.4451,6,0.2,impressions,1.0,1980000,0.95,1.0,26400,0.95,519.89,6498.64,1.087
12,2025-08-18,Quebec,Electronics,Email,CAD,108575,2213667,3130.18,0.001414,0.050177,0.039781,256.38,0.4177,6,0.2,impressions,1.0,1980000,0.95,1.0,26400,0.95,626.04,7825.45,1.032
13,2025-08-25,Quebec,Electronics,Email,CAD,109431,1748770,2448.87,0.0014,0.054176,0.043573,244.05,0.478,6,0.2,impressions,1.0,1980000,0.95,1.0,26400,0.95,489.77,6122.18,1.042
1,2025-06-02,Quebec,Electronics,Online Video,CAD,113742,4008159,28528.33,0.007118,0.003061,0.009847,249.15,0.4539,3,0.7,impressions,1.0,9240000,1.15,1.0,72600,1.1,8558.5,48498.16,1.029
2,2025-06-09,Quebec,Electronics,Online Video,CAD,109817,3408135,23285.74,0.006832,0.003283,0.009213,254.78,0.4644,3,0.7,impressions,1.0,9240000,1.15,1.0,72600,1.1,6985.72,39585.76,1.049
3,2025-06-16,Quebec,Electronics,Online Video,CAD,108810,3467236,24032.24,0.006931,0.002999,0.009503,262.08,0.4314,3,0.7,impressions,1.0,9240000,1.15,1.0,72600,1.1,7209.67,40854.8,1.008
4,2025-06-23,Quebec,Electronics,Online Video,CAD,117747,5072976,36732.82,0.007241,0.002909,0.008536,246.93,0.4618,3,0.7,impressions,1.0,9240000,1.15,1.0,72600,1.1,11019.85,62445.8,0.975
5,2025-06-30,Quebec,Electronics,Online Video,CAD,101724,3466945,26068.4,0.007519,0.003041,0.008909,259.47,0.4359,3,0.7,impressions,1.0,9240000,1.15,1.0,72600,1.1,7820.52,44316.28,0.973
6,2025-07-07,Quebec,Electronics,Online Video,CAD,101481,3889976,26311.48,0.006764,0.003039,0.009282,254.19,0.4894,3,0.7,impressions,1.0,9240000,1.15,1.0,72600,1.1,7893.45,44729.52,1.016
7,2025-07-14,Quebec,Electronics,Online Video,CAD,116613,3793642,25760.44,0.00679,0.003025,0.009667,248.07,0.4589,3,0.7,impressions,1.0,9240000,1.15,1.0,72600,1.1,7728.13,43792.75,0.908
8,2025-07-21,Quebec,Electronics,Online Video,CAD,116181,4621104,31152.21,0.006741,0.003038,0.008319,254.04,0.4192,3,0.7,impressions,1.0,9240000,1.15,1.0,72600,1.1,9345.66,52958.76,1.03
9,2025-07-28,Quebec,Electronics,Online Video,CAD,124028,3480241,22642.99,0.006506,0.002755,0.009139,243.81,0.4463,3,0.7,impressions,1.0,9240000,1.15,1.0,72600,1.1,6792.9,38493.09,0.933
10,2025-08-04,Quebec,Electronics,Online Video,CAD,101868,4120660,31697.15,0.007692,0.003169,0.009594,248.22,0.4837,3,0.7,impressions,1.0,9240000,1.15,1.0,72600,1.1,9509.14,53885.15,0.996
11,2025-08-11,Quebec,Electronics,Online Video,CAD,118968,3425819,24371.17,0.007114,0.002736,0.009217,242.6,0.4768,3,0.7,impressions,1.0,9240000,1.15,1.0,72600,1.1,7311.35,41430.99,0.905
12,2025-08-18,Quebec,Electronics,Online Video,CAD,121911,4815537,32031.58,0.006652,0.003094,0.008242,255.55,0.4302,3,0.7,impressions,1.0,9240000,1.15,1.0,72600,1.1,9609.47,54453.69,0.91
13,2025-08-25,Quebec,Electronics,Online Video,CAD,121412,3533727,22889.76,0.006478,0.003187,0.008217,240.48,0.4945,3,0.7,impressions,1.0,9240000,1.15,1.0,72600,1.1,6866.93,38912.6,1.098
1,2025-06-02,Quebec,Apparel,Paid Search,CAD,118040,5157952,65350.32,0.01267,0.034186,0.056442,84.09,0.2331,4,0.3,impressions,1.0,6600000,1.1,1.0,79200,1.05,32675.16,98025.48,1.056
2,2025-06-09,Quebec,Apparel,Paid Search,CAD,119823,4753010,61833.55,0.013009,0.033114,0.051425,81.12,0.2617,4,0.3,impressions,1.0,6600000,1.1,1.0,79200,1.05,30916.78,92750.33,1.081
3,2025-06-16,Quebec,Apparel,Paid Search,CAD,102865,5399682,64545.87,0.011954,0.033582,0.050313,83.29,0.2459,4,0.3,impressions,1.0,6600000,1.1,1.0,79200,1.05,32272.94,96818.81,0.971
4,2025-06-23,Quebec,Apparel,Paid Search,CAD,103666,6775857,78485.17,0.011583,0.036978,0.056581,86.4,0.2633,4,0.3,impressions,1.0,6600000,1.1,1.0,79200,1.05,39242.58,117727.75,0.9
5,2025-06-30,Quebec,Apparel,Paid Search,CAD,107721,5562807,69391.85,0.012474,0.03712,0.058549,81.4,0.2543,4,0.3,impressions,1.0,6600000,1.1,1.0,79200,1.05,34695.92,104087.77,0.94
6,2025-07-07,Quebec,Apparel,Paid Search,CAD,114750,5334218,58235.19,0.010917,0.035613,0.058589,85.82,0.2572,4,0.3,impressions,1.0,6600000,1.1,1.0,79200,1.05,29117.6,87352.79,1.026
7,2025-07-14,Quebec,Apparel,Paid Search,CAD,103657,5400101,66343.4,0.012286,0.032413,0.052084,80.9,0.2567,4,0.3,impressions,1.0,6600000,1.1,1.0,79200,1.05,33171.7,99515.1,1.02
8,2025-07-21,Quebec,Apparel,Paid Search,CAD,98154,6825565,81300.24,0.011911,0.035239,0.052368,88.48,0.2463,4,0.3,impressions,1.0,6600000,1.1,1.0,79200,1.05,40650.12,121950.37,0.916
9,2025-07-28,Quebec,Apparel,Paid Search,CAD,103855,4882163,56831.39,0.011641,0.032069,0.058061,82.68,0.2624,4,0.3,impressions,1.0,6600000,1.1,1.0,79200,1.05,28415.69,85247.08,0.986
10,2025-08-04,Quebec,Apparel,Paid Search,CAD,119548,5629204,65359.66,0.011611,0.03382,0.055939,84.09,0.2681,4,0.3,impressions,1.0,6600000,1.1,1.0,79200,1.05,32679.83,98039.49,1.073
11,2025-08-11,Quebec,Apparel,Paid Search,CAD,119058,4820604,58508.71,0.012137,0.035488,0.056609,87.43,0.2526,4,0.3,impressions,1.0,6600000,1.1,1.0,79200,1.05,29254.36,87763.07,1.052
12,2025-08-18,Quebec,Apparel,Paid Search,CAD,107605,6165651,70608.3,0.011452,0.037242,0.051595,83.26,0.2504,4,0.3,impressions,1.0,6600000,1.1,1.0,79200,1.05,35304.15,105912.45,0.936
13,2025-08-25,Quebec,Apparel,Paid Search,CAD,99501,4742178,60944.32,0.012852,0.033353,0.05727,80.94,0.2533,4,0.3,impressions,1.0,6600000,1.1,1.0,79200,1.05,30472.16,91416.48,1.041
1,2025-06-02,Quebec,Apparel,Display,CAD,100831,6620724,26346.46,0.003979,0.004188,0.012754,88.06,0.2333,5,0.5,impressions,1.0,16500000,1.05,1.0,59400,1.05,10538.59,42154.34,1.06
2,2025-06-09,Quebec,Apparel,Display,CAD,97206,6421395,26318.01,0.004098,0.003783,0.011173,81.41,0.2272,5,0.5,impressions,1.0,16500000,1.05,1.0,59400,1.05,10527.21,42108.82,1.039
3,2025-06-16,Quebec,Apparel,Display,CAD,109424,7246332,27437.54,0.003786,0.00405,0.011304,87.64,0.2501,5,0.5,impressions,1.0,16500000,1.05,1.0,59400,1.05,10975.02,43900.06,0.948
4,2025-06-23,Quebec,Apparel,Display,CAD,122402,8363168,30983.74,0.003705,0.004376,0.012158,84.2,0.2415,5,0.5,impressions,1.0,16500000,1.05,1.0,59400,1.05,12393.5,49573.99,1.076
5,2025-06-30,Quebec,Apparel,Display,CAD,114857,7248096,30513.41,0.00421,0.003759,0.011645,82.52,0.2546,5,0.5,impressions,1.0,16500000,1.05,1.0,59400,1.05,12205.37,48821.46,1.041
6,2025-07-07,Quebec,Apparel,Display,CAD,98513,6674371,25877.87,0.003877,0.004165,0.013116,88.22,0.2261,5,0.5,impressions,1.0,16500000,1.05,1.0,59400,1.05,10351.15,41404.58,1.03
7,2025-07-14,Quebec,Apparel,Display,CAD,115050,7474247,30773.52,0.004117,0.003681,0.01283,80.99,0.2607,5,0.5,impressions,1.0,16500000,1.05,1.0,59400,1.05,12309.41,49237.63,0.906
8,2025-07-21,Quebec,Apparel,Display,CAD,104005,9521667,37160.79,0.003903,0.004286,0.012558,83.54,0.249,5,0.5,impressions,1.0,16500000,1.05,1.0,59400,1.05,14864.32,59457.27,0.92
9,2025-07-28,Quebec,Apparel,Display,CAD,121560,6457049,27951.26,0.004329,0.004292,0.010863,83.35,0.2504,5,0.5,impressions,1.0,16500000,1.05,1.0,59400,1.05,11180.5,44722.01,1.05
10,2025-08-04,Quebec,Apparel,Display,CAD,122214,7119109,26680.68,0.003748,0.004339,0.01244,83.37,0.2493,5,0.5,impressions,1.0,16500000,1.05,1.0,59400,1.05,10672.27,42689.08,0.977
11,2025-08-11,Quebec,Apparel,Display,CAD,105125,7293577,27145.96,0.003722,0.004162,0.013106,88.08,0.246,5,0.5,impressions,1.0,16500000,1.05,1.0,59400,1.05,10858.38,43433.53,0.967
12,2025-08-18,Quebec,Apparel,Display,CAD,120250,9056722,38497.97,0.004251,0.003622,0.013131,81.55,0.275,5,0.5,impressions,1.0,16500000,1.05,1.0,59400,1.05,15399.19,61596.75,0.913
13,2025-08-25,Quebec,Apparel,Display,CAD,105307,6573782,24225.35,0.003685,0.003912,0.012407,84.91,0.2471,5,0.5,impressions,1.0,16500000,1.05,1.0,59400,1.05,9690.14,38760.56,1.093
1,2025-06-02,Quebec,Apparel,Social,CAD,98194,6103333,18442.6,0.003022,0.007662,0.015083,86.45,0.2613,2,0.6,impressions,1.0,11880000,1.1,1.0,52800,1.08,7377.04,29508.16,0.979
2,2025-06-09,Quebec,Apparel,Social,CAD,117410,5313422,16266.09,0.003061,0.008438,0.017296,81.19,0.2448,2,0.6,impressions,1.0,11880000,1.1,1.0,52800,1.08,6506.43,26025.74,0.913
3,2025-06-16,Quebec,Apparel,Social,CAD,107170,6055698,18031.38,0.002978,0.007497,0.015734,84.21,0.2482,2,0.6,impressions,1.0,11880000,1.1,1.0,52800,1.08,7212.55,28850.21,1.01
4,2025-06-23,Quebec,Apparel,Social,CAD,118896,7481500,22955.33,0.003068,0.007685,0.015532,84.92,0.2612,2,0.6,impressions,1.0,11880000,1.1,1.0,52800,1.08,9182.13,36728.53,0.989
5,2025-06-30,Quebec,Apparel,Social,CAD,108998,5260742,14902.35,0.002833,0.007986,0.016544,84.03,0.2562,2,0.6,impressions,1.0,11880000,1.1,1.0,52800,1.08,5960.94,23843.76,1.02
6,2025-07-07,Quebec,Apparel,Social,CAD,118121,5506860,15796.13,0.002868,0.008748,0.017206,85.06,0.2278,2,0.6,impressions,1.0,11880000,1.1,1.0,52800,1.08,6318.45,25273.8,0.925
7,2025-07-14,Quebec,Apparel,Social,CAD,100455,6097941,19478.74,0.003194,0.007612,0.017421,87.4,0.2682,2,0.6,impressions,1.0,11880000,1.1,1.0,52800,1.08,7791.49,31165.98,1.003
8,2025-07-21,Quebec,Apparel,Social,CAD,103372,7059309,22592.78,0.0032,0.007911,0.015396,84.7,0.228,2,0.6,impressions,1.0,11880000,1.1,1.0,52800,1.08,9037.11,36148.45,1.077
9,2025-07-28,Quebec,Apparel,Social,CAD,122533,5871173,17636.94,0.003004,0.008236,0.016193,86.28,0.2627,2,0.6,impressions,1.0,11880000,1.1,1.0,52800,1.08,7054.78,28219.11,1.095
10,2025-08-04,Quebec,Apparel,Social,CAD,121611,6283296,20480.86,0.00326,0.008793,0.016542,84.19,0.268,2,0.6,impressions,1.0,11880000,1.1,1.0,52800,1.08,8192.34,32769.37,1.066
11,2025-08-11,Quebec,Apparel,Social,CAD,112465,5782760,16772.17,0.0029,0.007851,0.014909,87.27,0.2366,2,0.6,impressions,1.0,11880000,1.1,1.0,52800,1.08,6708.87,26835.47,1.021
12,2025-08-18,Quebec,Apparel,Social,CAD,102866,7042600,22337.57,0.003172,0.008697,0.016517,85.7,0.2667,2,0.6,impressions,1.0,11880000,1.1,1.0,52800,1.08,8935.03,35740.12,1.085
13,2025-08-25,Quebec,Apparel,Social,CAD,109477,5367249,15996.43,0.00298,0.00831,0.016549,83.95,0.2528,2,0.6,impressions,1.0,11880000,1.1,1.0,52800,1.08,6398.57,25594.28,0.991
1,2025-06-02,Quebec,Apparel,Affiliate,CAD,114127,3230371,21155.0,0.006549,0.018138,0.030808,86.29,0.2692,4,0.4,impressions,1.0,3960000,1.0,1.0,39600,1.0,6346.5,38078.99,0.914
2,2025-06-09,Quebec,Apparel,Affiliate,CAD,123452,3438638,20201.5,0.005875,0.01668,0.030478,87.54,0.2522,4,0.4,impressions,1.0,3960000,1.0,1.0,39600,1.0,6060.45,36362.7,0.93
3,2025-06-16,Quebec,Apparel,Affiliate,CAD,118092,3501304,20190.57,0.005767,0.017621,0.03099,83.02,0.2657,4,0.4,impressions,1.0,3960000,1.0,1.0,39600,1.0,6057.17,36343.03,1.005
4,2025-06-23,Quebec,Apparel,Affiliate,CAD,117572,4393890,26167.41,0.005955,0.017793,0.030238,85.02,0.2352,4,0.4,impressions,1.0,3960000,1.0,1.0,39600,1.0,7850.22,47101.33,1.036
5,2025-06-30,Quebec,Apparel,Affiliate,CAD,98787,3244508,17836.33,0.005497,0.01962,0.028706,87.77,0.2749,4,0.4,impressions,1.0,3960000,1.0,1.0,39600,1.0,5350.9,32105.39,1.056
6,2025-07-07,Quebec,Apparel,Affiliate,CAD,105275,3448970,19773.08,0.005733,0.016465,0.03024,88.53,0.2476,4,0.4,impressions,1.0,3960000,1.0,1.0,39600,1.0,5931.92,35591.54,0.977
7,2025-07-14,Quebec,Apparel,Affiliate,CAD,109004,2957564,18023.99,0.006094,0.01961,0.028208,84.05,0.2637,4,0.4,impressions,1.0,3960000,1.0,1.0,39600,1.0,5407.2,32443.18,1.04
8,2025-07-21,Quebec,Apparel,Affiliate,CAD,122036,4157202,25966.44,0.006246,0.017665,0.027351,85.03,0.2256,4,0.4,impressions,1.0,3960000,1.0,1.0,39600,1.0,7789.93,46739.6,0.922
9,2025-07-28,Quebec,Apparel,Affiliate,CAD,101539,3380433,18541.43,0.005485,0.018326,0.031372,80.94,0.2482,4,0.4,impressions,1.0,3960000,1.0,1.0,39600,1.0,5562.43,33374.58,1.067
10,2025-08-04,Quebec,Apparel,Affiliate,CAD,114061,3194103,19225.28,0.006019,0.018564,0.028993,88.96,0.2358,4,0.4,impressions,1.0,3960000,1.0,1.0,39600,1.0,5767.58,34605.5,0.928
11,2025-08-11,Quebec,Apparel,Affiliate,CAD,98855,3512127,20333.92,0.00579,0.016357,0.027081,81.38,0.2652,4,0.4,impressions,1.0,3960000,1.0,1.0,39600,1.0,6100.18,36601.06,0.987
12,2025-08-18,Quebec,Apparel,Affiliate,CAD,110599,3980902,23039.5,0.005788,0.016293,0.027804,84.1,0.272,4,0.4,impressions,1.0,3960000,1.0,1.0,39600,1.0,6911.85,41471.1,0.949
13,2025-08-25,Quebec,Apparel,Affiliate,CAD,124184,3261404,17931.39,0.005498,0.0162,0.032396,88.95,0.2315,4,0.4,impressions,1.0,3960000,1.0,1.0,39600,1.0,5379.42,32276.5,0.928
1,2025-06-02,Quebec,Apparel,Email,CAD,101522,1650582,2244.23,0.00136,0.049239,0.042243,86.61,0.229,6,0.2,impressions,1.0,1980000,0.95,1.0,26400,0.95,448.85,5610.56,1.081
2,2025-06-09,Quebec,Apparel,Email,CAD,117402,1609650,2456.79,0.001526,0.046805,0.036323,83.69,0.2453,6,0.2,impressions,1.0,1980000,0.95,1.0,26400,0.95,491.36,6141.97,1.02
3,2025-06-16,Quebec,Apparel,Email,CAD,102987,1577171,2409.97,0.001528,0.048642,0.037373,87.37,0.2406,6,0.2,impressions,1.0,1980000,0.95,1.0,26400,0.95,481.99,6024.93,1.036
4,2025-06-23,Quebec,Apparel,Email,CAD,122063,2175871,3137.27,0.001442,0.054891,0.036107,81.28,0.2408,6,0.2,impressions,1.0,1980000,0.95,1.0,26400,0.95,627.45,7843.18,0.916
5,2025-06-30,Quebec,Apparel,Email,CAD,99433,1897893,3024.06,0.001593,0.052771,0.039164,85.11,0.227,6,0.2,impressions,1.0,1980000,0.95,1.0,26400,0.95,604.81,7560.16,1.02
6,2025-07-07,Quebec,Apparel,Email,CAD,104715,1820573,2760.29,0.001516,0.053777,0.036638,87.76,0.2743,6,0.2,impressions,1.0,1980000,0.95,1.0,26400,0.95,552.06,6900.74,1.04
7,2025-07-14,Quebec,Apparel,Email,CAD,122954,1791402,2877.49,0.001606,0.052058,0.0416,81.49,0.2304,6,0.2,impressions,1.0,1980000,0.95,1.0,26400,0.95,575.5,7193.72,0.993
8,2025-07-21,Quebec,Apparel,Email,CAD,115964,2359477,3824.41,0.001621,0.054606,0.043505,88.48,0.2699,6,0.2,impressions,1.0,1980000,0.95,1.0,26400,0.95,764.88,9561.03,0.905
9,2025-07-28,Quebec,Apparel,Email,CAD,105625,1799482,2442.01,0.001357,0.046323,0.037074,81.74,0.271,6,0.2,impressions,1.0,1980000,0.95,1.0,26400,0.95,488.4,6105.02,1.059
10,2025-08-04,Quebec,Apparel,Email,CAD,110701,1669426,2696.71,0.001615,0.049884,0.037137,83.63,0.2599,6,0.2,impressions,1.0,1980000,0.95,1.0,26400,0.95,539.34,6741.77,1.063
11,2025-08-11,Quebec,Apparel,Email,CAD,103466,1897715,2601.89,0.001371,0.046568,0.043818,85.29,0.2708,6,0.2,impressions,1.0,1980000,0.95,1.0,26400,0.95,520.38,6504.73,0.929
12,2025-08-18,Quebec,Apparel,Email,CAD,110350,2079227,3109.63,0.001496,0.052244,0.036336,87.52,0.253,6,0.2,impressions,1.0,1980000,0.95,1.0,26400,0.95,621.93,7774.08,1.084
13,2025-08-25,Quebec,Apparel,Email,CAD,104765,1753961,2544.79,0.001451,0.051172,0.041772,82.35,0.2378,6,0.2,impressions,1.0,1980000,0.95,1.0,26400,0.95,508.96,6361.96,1.008
1,2025-06-02,Quebec,Apparel,Online Video,CAD,98789,3406744,22247.94,0.006531,0.003125,0.009422,87.13,0.2586,3,0.7,impressions,1.0,9240000,1.15,1.0,72600,1.1,6674.38,37821.5,1.029
2,2025-06-09,Quebec,Apparel,Online Video,CAD,111448,3947021,25111.56,0.006362,0.00293,0.008363,82.1,0.2729,3,0.7,impressions,1.0,9240000,1.15,1.0,72600,1.1,7533.47,42689.65,1.088
3,2025-06-16,Quebec,Apparel,Online Video,CAD,98097,3703080,24794.76,0.006696,0.003071,0.009406,85.76,0.2322,3,0.7,impressions,1.0,9240000,1.15,1.0,72600,1.1,7438.43,42151.09,0.943
4,2025-06-23,Quebec,Apparel,Online Video,CAD,110957,4955188,37066.04,0.00748,0.002745,0.008798,83.96,0.2666,3,0.7,impressions,1.0,9240000,1.15,1.0,72600,1.1,11119.81,63012.27,0.947
5,2025-06-30,Quebec,Apparel,Online Video,CAD,108828,3579131,26000.52,0.007264,0.003253,0.008198,86.03,0.2471,3,0.7,impressions,1.0,9240000,1.15,1.0,72600,1.1,7800.16,44200.88,1.075
6,2025-07-07,Quebec,Apparel,Online Video,CAD,106093,4109644,27661.65,0.006731,0.003202,0.009794,84.04,0.2259,3,0.7,impressions,1.0,9240000,1.15,1.0,72600,1.1,8298.49,47024.8,0.981
7,2025-07-14,Quebec,Apparel,Online Video,CAD,112285,4090964,29015.75,0.007093,0.003245,0.009048,82.25,0.2499,3,0.7,impressions,1.0,9240000,1.15,1.0,72600,1.1,8704.73,49326.78,0.951
8,2025-07-21,Quebec,Apparel,Online Video,CAD,118352,4827299,34281.68,0.007102,0.002719,0.008705,81.11,0.2555,3,0.7,impressions,1.0,9240000,1.15,1.0,72600,1.1,10284.5,58278.85,0.906
9,2025-07-28,Quebec,Apparel,Online Video,CAD,105866,3806402,25954.87,0.006819,0.003169,0.009038,88.96,0.233,3,0.7,impressions,1.0,9240000,1.15,1.0,72600,1.1,7786.46,44123.28,1.005
10,2025-08-04,Quebec,Apparel,Online Video,CAD,105225,3466130,25044.83,0.007226,0.003031,0.008261,86.14,0.2635,3,0.7,impressions,1.0,9240000,1.15,1.0,72600,1.1,7513.45,42576.21,1.03
11,2025-08-11,Quebec,Apparel,Online Video,CAD,114608,3982300,25417.58,0.006383,0.002782,0.00932,83.6,0.2673,3,0.7,impressions,1.0,9240000,1.15,1.0,72600,1.1,7625.27,43209.88,1.074
12,2025-08-18,Quebec,Apparel,Online Video,CAD,121565,4717228,36188.71,0.007672,0.003126,0.009035,86.66,0.2551,3,0.7,impressions,1.0,9240000,1.15,1.0,72600,1.1,10856.61,61520.8,0.959
13,2025-08-25,Quebec,Apparel,Online Video,CAD,101762,3889610,25100.92,0.006453,0.002706,0.008454,83.46,0.2663,3,0.7,impressions,1.0,9240000,1.15,1.0,72600,1.1,7530.27,42671.56,1.058
1,2025-06-02,Quebec,Home & Garden,Paid Search,CAD,105373,4366270,50950.31,0.011669,0.03503,0.05514,165.83,0.2891,4,0.3,impressions,1.0,6000000,1.1,1.0,72000,1.05,25475.15,76425.46,1.043
2,2025-06-09,Quebec,Home & Garden,Paid Search,CAD,119955,4624788,51188.46,0.011068,0.036103,0.051568,162.57,0.3106,4,0.3,impressions,1.0,6000000,1.1,1.0,72000,1.05,25594.23,76782.69,1.096
3,2025-06-16,Quebec,Home & Garden,Paid Search,CAD,117509,4460483,48230.45,0.010813,0.03294,0.055848,163.41,0.2949,4,0.3,impressions,1.0,6000000,1.1,1.0,72000,1.05,24115.22,72345.67,1.062
4,2025-06-23,Quebec,Home & Garden,Paid Search,CAD,112880,6103717,70814.03,0.011602,0.032278,0.049951,162.02,0.3176,4,0.3,impressions,1.0,6000000,1.1,1.0,72000,1.05,35407.02,106221.05,1.06
5,2025-06-30,Quebec,Home & Garden,Paid Search,CAD,100654,4527699,54508.61,0.012039,0.035202,0.056223,166.09,0.2841,4,0.3,impressions,1.0,6000000,1.1,1.0,72000,1.05,27254.31,81762.92,1.064
6,2025-07-07,Quebec,Home & Garden,Paid Search,CAD,121263,4412040,58041.43,0.013155,0.034382,0.053327,166.83,0.3283,4,0.3,impressions,1.0,6000000,1.1,1.0,72000,1.05,29020.72,87062.15,0.966
7,2025-07-14,Quebec,Home & Garden,Paid Search,CAD,107396,5055618,60779.0,0.012022,0.031589,0.053804,153.73,0.3023,4,0.3,impressions,1.0,6000000,1.1,1.0,72000,1.05,30389.5,91168.5,0.971
8,2025-07-21,Quebec,Home & Garden,Paid Search,CAD,99793,6524348,71226.43,0.010917,0.033872,0.059654,159.12,0.2859,4,0.3,impressions,1.0,6000000,1.1,1.0,72000,1.05,35613.22,106839.65,0.982
9,2025-07-28,Quebec,Home & Garden,Paid Search,CAD,113211,5183458,58662.15,0.011317,0.034348,0.059272,162.32,0.2781,4,0.3,impressions,1.0,6000000,1.1,1.0,72000,1.05,29331.07,87993.22,1.025
10,2025-08-04,Quebec,Home & Garden,Paid Search,CAD,121045,4618745,52239.96,0.01131,0.034536,0.053265,161.66,0.3273,4,0.3,impressions,1.0,6000000,1.1,1.0,72000,1.05,26119.98,78359.94,0.93
11,2025-08-11,Quebec,Home & Garden,Paid Search,CAD,110148,4960758,58097.15,0.011711,0.038053,0.053355,159.41,0.3131,4,0.3,impressions,1.0,6000000,1.1,1.0,72000,1.05,29048.57,87145.72,1.005
12,2025-08-18,Quebec,Home & Garden,Paid Search,CAD,116559,6301894,73293.81,0.01163,0.03171,0.052847,160.94,0.3035,4,0.3,impressions,1.0,6000000,1.1,1.0,72000,1.05,36646.9,109940.71,0.947
13,2025-08-25,Quebec,Home & Garden,Paid Search,CAD,109005,4777773,59811.93,0.012519,0.036891,0.049716,153.63,0.3138,4,0.3,impressions,1.0,6000000,1.1,1.0,72000,1.05,29905.96,89717.89,1.038
1,2025-06-02,Quebec,Home & Garden,Display,CAD,111205,6030302,24682.94,0.004093,0.003629,0.011336,165.56,0.2929,5,0.5,impressions,1.0,15000000,1.05,1.0,54000,1.05,9873.18,39492.71,1.024
2,2025-06-09,Quebec,Home & Garden,Display,CAD,116038,6273459,25211.47,0.004019,0.003936,0.012904,152.57,0.2834,5,0.5,impressions,1.0,15000000,1.05,1.0,54000,1.05,10084.59,40338.35,0.944
3,2025-06-16,Quebec,Home & Garden,Display,CAD,102477,6702011,26982.19,0.004026,0.004381,0.011565,152.3,0.3231,5,0.5,impressions,1.0,15000000,1.05,1.0,54000,1.05,10792.88,43171.5,1.087
4,2025-06-23,Quebec,Home & Garden,Display,CAD,124054,8651502,36813.71,0.004255,0.003853,0.012461,163.85,0.3251,5,0.5,impressions,1.0,15000000,1.05,1.0,54000,1.05,14725.48,58901.93,0.937
5,2025-06-30,Quebec,Home & Garden,Display,CAD,123143,6768869,28337.45,0.004186,0.003844,0.012327,160.55,0.2744,5,0.5,impressions,1.0,15000000,1.05,1.0,54000,1.05,11334.98,45339.92,0.981
6,2025-07-07,Quebec,Home & Garden,Display,CAD,112137,5820899,22060.27,0.00379,0.00378,0.010846,163.2,0.3247,5,0.5,impressions,1.0,15000000,1.05,1.0,54000,1.05,8824.11,35296.43,1.039
7,2025-07-14,Quebec,Home & Garden,Display,CAD,105348,6650084,27745.47,0.004172,0.003821,0.012168,165.4,0.2971,5,0.5,impressions,1.0,15000000,1.05,1.0,54000,1.05,11098.19,44392.76,0.943
8,2025-07-21,Quebec,Home & Garden,Display,CAD,99185,8302563,30127.54,0.003629,0.00375,0.011661,156.53,0.3091,5,0.5,impressions,1.0,15000000,1.05,1.0,54000,1.05,12051.02,48204.07,0.957
9,2025-07-28,Quebec,Home & Garden,Display,CAD,101044,6052645,23813.47,0.003934,0.004056,0.011565,163.4,0.2706,5,0.5,impressions,1.0,15000000,1.05,1.0,54000,1.05,9525.39,38101.55,0.926
10,2025-08-04,Quebec,Home & Garden,Display,CAD,119667,6007823,24161.49,0.004022,0.004367,0.011704,163.74,0.2728,5,0.5,impressions,1.0,15000000,1.05,1.0,54000,1.05,9664.59,38658.38,1.072
11,2025-08-11,Quebec,Home & Garden,Display,CAD,107658,6028748,25354.01,0.004206,0.003898,0.0117,156.72,0.277,5,0.5,impressions,1.0,15000000,1.05,1.0,54000,1.05,10141.6,40566.41,0.91
12,2025-08-18,Quebec,Home & Garden,Display,CAD,98768,8400921,33696.06,0.004011,0.003983,0.012576,153.15,0.2964,5,0.5,impressions,1.0,15000000,1.05,1.0,54000,1.05,13478.42,53913.7,0.912
13,2025-08-25,Quebec,Home & Garden,Display,CAD,107323,6595493,28676.05,0.004348,0.003896,0.011268,161.3,0.2872,5,0.5,impressions,1.0,15000000,1.05,1.0,54000,1.05,11470.42,45881.68,0.926
1,2025-06-02,Quebec,Home & Garden,Social,CAD,115634,4964398,13558.39,0.002731,0.00758,0.016457,156.36,0.2825,2,0.6,impressions,1.0,10800000,1.1,1.0,48000,1.08,5423.36,21693.43,1.065
2,2025-06-09,Quebec,Home & Garden,Social,CAD,107256,5189613,16865.57,0.00325,0.008345,0.016466,152.93,0.28,2,0.6,impressions,1.0,10800000,1.1,1.0,48000,1.08,6746.23,26984.92,0.984
3,2025-06-16,Quebec,Home & Garden,Social,CAD,116266,4797780,14419.8,0.003006,0.00753,0.014878,166.85,0.2935,2,0.6,impressions,1.0,10800000,1.1,1.0,48000,1.08,5767.92,23071.69,0.958
4,2025-06-23,Quebec,Home & Garden,Social,CAD,105582,6481411,20314.62,0.003134,0.007592,0.015438,165.1,0.3053,2,0.6,impressions,1.0,10800000,1.1,1.0,48000,1.08,8125.85,32503.39,0.925
5,2025-06-30,Quebec,Home & Garden,Social,CAD,119314,5779021,15696.89,0.002716,0.008693,0.016442,162.6,0.2968,2,0.6,impressions,1.0,10800000,1.1,1.0,48000,1.08,6278.76,25115.02,0.934
6,2025-07-07,Quebec,Home & Garden,Social,CAD,114657,4784074,13453.9,0.002812,0.008352,0.015954,163.18,0.3028,2,0.6,impressions,1.0,10800000,1.1,1.0,48000,1.08,5381.56,21526.24,1.027
7,2025-07-14,Quebec,Home & Garden,Social,CAD,99976,4781025,14589.49,0.003052,0.007431,0.015517,154.22,0.3212,2,0.6,impressions,1.0,10800000,1.1,1.0,48000,1.08,5835.79,23343.18,0.923
8,2025-07-21,Quebec,Home & Garden,Social,CAD,104767,6139776,18064.72,0.002942,0.008045,0.016384,156.62,0.3186,2,0.6,impressions,1.0,10800000,1.1,1.0,48000,1.08,7225.89,28903.56,0.908
9,2025-07-28,Quebec,Home & Garden,Social,CAD,118266,4924106,13870.69,0.002817,0.007222,0.015531,156.29,0.3193,2,0.6,impressions,1.0,10800000,1.1,1.0,48000,1.08,5548.27,22193.1,1.035
10,2025-08-04,Quebec,Home & Garden,Social,CAD,120966,5353516,15882.07,0.002967,0.007722,0.016149,154.05,0.3244,2,0.6,impressions,1.0,10800000,1.1,1.0,48000,1.08,6352.83,25411.31,1.065
11,2025-08-11,Quebec,Home & Garden,Social,CAD,100012,5309537,14798.51,0.002787,0.007328,0.015063,165.29,0.3217,2,0.6,impressions,1.0,10800000,1.1,1.0,48000,1.08,5919.4,23677.62,0.927
12,2025-08-18,Quebec,Home & Garden,Social,CAD,119555,6088991,17169.04,0.00282,0.008502,0.017373,152.18,0.2899,2,0.6,impressions,1.0,10800000,1.1,1.0,48000,1.08,6867.62,27470.46,0.998
13,2025-08-25,Quebec,Home & Garden,Social,CAD,106939,5486498,15950.92,0.002907,0.008227,0.015717,155.56,0.3162,2,0.6,impressions,1.0,10800000,1.1,1.0,48000,1.08,6380.37,25521.47,0.964
1,2025-06-02,Quebec,Home & Garden,Affiliate,CAD,110805,3094213,19022.93,0.006148,0.016204,0.027381,160.23,0.2961,4,0.4,impressions,1.0,3600000,1.0,1.0,36000,1.0,5706.88,34241.28,0.977
2,2025-06-09,Quebec,Home & Garden,Affiliate,CAD,119107,2860481,17424.61,0.006091,0.016781,0.031924,153.48,0.3089,4,0.4,impressions,1.0,3600000,1.0,1.0,36000,1.0,5227.38,31364.31,1.084
3,2025-06-16,Quebec,Home & Garden,Affiliate,CAD,113225,2902119,15868.52,0.005468,0.018362,0.03139,160.96,0.3153,4,0.4,impressions,1.0,3600000,1.0,1.0,36000,1.0,4760.56,28563.34,1.08
4,2025-06-23,Quebec,Home & Garden,Affiliate,CAD,119696,3800703,23673.71,0.006229,0.016913,0.027589,165.17,0.321,4,0.4,impressions,1.0,3600000,1.0,1.0,36000,1.0,7102.11,42612.68,1.04
5,2025-06-30,Quebec,Home & Garden,Affiliate,CAD,105884,2796300,15701.87,0.005615,0.016515,0.031572,155.79,0.2937,4,0.4,impressions,1.0,3600000,1.0,1.0,36000,1.0,4710.56,28263.37,0.934
6,2025-07-07,Quebec,Home & Garden,Affiliate,CAD,108444,3090104,18440.17,0.005967,0.017258,0.027118,164.3,0.3217,4,0.4,impressions,1.0,3600000,1.0,1.0,36000,1.0,5532.05,33192.31,1.046
7,2025-07-14,Quebec,Home & Garden,Affiliate,CAD,101436,2971434,18456.07,0.006211,0.017236,0.027333,162.38,0.3181,4,0.4,impressions,1.0,3600000,1.0,1.0,36000,1.0,5536.82,33220.92,1.071
8,2025-07-21,Quebec,Home & Garden,Affiliate,CAD,99707,3456872,21878.3,0.006329,0.018458,0.031846,156.77,0.2745,4,0.4,impressions,1.0,3600000,1.0,1.0,36000,1.0,6563.49,39380.93,0.949
9,2025-07-28,Quebec,Home & Garden,Affiliate,CAD,115623,2811878,18126.55,0.006446,0.017854,0.032441,163.5,0.2714,4,0.4,impressions,1.0,3600000,1.0,1.0,36000,1.0,5437.97,32627.8,0.926
10,2025-08-04,Quebec,Home & Garden,Affiliate,CAD,97779,3014826,17561.14,0.005825,0.019084,0.032487,163.29,0.2789,4,0.4,impressions,1.0,3600000,1.0,1.0,36000,1.0,5268.34,31610.05,0.93
11,2025-08-11,Quebec,Home & Garden,Affiliate,CAD,123295,3063023,18897.0,0.006169,0.018756,0.031271,159.64,0.3105,4,0.4,impressions,1.0,3600000,1.0,1.0,36000,1.0,5669.1,34014.6,1.078
12,2025-08-18,Quebec,Home & Garden,Affiliate,CAD,118889,3932750,23946.46,0.006089,0.01906,0.031169,153.93,0.2799,4,0.4,impressions,1.0,3600000,1.0,1.0,36000,1.0,7183.94,43103.63,1.023
13,2025-08-25,Quebec,Home & Garden,Affiliate,CAD,100135,3153351,18266.14,0.005793,0.01778,0.027156,158.73,0.2991,4,0.4,impressions,1.0,3600000,1.0,1.0,36000,1.0,5479.84,32879.05,1.004
1,2025-06-02,Quebec,Home & Garden,Email,CAD,101712,1588455,2555.12,0.001609,0.048679,0.043921,159.02,0.33,6,0.2,impressions,1.0,1800000,0.95,1.0,24000,0.95,511.02,6387.81,1.011
2,2025-06-09,Quebec,Home & Garden,Email,CAD,99070,1519644,2478.89,0.001631,0.047262,0.041091,164.58,0.2864,6,0.2,impressions,1.0,1800000,0.95,1.0,24000,0.95,495.78,6197.23,0.957
3,2025-06-16,Quebec,Home & Garden,Email,CAD,104980,1533298,2395.78,0.001563,0.045926,0.039996,164.02,0.2736,6,0.2,impressions,1.0,1800000,0.95,1.0,24000,0.95,479.16,5989.46,0.921
4,2025-06-23,Quebec,Home & Garden,Email,CAD,101142,2115455,3258.54,0.00154,0.048625,0.038395,166.13,0.2973,6,0.2,impressions,1.0,1800000,0.95,1.0,24000,0.95,651.71,8146.35,1.079
5,2025-06-30,Quebec,Home & Garden,Email,CAD,118620,1738596,2402.63,0.001382,0.046526,0.037537,156.95,0.3031,6,0.2,impressions,1.0,1800000,0.95,1.0,24000,0.95,480.53,6006.58,0.976
6,2025-07-07,Quebec,Home & Garden,Email,CAD,117339,1637597,2614.94,0.001597,0.050758,0.040986,163.78,0.3042,6,0.2,impressions,1.0,1800000,0.95,1.0,24000,0.95,522.99,6537.36,0.927
7,2025-07-14,Quebec,Home & Garden,Email,CAD,108450,1494051,2398.14,0.001605,0.047005,0.041509,158.55,0.3288,6,0.2,impressions,1.0,1800000,0.95,1.0,24000,0.95,479.63,5995.36,0.976
8,2025-07-21,Quebec,Home & Garden,Email,CAD,105409,2160105,3221.23,0.001491,0.054303,0.038283,155.0,0.3013,6,0.2,impressions,1.0,1800000,0.95,1.0,24000,0.95,644.25,8053.07,1.062
9,2025-07-28,Quebec,Home & Garden,Email,CAD,116251,1616035,2548.37,0.001577,0.054113,0.036584,156.09,0.2805,6,0.2,impressions,1.0,1800000,0.95,1.0,24000,0.95,509.67,6370.92,0.979
10,2025-08-04,Quebec,Home & Garden,Email,CAD,106360,1434404,2250.9,0.001569,0.045392,0.04327,156.35,0.2998,6,0.2,impressions,1.0,1800000,0.95,1.0,24000,0.95,450.18,5627.25,1.005
11,2025-08-11,Quebec,Home & Garden,Email,CAD,108679,1511618,2392.93,0.001583,0.050172,0.037665,156.78,0.3048,6,0.2,impressions,1.0,1800000,0.95,1.0,24000,0.95,478.59,5982.32,0.942
12,2025-08-18,Quebec,Home & Garden,Email,CAD,112996,1888276,2558.3,0.001355,0.05133,0.039405,152.45,0.2983,6,0.2,impressions,1.0,1800000,0.95,1.0,24000,0.95,511.66,6395.76,0.982
13,2025-08-25,Quebec,Home & Garden,Email,CAD,102978,1717623,2591.24,0.001509,0.051544,0.043619,164.6,0.3152,6,0.2,impressions,1.0,1800000,0.95,1.0,24000,0.95,518.25,6478.1,1.065
1,2025-06-02,Quebec,Home & Garden,Online Video,CAD,118579,3350096,22577.44,0.006739,0.003243,0.008807,167.23,0.3077,3,0.7,impressions,1.0,8400000,1.15,1.0,66000,1.1,6773.23,38381.66,0.961
2,2025-06-09,Quebec,Home & Garden,Online Video,CAD,105605,3647932,25873.68,0.007093,0.002806,0.009079,165.21,0.2974,3,0.7,impressions,1.0,8400000,1.15,1.0,66000,1.1,7762.1,43985.25,1.015
3,2025-06-16,Quebec,Home & Garden,Online Video,CAD,98131,3282963,24624.05,0.007501,0.002825,0.008794,155.46,0.3186,3,0.7,impressions,1.0,8400000,1.15,1.0,66000,1.1,7387.21,41860.88,0.922
4,2025-06-23,Quebec,Home & Garden,Online Video,CAD,108101,4346089,31360.53,0.007216,0.003148,0.008572,163.19,0.2907,3,0.7,impressions,1.0,8400000,1.15,1.0,66000,1.1,9408.16,53312.89,1.089
5,2025-06-30,Quebec,Home & Garden,Online Video,CAD,121007,3723072,25360.93,0.006812,0.002892,0.00843,162.71,0.3118,3,0.7,impressions,1.0,8400000,1.15,1.0,66000,1.1,7608.28,43113.59,0.958
6,2025-07-07,Quebec,Home & Garden,Online Video,CAD,106879,3706201,28104.69,0.007583,0.002973,0.009445,157.39,0.2967,3,0.7,impressions,1.0,8400000,1.15,1.0,66000,1.1,8431.41,47777.97,0.996
7,2025-07-14,Quebec,Home & Garden,Online Video,CAD,124171,3715303,24672.6,0.006641,0.003243,0.009544,157.2,0.2912,3,0.7,impressions,1.0,8400000,1.15,1.0,66000,1.1,7401.78,41943.41,1.055
8,2025-07-21,Quebec,Home & Garden,Online Video,CAD,110182,4461207,32461.9,0.007276,0.002991,0.008118,158.23,0.308,3,0.7,impressions,1.0,8400000,1.15,1.0,66000,1.1,9738.57,55185.23,1.089
9,2025-07-28,Quebec,Home & Garden,Online Video,CAD,104904,3095827,21280.02,0.006874,0.002714,0.009382,163.42,0.3105,3,0.7,impressions,1.0,8400000,1.15,1.0,66000,1.1,6384.01,36176.04,0.938
10,2025-08-04,Quebec,Home & Garden,Online Video,CAD,116655,3487072,23138.02,0.006635,0.0028,0.009411,159.6,0.2848,3,0.7,impressions,1.0,8400000,1.15,1.0,66000,1.1,6941.41,39334.63,0.966
11,2025-08-11,Quebec,Home & Garden,Online Video,CAD,111932,3172986,20408.37,0.006432,0.003062,0.009585,163.37,0.2894,3,0.7,impressions,1.0,8400000,1.15,1.0,66000,1.1,6122.51,34694.23,0.945
12,2025-08-18,Quebec,Home & Garden,Online Video,CAD,104200,4568828,29414.64,0.006438,0.003193,0.008177,160.34,0.3053,3,0.7,impressions,1.0,8400000,1.15,1.0,66000,1.1,8824.39,50004.88,1.068
13,2025-08-25,Quebec,Home & Garden,Online Video,CAD,99562,3312642,24396.76,0.007365,0.003272,0.008998,160.4,0.2742,3,0.7,impressions,1.0,8400000,1.15,1.0,66000,1.1,7319.03,41474.49,1.098
1,2025-06-02,Quebec,Grocery,Paid Search,CAD,100191,5023120,57677.61,0.011482,0.033103,0.056495,45.69,0.1413,4,0.3,impressions,1.0,6000000,1.1,1.0,72000,1.05,28838.81,86516.42,1.079
2,2025-06-09,Quebec,Grocery,Paid Search,CAD,101410,4392724,48152.14,0.010962,0.037383,0.056967,43.69,0.1608,4,0.3,impressions,1.0,6000000,1.1,1.0,72000,1.05,24076.07,72228.21,1.009
3,2025-06-16,Quebec,Grocery,Paid Search,CAD,107649,4785125,58292.16,0.012182,0.033419,0.051943,44.43,0.1392,4,0.3,impressions,1.0,6000000,1.1,1.0,72000,1.05,29146.08,87438.25,1.047
4,2025-06-23,Quebec,Grocery,Paid Search,CAD,120087,5480003,64924.8,0.011848,0.032219,0.056327,44.58,0.142,4,0.3,impressions,1.0,6000000,1.1,1.0,72000,1.05,32462.4,97387.19,0.965
5,2025-06-30,Quebec,Grocery,Paid Search,CAD,115616,5164515,62779.72,0.012156,0.036268,0.059923,44.54,0.143,4,0.3,impressions,1.0,6000000,1.1,1.0,72000,1.05,31389.86,94169.59,1.033
6,2025-07-07,Quebec,Grocery,Paid Search,CAD,97377,4685656,58630.74,0.012513,0.034483,0.058796,44.02,0.153,4,0.3,impressions,1.0,6000000,1.1,1.0,72000,1.05,29315.37,87946.11,1.062
7,2025-07-14,Quebec,Grocery,Paid Search,CAD,108226,5224370,60638.96,0.011607,0.03236,0.055109,44.29,0.1493,4,0.3,impressions,1.0,6000000,1.1,1.0,72000,1.05,30319.48,90958.45,0.936
8,2025-07-21,Quebec,Grocery,Paid Search,CAD,108721,5964736,65930.12,0.011053,0.035795,0.052099,42.98,0.1357,4,0.3,impressions,1.0,6000000,1.1,1.0,72000,1.05,32965.06,98895.19,0.937
9,2025-07-28,Quebec,Grocery,Paid Search,CAD,105514,5192009,67479.3,0.012997,0.036988,0.050922,45.39,0.1358,4,0.3,impressions,1.0,6000000,1.1,1.0,72000,1.05,33739.65,101218.95,0.99
10,2025-08-04,Quebec,Grocery,Paid Search,CAD,103601,4966196,59423.68,0.011966,0.03349,0.057513,43.35,0.1381,4,0.3,impressions,1.0,6000000,1.1,1.0,72000,1.05,29711.84,89135.51,0.928
11,2025-08-11,Quebec,Grocery,Paid Search,CAD,113851,4417301,50662.37,0.011469,0.034996,0.05833,43.99,0.16,4,0.3,impressions,1.0,6000000,1.1,1.0,72000,1.05,25331.19,75993.56,1.091
12,2025-08-18,Quebec,Grocery,Paid Search,CAD,103544,6635794,76761.45,0.011568,0.037389,0.05018,43.39,0.1635,4,0.3,impressions,1.0,6000000,1.1,1.0,72000,1.05,38380.72,115142.17,1.034
13,2025-08-25,Quebec,Grocery,Paid Search,CAD,121580,5131625,57733.01,0.01125,0.037391,0.05207,42.8,0.1474,4,0.3,impressions,1.0,6000000,1.1,1.0,72000,1.05,28866.5,86599.51,0.926
1,2025-06-02,Quebec,Grocery,Display,CAD,99797,6452496,27258.57,0.004224,0.003763,0.011779,45.5,0.1504,5,0.5,impressions,1.0,15000000,1.05,1.0,54000,1.05,10903.43,43613.71,0.996
2,2025-06-09,Quebec,Grocery,Display,CAD,112791,6429543,25817.17,0.004015,0.004394,0.011012,44.08,0.1512,5,0.5,impressions,1.0,15000000,1.05,1.0,54000,1.05,10326.87,41307.47,1.07
3,2025-06-16,Quebec,Grocery,Display,CAD,104372,6737138,24312.6,0.003609,0.003912,0.012039,46.3,0.1428,5,0.5,impressions,1.0,15000000,1.05,1.0,54000,1.05,9725.04,38900.16,0.902
4,2025-06-23,Quebec,Grocery,Display,CAD,98216,7758120,29914.08,0.003856,0.003724,0.013166,43.24,0.1386,5,0.5,impressions,1.0,15000000,1.05,1.0,54000,1.05,11965.63,47862.52,1.002
5,2025-06-30,Quebec,Grocery,Display,CAD,107966,5780966,21462.48,0.003713,0.003771,0.012046,44.68,0.1529,5,0.5,impressions,1.0,15000000,1.05,1.0,54000,1.05,8584.99,34339.97,0.961
6,2025-07-07,Quebec,Grocery,Display,CAD,102861,6064450,24687.37,0.004071,0.003792,0.012251,45.59,0.1398,5,0.5,impressions,1.0,15000000,1.05,1.0,54000,1.05,9874.95,39499.79,1.008
7,2025-07-14,Quebec,Grocery,Display,CAD,118072,5850084,24738.9,0.004229,0.003969,0.011593,43.17,0.1642,5,0.5,impressions,1.0,15000000,1.05,1.0,54000,1.05,9895.56,39582.25,0.974
8,2025-07-21,Quebec,Grocery,Display,CAD,102324,8847093,34501.69,0.0039,0.004292,0.010978,44.26,0.1648,5,0.5,impressions,1.0,15000000,1.05,1.0,54000,1.05,13800.68,55202.71,1.026
9,2025-07-28,Quebec,Grocery,Display,CAD,102999,5861815,21889.33,0.003734,0.004028,0.01117,47.2,0.1486,5,0.5,impressions,1.0,15000000,1.05,1.0,54000,1.05,8755.73,35022.93,0.954
10,2025-08-04,Quebec,Grocery,Display,CAD,121222,5791505,22957.58,0.003964,0.004009,0.011605,43.5,0.1448,5,0.5,impressions,1.0,15000000,1.05,1.0,54000,1.05,9183.03,36732.13,0.94
11,2025-08-11,Quebec,Grocery,Display,CAD,104929,6772609,26951.72,0.00398,0.004206,0.011639,44.06,0.1559,5,0.5,impressions,1.0,15000000,1.05,1.0,54000,1.05,10780.69,43122.75,0.948
12,2025-08-18,Quebec,Grocery,Display,CAD,100275,8085622,33247.04,0.004112,0.004145,0.011268,43.17,0.1536,5,0.5,impressions,1.0,15000000,1.05,1.0,54000,1.05,13298.82,53195.27,1.03
13,2025-08-25,Quebec,Grocery,Display,CAD,115170,6915882,26852.35,0.003883,0.003957,0.011321,44.96,0.1377,5,0.5,impressions,1.0,15000000,1.05,1.0,54000,1.05,10740.94,42963.75,0.921
1,2025-06-02,Quebec,Grocery,Social,CAD,112105,5515497,16866.83,0.003058,0.008517,0.015432,44.0,0.157,2,0.6,impressions,1.0,10800000,1.1,1.0,48000,1.08,6746.73,26986.93,0.948
2,2025-06-09,Quebec,Grocery,Social,CAD,106179,5629372,15689.1,0.002787,0.007606,0.015625,44.27,0.1555,2,0.6,impressions,1.0,10800000,1.1,1.0,48000,1.08,6275.64,25102.56,0.947
3,2025-06-16,Quebec,Grocery,Social,CAD,97686,5579939,16438.57,0.002946,0.008532,0.01725,42.87,0.1558,2,0.6,impressions,1.0,10800000,1.1,1.0,48000,1.08,6575.43,26301.72,1.019
4,2025-06-23,Quebec,Grocery,Social,CAD,103908,6743005,21239.52,0.00315,0.008141,0.015612,44.68,0.1553,2,0.6,impressions,1.0,10800000,1.1,1.0,48000,1.08,8495.81,33983.24,1.021
5,2025-06-30,Quebec,Grocery,Social,CAD,122754,5410739,15843.0,0.002928,0.008379,0.017516,43.04,0.1646,2,0.6,impressions,1.0,10800000,1.1,1.0,48000,1.08,6337.2,25348.8,0.921
6,2025-07-07,Quebec,Grocery,Social,CAD,100632,4949056,15843.44,0.003201,0.007747,0.014829,46.71,0.15,2,0.6,impressions,1.0,10800000,1.1,1.0,48000,1.08,6337.38,25349.51,1.018
7,2025-07-14,Quebec,Grocery,Social,CAD,108624,5396311,15558.24,0.002883,0.00801,0.016623,44.56,0.1356,2,0.6,impressions,1.0,10800000,1.1,1.0,48000,1.08,6223.29,24893.18,1.084
8,2025-07-21,Quebec,Grocery,Social,CAD,122674,6487370,18541.9,0.002858,0.008227,0.015676,46.82,0.1355,2,0.6,impressions,1.0,10800000,1.1,1.0,48000,1.08,7416.76,29667.04,1.031
9,2025-07-28,Quebec,Grocery,Social,CAD,101470,4954594,15854.82,0.0032,0.008052,0.015051,43.67,0.1424,2,0.6,impressions,1.0,10800000,1.1,1.0,48000,1.08,6341.93,25367.72,1.091
10,2025-08-04,Quebec,Grocery,Social,CAD,110911,5384421,17621.03,0.003273,0.008163,0.016441,43.79,0.1352,2,0.6,impressions,1.0,10800000,1.1,1.0,48000,1.08,7048.41,28193.65,0.996
11,2025-08-11,Quebec,Grocery,Social,CAD,106734,5103149,14658.98,0.002873,0.007299,0.015854,43.99,0.1417,2,0.6,impressions,1.0,10800000,1.1,1.0,48000,1.08,5863.59,23454.36,0.962
12,2025-08-18,Quebec,Grocery,Social,CAD,109220,6526382,19870.91,0.003045,0.008766,0.017385,47.16,0.1647,2,0.6,impressions,1.0,10800000,1.1,1.0,48000,1.08,7948.37,31793.46,1.092
13,2025-08-25,Quebec,Grocery,Social,CAD,103814,4992303,15544.18,0.003114,0.008174,0.015081,43.68,0.1452,2,0.6,impressions,1.0,10800000,1.1,1.0,48000,1.08,6217.67,24870.68,0.901
1,2025-06-02,Quebec,Grocery,Affiliate,CAD,101115,3190288,17558.23,0.005504,0.019371,0.028776,43.14,0.1517,4,0.4,impressions,1.0,3600000,1.0,1.0,36000,1.0,5267.47,31604.81,0.92
2,2025-06-09,Quebec,Grocery,Affiliate,CAD,121913,2796055,16086.42,0.005753,0.017778,0.03038,44.11,0.1477,4,0.4,impressions,1.0,3600000,1.0,1.0,36000,1.0,4825.93,28955.56,0.908
3,2025-06-16,Quebec,Grocery,Affiliate,CAD,104560,3016300,19306.58,0.006401,0.017044,0.031851,43.25,0.1642,4,0.4,impressions,1.0,3600000,1.0,1.0,36000,1.0,5791.97,34751.85,0.991
4,2025-06-23,Quebec,Grocery,Affiliate,CAD,106593,3595120,20669.83,0.005749,0.01727,0.0279,45.36,0.1598,4,0.4,impressions,1.0,3600000,1.0,1.0,36000,1.0,6200.95,37205.7,0.994
5,2025-06-30,Quebec,Grocery,Affiliate,CAD,101646,3029685,17548.42,0.005792,0.01852,0.03151,45.39,0.1467,4,0.4,impressions,1.0,3600000,1.0,1.0,36000,1.0,5264.53,31587.15,0.951
6,2025-07-07,Quebec,Grocery,Affiliate,CAD,108515,2880869,17538.7,0.006088,0.017734,0.032336,47.09,0.1381,4,0.4,impressions,1.0,3600000,1.0,1.0,36000,1.0,5261.61,31569.67,1.02
7,2025-07-14,Quebec,Grocery,Affiliate,CAD,119685,2836445,17597.97,0.006204,0.019123,0.032049,45.64,0.1635,4,0.4,impressions,1.0,3600000,1.0,1.0,36000,1.0,5279.39,31676.34,1.084
8,2025-07-21,Quebec,Grocery,Affiliate,CAD,109555,3471631,20317.46,0.005852,0.01797,0.031375,43.46,0.1526,4,0.4,impressions,1.0,3600000,1.0,1.0,36000,1.0,6095.24,36571.42,1.075
9,2025-07-28,Quebec,Grocery,Affiliate,CAD,99538,2849236,17459.47,0.006128,0.01651,0.027183,44.24,0.1475,4,0.4,impressions,1.0,3600000,1.0,1.0,36000,1.0,5237.84,31427.05,0.901
10,2025-08-04,Quebec,Grocery,Affiliate,CAD,110930,2676286,15820.32,0.005911,0.019434,0.028307,47.12,0.1598,4,0.4,impressions,1.0,3600000,1.0,1.0,36000,1.0,4746.09,28476.57,1.046
11,2025-08-11,Quebec,Grocery,Affiliate,CAD,113631,2989892,17786.7,0.005949,0.018714,0.031565,43.54,0.1489,4,0.4,impressions,1.0,3600000,1.0,1.0,36000,1.0,5336.01,32016.07,0.914
12,2025-08-18,Quebec,Grocery,Affiliate,CAD,102099,3629233,20258.98,0.005582,0.016434,0.032792,44.08,0.158,4,0.4,impressions,1.0,3600000,1.0,1.0,36000,1.0,6077.69,36466.17,0.993
13,2025-08-25,Quebec,Grocery,Affiliate,CAD,107791,2678820,17419.66,0.006503,0.018248,0.029717,44.03,0.1548,4,0.4,impressions,1.0,3600000,1.0,1.0,36000,1.0,5225.9,31355.38,1.048
1,2025-06-02,Quebec,Grocery,Email,CAD,100260,1639443,2288.71,0.001396,0.047248,0.040718,43.21,0.1507,6,0.2,impressions,1.0,1800000,0.95,1.0,24000,0.95,457.74,5721.78,1.084
2,2025-06-09,Quebec,Grocery,Email,CAD,110579,1678355,2367.84,0.001411,0.047258,0.03696,43.51,0.1377,6,0.2,impressions,1.0,1800000,0.95,1.0,24000,0.95,473.57,5919.6,0.978
3,2025-06-16,Quebec,Grocery,Email,CAD,105070,1583601,2217.19,0.0014,0.054506,0.038968,43.98,0.1422,6,0.2,impressions,1.0,1800000,0.95,1.0,24000,0.95,443.44,5542.97,1.003
4,2025-06-23,Quebec,Grocery,Email,CAD,102570,2033115,3177.85,0.001563,0.051693,0.042218,43.68,0.1385,6,0.2,impressions,1.0,1800000,0.95,1.0,24000,0.95,635.57,7944.64,0.917
5,2025-06-30,Quebec,Grocery,Email,CAD,98757,1665900,2626.87,0.001577,0.050271,0.038614,44.16,0.1644,6,0.2,impressions,1.0,1800000,0.95,1.0,24000,0.95,525.37,6567.16,1.002
6,2025-07-07,Quebec,Grocery,Email,CAD,122747,1511598,2266.4,0.001499,0.050626,0.041562,44.93,0.146,6,0.2,impressions,1.0,1800000,0.95,1.0,24000,0.95,453.28,5665.99,0.964
7,2025-07-14,Quebec,Grocery,Email,CAD,119427,1681821,2702.99,0.001607,0.045634,0.037338,45.39,0.1584,6,0.2,impressions,1.0,1800000,0.95,1.0,24000,0.95,540.6,6757.49,1.01
8,2025-07-21,Quebec,Grocery,Email,CAD,113459,2015386,3067.81,0.001522,0.046771,0.037186,44.4,0.1517,6,0.2,impressions,1.0,1800000,0.95,1.0,24000,0.95,613.56,7669.53,0.906
9,2025-07-28,Quebec,Grocery,Email,CAD,119755,1736632,2445.07,0.001408,0.045328,0.041773,45.68,0.1514,6,0.2,impressions,1.0,1800000,0.95,1.0,24000,0.95,489.01,6112.68,0.983
10,2025-08-04,Quebec,Grocery,Email,CAD,101966,1579080,2314.8,0.001466,0.051164,0.036938,46.05,0.1537,6,0.2,impressions,1.0,1800000,0.95,1.0,24000,0.95,462.96,5787.0,1.061
11,2025-08-11,Quebec,Grocery,Email,CAD,121204,1499230,2299.04,0.001533,0.047732,0.042564,44.43,0.1362,6,0.2,impressions,1.0,1800000,0.95,1.0,24000,0.95,459.81,5747.61,1.064
12,2025-08-18,Quebec,Grocery,Email,CAD,119839,1938345,2993.08,0.001544,0.050749,0.039731,44.85,0.1543,6,0.2,impressions,1.0,1800000,0.95,1.0,24000,0.95,598.62,7482.7,1.04
13,2025-08-25,Quebec,Grocery,Email,CAD,120558,1647235,2464.6,0.001496,0.0483,0.042645,43.54,0.1373,6,0.2,impressions,1.0,1800000,0.95,1.0,24000,0.95,492.92,6161.49,1.061
1,2025-06-02,Quebec,Grocery,Online Video,CAD,103716,3748935,24111.88,0.006432,0.003093,0.008354,44.3,0.1606,3,0.7,impressions,1.0,8400000,1.15,1.0,66000,1.1,7233.56,40990.2,1.052
2,2025-06-09,Quebec,Grocery,Online Video,CAD,103579,3704749,26155.84,0.00706,0.003044,0.008157,46.38,0.1433,3,0.7,impressions,1.0,8400000,1.15,1.0,66000,1.1,7846.75,44464.92,0.915
3,2025-06-16,Quebec,Grocery,Online Video,CAD,118986,3418655,23534.8,0.006884,0.002796,0.009607,46.34,0.1509,3,0.7,impressions,1.0,8400000,1.15,1.0,66000,1.1,7060.44,40009.16,0.985
4,2025-06-23,Quebec,Grocery,Online Video,CAD,113513,4127169,29677.79,0.007191,0.003181,0.008281,45.91,0.162,3,0.7,impressions,1.0,8400000,1.15,1.0,66000,1.1,8903.34,50452.25,0.987
5,2025-06-30,Quebec,Grocery,Online Video,CAD,119569,3351238,21742.59,0.006488,0.00293,0.008292,46.52,0.1575,3,0.7,impressions,1.0,8400000,1.15,1.0,66000,1.1,6522.78,36962.4,0.916
6,2025-07-07,Quebec,Grocery,Online Video,CAD,119883,3382214,25280.05,0.007474,0.003075,0.009663,44.43,0.1574,3,0.7,impressions,1.0,8400000,1.15,1.0,66000,1.1,7584.02,42976.09,1.006
7,2025-07-14,Quebec,Grocery,Online Video,CAD,121988,3566288,25413.5,0.007126,0.003159,0.008241,45.23,0.1533,3,0.7,impressions,1.0,8400000,1.15,1.0,66000,1.1,7624.05,43202.95,1.057
8,2025-07-21,Quebec,Grocery,Online Video,CAD,120141,4019540,26010.09,0.006471,0.002832,0.009587,45.55,0.1615,3,0.7,impressions,1.0,8400000,1.15,1.0,66000,1.1,7803.03,44217.15,1.06
9,2025-07-28,Quebec,Grocery,Online Video,CAD,99447,3486640,23944.9,0.006868,0.003002,0.008656,47.11,0.1411,3,0.7,impressions,1.0,8400000,1.15,1.0,66000,1.1,7183.47,40706.32,0.944
10,2025-08-04,Quebec,Grocery,Online Video,CAD,123026,3113726,23913.64,0.00768,0.003158,0.008645,45.0,0.1505,3,0.7,impressions,1.0,8400000,1.15,1.0,66000,1.1,7174.09,40653.19,0.935
11,2025-08-11,Quebec,Grocery,Online Video,CAD,110688,3194703,21985.37,0.006882,0.003023,0.008812,45.64,0.1549,3,0.7,impressions,1.0,8400000,1.15,1.0,66000,1.1,6595.61,37375.12,1.058
12,2025-08-18,Quebec,Grocery,Online Video,CAD,111805,4261054,28713.13,0.006739,0.002966,0.008398,43.71,0.1388,3,0.7,impressions,1.0,8400000,1.15,1.0,66000,1.1,8613.94,48812.32,0.915
13,2025-08-25,Quebec,Grocery,Online Video,CAD,119705,3104180,23746.28,0.00765,0.003062,0.009887,46.48,0.143,3,0.7,impressions,1.0,8400000,1.15,1.0,66000,1.1,7123.88,40368.67,0.911
1,2025-06-02,Quebec,Beauty,Paid Search,CAD,119235,4995083,56085.33,0.011228,0.032939,0.055489,62.0,0.2322,4,0.3,impressions,1.0,6000000,1.1,1.0,72000,1.05,28042.66,84127.99,0.944
2,2025-06-09,Quebec,Beauty,Paid Search,CAD,98377,5200691,64490.79,0.0124,0.036602,0.053408,57.73,0.229,4,0.3,impressions,1.0,6000000,1.1,1.0,72000,1.05,32245.4,96736.19,0.919
3,2025-06-16,Quebec,Beauty,Paid Search,CAD,116560,4737304,54468.92,0.011498,0.032365,0.054236,61.84,0.2188,4,0.3,impressions,1.0,6000000,1.1,1.0,72000,1.05,27234.46,81703.38,0.972
4,2025-06-23,Quebec,Beauty,Paid Search,CAD,106693,5700963,72243.17,0.012672,0.033972,0.057826,57.09,0.2043,4,0.3,impressions,1.0,6000000,1.1,1.0,72000,1.05,36121.59,108364.76,0.958
5,2025-06-30,Quebec,Beauty,Paid Search,CAD,113960,4757491,53574.15,0.011261,0.03618,0.058609,60.38,0.2142,4,0.3,impressions,1.0,6000000,1.1,1.0,72000,1.05,26787.07,80361.22,1.079
6,2025-07-07,Quebec,Beauty,Paid Search,CAD,112290,4388079,53996.67,0.012305,0.032846,0.050457,59.36,0.2052,4,0.3,impressions,1.0,6000000,1.1,1.0,72000,1.05,26998.33,80995.0,0.96
7,2025-07-14,Quebec,Beauty,Paid Search,CAD,110229,4746379,53679.12,0.011309,0.038482,0.053965,60.77,0.2087,4,0.3,impressions,1.0,6000000,1.1,1.0,72000,1.05,26839.56,80518.67,0.991
8,2025-07-21,Quebec,Beauty,Paid Search,CAD,104747,5661656,73433.59,0.01297,0.037073,0.051883,61.75,0.2127,4,0.3,impressions,1.0,6000000,1.1,1.0,72000,1.05,36716.79,110150.38,0.967
9,2025-07-28,Quebec,Beauty,Paid Search,CAD,104130,4380666,56924.4,0.012994,0.035399,0.05001,57.59,0.2103,4,0.3,impressions,1.0,6000000,1.1,1.0,72000,1.05,28462.2,85386.6,1.068
10,2025-08-04,Quebec,Beauty,Paid Search,CAD,113930,5082390,65523.29,0.012892,0.035806,0.052001,61.8,0.2312,4,0.3,impressions,1.0,6000000,1.1,1.0,72000,1.05,32761.65,98284.94,1.0
11,2025-08-11,Quebec,Beauty,Paid Search,CAD,106836,5150794,62519.25,0.012138,0.034118,0.051961,62.34,0.2241,4,0.3,impressions,1.0,6000000,1.1,1.0,72000,1.05,31259.62,93778.87,1.039
12,2025-08-18,Quebec,Beauty,Paid Search,CAD,98422,6626948,81830.22,0.012348,0.036041,0.056875,58.33,0.2043,4,0.3,impressions,1.0,6000000,1.1,1.0,72000,1.05,40915.11,122745.33,0.994
13,2025-08-25,Quebec,Beauty,Paid Search,CAD,112432,4652671,58980.8,0.012677,0.034476,0.05346,61.47,0.2378,4,0.3,impressions,1.0,6000000,1.1,1.0,72000,1.05,29490.4,88471.2,1.078
1,2025-06-02,Quebec,Beauty,Display,CAD,119905,6748116,28168.49,0.004174,0.004395,0.013126,57.86,0.199,5,0.5,impressions,1.0,15000000,1.05,1.0,54000,1.05,11267.4,45069.59,1.049
2,2025-06-09,Quebec,Beauty,Display,CAD,103522,6860164,26432.2,0.003853,0.003824,0.012336,59.7,0.2148,5,0.5,impressions,1.0,15000000,1.05,1.0,54000,1.05,10572.88,42291.53,1.016
3,2025-06-16,Quebec,Beauty,Display,CAD,117891,5981996,24236.96,0.004052,0.003889,0.012391,62.54,0.2025,5,0.5,impressions,1.0,15000000,1.05,1.0,54000,1.05,9694.78,38779.13,0.974
4,2025-06-23,Quebec,Beauty,Display,CAD,111246,8563036,35294.38,0.004122,0.003733,0.012008,57.27,0.2108,5,0.5,impressions,1.0,15000000,1.05,1.0,54000,1.05,14117.75,56471.01,0.907
5,2025-06-30,Quebec,Beauty,Display,CAD,121921,6299731,23683.76,0.003759,0.003826,0.012334,61.96,0.2278,5,0.5,impressions,1.0,15000000,1.05,1.0,54000,1.05,9473.5,37894.02,0.978
6,2025-07-07,Quebec,Beauty,Display,CAD,105060,6207012,25192.0,0.004059,0.003788,0.012387,59.01,0.2131,5,0.5,impressions,1.0,15000000,1.05,1.0,54000,1.05,10076.8,40307.21,1.042
7,2025-07-14,Quebec,Beauty,Display,CAD,104441,5810994,22769.12,0.003918,0.004121,0.011858,59.19,0.2105,5,0.5,impressions,1.0,15000000,1.05,1.0,54000,1.05,9107.65,36430.6,0.964
8,2025-07-21,Quebec,Beauty,Display,CAD,120857,8845888,34645.47,0.003917,0.004038,0.012657,62.67,0.2344,5,0.5,impressions,1.0,15000000,1.05,1.0,54000,1.05,13858.19,55432.75,1.023
9,2025-07-28,Quebec,Beauty,Display,CAD,109189,6580933,27494.61,0.004178,0.004079,0.011111,60.6,0.2203,5,0.5,impressions,1.0,15000000,1.05,1.0,54000,1.05,10997.84,43991.37,1.005
10,2025-08-04,Quebec,Beauty,Display,CAD,121820,5719871,24602.82,0.004301,0.003919,0.012522,62.05,0.2326,5,0.5,impressions,1.0,15000000,1.05,1.0,54000,1.05,9841.13,39364.51,0.955
11,2025-08-11,Quebec,Beauty,Display,CAD,115522,6229456,24617.04,0.003952,0.00431,0.011273,61.5,0.2262,5,0.5,impressions,1.0,15000000,1.05,1.0,54000,1.05,9846.82,39387.27,1.01
12,2025-08-18,Quebec,Beauty,Display,CAD,108028,8142660,30644.07,0.003763,0.003821,0.012351,61.16,0.1981,5,0.5,impressions,1.0,15000000,1.05,1.0,54000,1.05,12257.63,49030.51,0.961
13,2025-08-25,Quebec,Beauty,Display,CAD,107787,6309346,27586.04,0.004372,0.004013,0.012349,62.0,0.2296,5,0.5,impressions,1.0,15000000,1.05,1.0,54000,1.05,11034.41,44137.66,0.907
1,2025-06-02,Quebec,Beauty,Social,CAD,98870,5041484,14773.64,0.00293,0.007775,0.017115,59.77,0.21,2,0.6,impressions,1.0,10800000,1.1,1.0,48000,1.08,5909.46,23637.82,1.023
2,2025-06-09,Quebec,Beauty,Social,CAD,110679,5566655,16856.57,0.003028,0.007917,0.016339,61.79,0.231,2,0.6,impressions,1.0,10800000,1.1,1.0,48000,1.08,6742.63,26970.51,0.971
3,2025-06-16,Quebec,Beauty,Social,CAD,116621,4760659,13289.73,0.002792,0.008693,0.014574,59.52,0.225,2,0.6,impressions,1.0,10800000,1.1,1.0,48000,1.08,5315.89,21263.56,1.012
4,2025-06-23,Quebec,Beauty,Social,CAD,116356,6437272,19387.08,0.003012,0.007976,0.015755,57.97,0.2028,2,0.6,impressions,1.0,10800000,1.1,1.0,48000,1.08,7754.83,31019.33,1.018
5,2025-06-30,Quebec,Beauty,Social,CAD,113397,5699002,17299.63,0.003036,0.007968,0.016229,58.84,0.2023,2,0.6,impressions,1.0,10800000,1.1,1.0,48000,1.08,6919.85,27679.41,1.04
6,2025-07-07,Quebec,Beauty,Social,CAD,100923,5074646,15481.21,0.003051,0.007942,0.016821,57.32,0.2372,2,0.6,impressions,1.0,10800000,1.1,1.0,48000,1.08,6192.49,24769.94,0.918
7,2025-07-14,Quebec,Beauty,Social,CAD,113926,5344556,16675.53,0.00312,0.008353,0.016653,62.49,0.2134,2,0.6,impressions,1.0,10800000,1.1,1.0,48000,1.08,6670.21,26680.86,1.096
8,2025-07-21,Quebec,Beauty,Social,CAD,97974,7145908,19931.66,0.002789,0.0077,0.01746,61.58,0.2258,2,0.6,impressions,1.0,10800000,1.1,1.0,48000,1.08,7972.66,31890.65,0.916
9,2025-07-28,Quebec,Beauty,Social,CAD,102857,4823859,14769.51,0.003062,0.007312,0.016297,62.44,0.2186,2,0.6,impressions,1.0,10800000,1.1,1.0,48000,1.08,5907.8,23631.21,0.902
10,2025-08-04,Quebec,Beauty,Social,CAD,113069,4999874,16493.41,0.003299,0.008443,0.01701,59.47,0.1988,2,0.6,impressions,1.0,10800000,1.1,1.0,48000,1.08,6597.36,26389.45,1.092
11,2025-08-11,Quebec,Beauty,Social,CAD,100677,5610680,17511.24,0.003121,0.007366,0.014789,61.0,0.209,2,0.6,impressions,1.0,10800000,1.1,1.0,48000,1.08,7004.5,28017.99,1.085
12,2025-08-18,Quebec,Beauty,Social,CAD,110454,6971121,20242.14,0.002904,0.007522,0.01466,58.13,0.2212,2,0.6,impressions,1.0,10800000,1.1,1.0,48000,1.08,8096.85,32387.42,1.032
13,2025-08-25,Quebec,Beauty,Social,CAD,114345,5226330,17165.56,0.003284,0.007784,0.014489,61.92,0.2012,2,0.6,impressions,1.0,10800000,1.1,1.0,48000,1.08,6866.22,27464.89,0.938
1,2025-06-02,Quebec,Beauty,Affiliate,CAD,103789,2800958,15825.18,0.00565,0.018281,0.030202,57.85,0.2314,4,0.4,impressions,1.0,3600000,1.0,1.0,36000,1.0,4747.56,28485.33,1.048
2,2025-06-09,Quebec,Beauty,Affiliate,CAD,116821,2861885,18450.81,0.006447,0.01885,0.028658,61.13,0.2132,4,0.4,impressions,1.0,3600000,1.0,1.0,36000,1.0,5535.24,33211.45,0.942
3,2025-06-16,Quebec,Beauty,Affiliate,CAD,108275,2729311,16505.23,0.006047,0.017888,0.030921,60.65,0.222,4,0.4,impressions,1.0,3600000,1.0,1.0,36000,1.0,4951.57,29709.42,1.006
4,2025-06-23,Quebec,Beauty,Affiliate,CAD,106415,3479270,20569.13,0.005912,0.019008,0.030923,62.85,0.2027,4,0.4,impressions,1.0,3600000,1.0,1.0,36000,1.0,6170.74,37024.43,0.946
5,2025-06-30,Quebec,Beauty,Affiliate,CAD,118759,3122302,17525.24,0.005613,0.018452,0.027237,58.76,0.2281,4,0.4,impressions,1.0,3600000,1.0,1.0,36000,1.0,5257.57,31545.44,0.936
6,2025-07-07,Quebec,Beauty,Affiliate,CAD,109040,2700685,15590.09,0.005773,0.018235,0.02718,61.84,0.2181,4,0.4,impressions,1.0,3600000,1.0,1.0,36000,1.0,4677.03,28062.17,0.94
7,2025-07-14,Quebec,Beauty,Affiliate,CAD,117739,3103152,18058.7,0.005819,0.017615,0.029927,62.62,0.2228,4,0.4,impressions,1.0,3600000,1.0,1.0,36000,1.0,5417.61,32505.66,1.032
8,2025-07-21,Quebec,Beauty,Affiliate,CAD,117059,3655067,22428.08,0.006136,0.017989,0.027013,59.14,0.2032,4,0.4,impressions,1.0,3600000,1.0,1.0,36000,1.0,6728.42,40370.54,1.092
9,2025-07-28,Quebec,Beauty,Affiliate,CAD,121476,2777316,17834.52,0.006421,0.017547,0.030256,59.0,0.2043,4,0.4,impressions,1.0,3600000,1.0,1.0,36000,1.0,5350.35,32102.13,0.932
10,2025-08-04,Quebec,Beauty,Affiliate,CAD,101559,3154878,20243.39,0.006417,0.017385,0.029788,62.63,0.2167,4,0.4,impressions,1.0,3600000,1.0,1.0,36000,1.0,6073.02,36438.1,0.931
11,2025-08-11,Quebec,Beauty,Affiliate,CAD,120527,3093875,17397.14,0.005623,0.019617,0.030058,59.93,0.2325,4,0.4,impressions,1.0,3600000,1.0,1.0,36000,1.0,5219.14,31314.84,1.014
12,2025-08-18,Quebec,Beauty,Affiliate,CAD,106654,3380791,20719.08,0.006128,0.019321,0.03006,61.55,0.2167,4,0.4,impressions,1.0,3600000,1.0,1.0,36000,1.0,6215.72,37294.35,1.025
13,2025-08-25,Quebec,Beauty,Affiliate,CAD,100554,2763862,15896.9,0.005752,0.016892,0.02789,57.19,0.2307,4,0.4,impressions,1.0,3600000,1.0,1.0,36000,1.0,4769.07,28614.41,1.04
1,2025-06-02,Quebec,Beauty,Email,CAD,104603,1722945,2446.72,0.00142,0.053429,0.036159,62.67,0.215,6,0.2,impressions,1.0,1800000,0.95,1.0,24000,0.95,489.34,6116.8,0.944
2,2025-06-09,Quebec,Beauty,Email,CAD,120065,1695522,2744.93,0.001619,0.047141,0.036682,62.88,0.24,6,0.2,impressions,1.0,1800000,0.95,1.0,24000,0.95,548.99,6862.33,1.032
3,2025-06-16,Quebec,Beauty,Email,CAD,119853,1634836,2397.28,0.001466,0.053262,0.037667,60.85,0.2365,6,0.2,impressions,1.0,1800000,0.95,1.0,24000,0.95,479.46,5993.2,0.995
4,2025-06-23,Quebec,Beauty,Email,CAD,120902,2073745,2895.04,0.001396,0.052173,0.04384,62.56,0.221,6,0.2,impressions,1.0,1800000,0.95,1.0,24000,0.95,579.01,7237.61,0.982
5,2025-06-30,Quebec,Beauty,Email,CAD,99568,1719575,2331.28,0.001356,0.049187,0.040217,59.98,0.2108,6,0.2,impressions,1.0,1800000,0.95,1.0,24000,0.95,466.26,5828.2,0.992
6,2025-07-07,Quebec,Beauty,Email,CAD,99633,1541852,2405.91,0.00156,0.054475,0.043208,60.54,0.2104,6,0.2,impressions,1.0,1800000,0.95,1.0,24000,0.95,481.18,6014.78,1.057
7,2025-07-14,Quebec,Beauty,Email,CAD,102901,1679626,2447.68,0.001457,0.048239,0.041342,59.79,0.2224,6,0.2,impressions,1.0,1800000,0.95,1.0,24000,0.95,489.54,6119.21,0.98
8,2025-07-21,Quebec,Beauty,Email,CAD,111626,2176109,3332.5,0.001531,0.046301,0.036606,58.13,0.2006,6,0.2,impressions,1.0,1800000,0.95,1.0,24000,0.95,666.5,8331.25,0.927
9,2025-07-28,Quebec,Beauty,Email,CAD,114304,1471353,2194.38,0.001491,0.045534,0.036959,61.01,0.2262,6,0.2,impressions,1.0,1800000,0.95,1.0,24000,0.95,438.88,5485.94,0.981
10,2025-08-04,Quebec,Beauty,Email,CAD,105138,1492802,2164.19,0.00145,0.049647,0.042411,57.88,0.2364,6,0.2,impressions,1.0,1800000,0.95,1.0,24000,0.95,432.84,5410.47,1.041
11,2025-08-11,Quebec,Beauty,Email,CAD,105099,1597001,2244.04,0.001405,0.051836,0.042403,59.11,0.2035,6,0.2,impressions,1.0,1800000,0.95,1.0,24000,0.95,448.81,5610.1,1.038
12,2025-08-18,Quebec,Beauty,Email,CAD,108454,2215184,3277.96,0.00148,0.045003,0.036477,62.75,0.2372,6,0.2,impressions,1.0,1800000,0.95,1.0,24000,0.95,655.59,8194.9,0.909
13,2025-08-25,Quebec,Beauty,Email,CAD,102840,1576069,2191.6,0.001391,0.04806,0.041406,58.8,0.2005,6,0.2,impressions,1.0,1800000,0.95,1.0,24000,0.95,438.32,5479.0,0.918
1,2025-06-02,Quebec,Beauty,Online Video,CAD,97909,3631828,25613.56,0.007053,0.002947,0.008732,61.49,0.203,3,0.7,impressions,1.0,8400000,1.15,1.0,66000,1.1,7684.07,43543.05,0.989
2,2025-06-09,Quebec,Beauty,Online Video,CAD,110142,3360466,23871.04,0.007103,0.003052,0.009823,57.95,0.2208,3,0.7,impressions,1.0,8400000,1.15,1.0,66000,1.1,7161.31,40580.78,0.939
3,2025-06-16,Quebec,Beauty,Online Video,CAD,113842,3699431,27159.97,0.007342,0.003,0.00837,60.56,0.2015,3,0.7,impressions,1.0,8400000,1.15,1.0,66000,1.1,8147.99,46171.94,0.963
4,2025-06-23,Quebec,Beauty,Online Video,CAD,122831,3965359,27054.92,0.006823,0.002727,0.009238,62.45,0.1995,3,0.7,impressions,1.0,8400000,1.15,1.0,66000,1.1,8116.47,45993.36,1.093
5,2025-06-30,Quebec,Beauty,Online Video,CAD,103646,3158010,20874.74,0.00661,0.002717,0.009389,61.21,0.2362,3,0.7,impressions,1.0,8400000,1.15,1.0,66000,1.1,6262.42,35487.06,0.905
6,2025-07-07,Quebec,Beauty,Online Video,CAD,110563,3629576,26934.92,0.007421,0.002726,0.008153,58.79,0.2197,3,0.7,impressions,1.0,8400000,1.15,1.0,66000,1.1,8080.48,45789.37,0.986
7,2025-07-14,Quebec,Beauty,Online Video,CAD,114648,3551562,22995.09,0.006475,0.002707,0.009122,61.59,0.2093,3,0.7,impressions,1.0,8400000,1.15,1.0,66000,1.1,6898.53,39091.65,1.023
8,2025-07-21,Quebec,Beauty,Online Video,CAD,119260,4464245,33518.74,0.007508,0.00286,0.008581,57.08,0.206,3,0.7,impressions,1.0,8400000,1.15,1.0,66000,1.1,10055.62,56981.87,0.972
9,2025-07-28,Quebec,Beauty,Online Video,CAD,98000,3770016,24091.74,0.00639,0.003092,0.009103,60.73,0.2338,3,0.7,impressions,1.0,8400000,1.15,1.0,66000,1.1,7227.52,40955.97,1.032
10,2025-08-04,Quebec,Beauty,Online Video,CAD,106951,3268202,23400.67,0.00716,0.002949,0.008118,57.73,0.2147,3,0.7,impressions,1.0,8400000,1.15,1.0,66000,1.1,7020.2,39781.14,0.999
11,2025-08-11,Quebec,Beauty,Online Video,CAD,110912,3242599,21511.76,0.006634,0.002916,0.009095,60.81,0.2356,3,0.7,impressions,1.0,8400000,1.15,1.0,66000,1.1,6453.53,36569.99,1.03
12,2025-08-18,Quebec,Beauty,Online Video,CAD,97756,4396490,31650.68,0.007199,0.003039,0.008758,57.17,0.2143,3,0.7,impressions,1.0,8400000,1.15,1.0,66000,1.1,9495.2,53806.16,1.002
13,2025-08-25,Quebec,Beauty,Online Video,CAD,103925,3338096,21559.84,0.006459,0.003093,0.009467,62.94,0.2247,3,0.7,impressions,1.0,8400000,1.15,1.0,66000,1.1,6467.95,36651.73,1.015
1,2025-06-02,Quebec,Sporting Goods,Paid Search,CAD,116252,4548780,56348.16,0.012388,0.037672,0.055226,138.01,0.2737,4,0.3,impressions,1.0,6000000,1.1,1.0,72000,1.05,28174.08,84522.24,0.972
2,2025-06-09,Quebec,Sporting Goods,Paid Search,CAD,99220,5138631,66027.22,0.012849,0.032835,0.053563,143.34,0.2707,4,0.3,impressions,1.0,6000000,1.1,1.0,72000,1.05,33013.61,99040.83,0.91
3,2025-06-16,Quebec,Sporting Goods,Paid Search,CAD,115785,4892284,53867.97,0.011011,0.032392,0.050781,142.26,0.2856,4,0.3,impressions,1.0,6000000,1.1,1.0,72000,1.05,26933.99,80801.96,1.051
4,2025-06-23,Quebec,Sporting Goods,Paid Search,CAD,114844,5514231,67230.15,0.012192,0.03295,0.056345,146.21,0.265,4,0.3,impressions,1.0,6000000,1.1,1.0,72000,1.05,33615.07,100845.22,1.048
5,2025-06-30,Quebec,Sporting Goods,Paid Search,CAD,98390,4341019,47503.28,0.010943,0.033482,0.055779,146.44,0.2582,4,0.3,impressions,1.0,6000000,1.1,1.0,72000,1.05,23751.64,71254.92,0.985
6,2025-07-07,Quebec,Sporting Goods,Paid Search,CAD,107637,4317038,55937.15,0.012957,0.03218,0.057691,136.64,0.2872,4,0.3,impressions,1.0,6000000,1.1,1.0,72000,1.05,27968.57,83905.72,0.959
7,2025-07-14,Quebec,Sporting Goods,Paid Search,CAD,122454,4952282,55032.47,0.011113,0.0331,0.056592,145.05,0.2892,4,0.3,impressions,1.0,6000000,1.1,1.0,72000,1.05,27516.23,82548.7,1.088
8,2025-07-21,Quebec,Sporting Goods,Paid Search,CAD,103642,6571605,76262.92,0.011605,0.035362,0.054949,143.02,0.2821,4,0.3,impressions,1.0,6000000,1.1,1.0,72000,1.05,38131.46,114394.38,0.962
9,2025-07-28,Quebec,Sporting Goods,Paid Search,CAD,108291,4346311,47973.26,0.011038,0.033713,0.058366,139.38,0.2759,4,0.3,impressions,1.0,6000000,1.1,1.0,72000,1.05,23986.63,71959.89,1.003
10,2025-08-04,Quebec,Sporting Goods,Paid Search,CAD,104908,4766348,62449.51,0.013102,0.031956,0.055108,146.7,0.2818,4,0.3,impressions,1.0,6000000,1.1,1.0,72000,1.05,31224.75,93674.26,1.099
11,2025-08-11,Quebec,Sporting Goods,Paid Search,CAD,112347,4983731,53859.39,0.010807,0.03342,0.054482,137.89,0.256,4,0.3,impressions,1.0,6000000,1.1,1.0,72000,1.05,26929.69,80789.08,1.014
12,2025-08-18,Quebec,Sporting Goods,Paid Search,CAD,103534,6541423,70698.72,0.010808,0.033506,0.058464,137.67,0.2889,4,0.3,impressions,1.0,6000000,1.1,1.0,72000,1.05,35349.36,106048.08,1.008
13,2025-08-25,Quebec,Sporting Goods,Paid Search,CAD,101169,4297264,46931.45,0.010921,0.035266,0.059116,138.94,0.2622,4,0.3,impressions,1.0,6000000,1.1,1.0,72000,1.05,23465.73,70397.18,1.095
1,2025-06-02,Quebec,Sporting Goods,Display,CAD,112911,5845870,22005.04,0.003764,0.003772,0.013044,146.04,0.2887,5,0.5,impressions,1.0,15000000,1.05,1.0,54000,1.05,8802.02,35208.07,0.964
2,2025-06-09,Quebec,Sporting Goods,Display,CAD,122157,6119533,24099.73,0.003938,0.003907,0.011856,142.3,0.295,5,0.5,impressions,1.0,15000000,1.05,1.0,54000,1.05,9639.89,38559.58,1.088
3,2025-06-16,Quebec,Sporting Goods,Display,CAD,115515,6031129,23762.97,0.00394,0.003633,0.010836,141.27,0.2676,5,0.5,impressions,1.0,15000000,1.05,1.0,54000,1.05,9505.19,38020.75,1.02
4,2025-06-23,Quebec,Sporting Goods,Display,CAD,109842,7439286,30828.26,0.004144,0.003734,0.012923,138.08,0.2903,5,0.5,impressions,1.0,15000000,1.05,1.0,54000,1.05,12331.3,49325.21,0.934
5,2025-06-30,Quebec,Sporting Goods,Display,CAD,97864,5890822,21917.32,0.003721,0.003633,0.011612,141.87,0.2897,5,0.5,impressions,1.0,15000000,1.05,1.0,54000,1.05,8766.93,35067.72,1.059
6,2025-07-07,Quebec,Sporting Goods,Display,CAD,103874,6621043,26455.48,0.003996,0.003602,0.011625,144.46,0.299,5,0.5,impressions,1.0,15000000,1.05,1.0,54000,1.05,10582.19,42328.77,1.044
7,2025-07-14,Quebec,Sporting Goods,Display,CAD,118372,5778460,23331.7,0.004038,0.003797,0.011315,142.5,0.255,5,0.5,impressions,1.0,15000000,1.05,1.0,54000,1.05,9332.68,37330.72,1.072
8,2025-07-21,Quebec,Sporting Goods,Display,CAD,102545,7773304,33240.62,0.004276,0.004084,0.011829,143.2,0.2845,5,0.5,impressions,1.0,15000000,1.05,1.0,54000,1.05,13296.25,53184.99,0.984
9,2025-07-28,Quebec,Sporting Goods,Display,CAD,110186,5886814,23620.87,0.004013,0.003829,0.011614,135.37,0.2971,5,0.5,impressions,1.0,15000000,1.05,1.0,54000,1.05,9448.35,37793.39,1.049
10,2025-08-04,Quebec,Sporting Goods,Display,CAD,118622,6502184,25878.13,0.00398,0.003988,0.011666,144.88,0.3075,5,0.5,impressions,1.0,15000000,1.05,1.0,54000,1.05,10351.25,41405.0,0.903
11,2025-08-11,Quebec,Sporting Goods,Display,CAD,120210,6065077,24625.03,0.00406,0.004304,0.01309,143.55,0.2807,5,0.5,impressions,1.0,15000000,1.05,1.0,54000,1.05,9850.01,39400.05,1.019
12,2025-08-18,Quebec,Sporting Goods,Display,CAD,123668,8010493,34323.38,0.004285,0.004064,0.012382,143.25,0.2638,5,0.5,impressions,1.0,15000000,1.05,1.0,54000,1.05,13729.35,54917.41,1.011
13,2025-08-25,Quebec,Sporting Goods,Display,CAD,108879,6517743,26936.65,0.004133,0.004351,0.012752,137.89,0.269,5,0.5,impressions,1.0,15000000,1.05,1.0,54000,1.05,10774.66,43098.64,1.06
1,2025-06-02,Quebec,Sporting Goods,Social,CAD,121374,5188092,16195.34,0.003122,0.008417,0.015399,139.92,0.2701,2,0.6,impressions,1.0,10800000,1.1,1.0,48000,1.08,6478.14,25912.55,0.972
2,2025-06-09,Quebec,Sporting Goods,Social,CAD,103290,5615220,15884.17,0.002829,0.00766,0.015526,140.62,0.2603,2,0.6,impressions,1.0,10800000,1.1,1.0,48000,1.08,6353.67,25414.67,1.02
3,2025-06-16,Quebec,Sporting Goods,Social,CAD,119538,5505659,16366.92,0.002973,0.0074,0.017531,144.51,0.295,2,0.6,impressions,1.0,10800000,1.1,1.0,48000,1.08,6546.77,26187.07,0.92
4,2025-06-23,Quebec,Sporting Goods,Social,CAD,107177,6202495,19671.36,0.003172,0.008286,0.015251,146.4,0.3025,2,0.6,impressions,1.0,10800000,1.1,1.0,48000,1.08,7868.54,31474.17,0.973
5,2025-06-30,Quebec,Sporting Goods,Social,CAD,109917,5408601,15852.25,0.002931,0.007396,0.014714,146.89,0.2839,2,0.6,impressions,1.0,10800000,1.1,1.0,48000,1.08,6340.9,25363.6,1.032
6,2025-07-07,Quebec,Sporting Goods,Social,CAD,113234,5161097,14136.36,0.002739,0.008731,0.016284,139.9,0.3076,2,0.6,impressions,1.0,10800000,1.1,1.0,48000,1.08,5654.55,22618.18,0.921
7,2025-07-14,Quebec,Sporting Goods,Social,CAD,99478,5772601,16626.28,0.00288,0.007426,0.017199,137.28,0.2737,2,0.6,impressions,1.0,10800000,1.1,1.0,48000,1.08,6650.51,26602.06,1.064
8,2025-07-21,Quebec,Sporting Goods,Social,CAD,117686,6242040,20567.86,0.003295,0.007746,0.017118,137.88,0.2592,2,0.6,impressions,1.0,10800000,1.1,1.0,48000,1.08,8227.14,32908.57,0.929
9,2025-07-28,Quebec,Sporting Goods,Social,CAD,108349,5660314,16490.8,0.002913,0.007617,0.015054,134.04,0.3,2,0.6,impressions,1.0,10800000,1.1,1.0,48000,1.08,6596.32,26385.28,1.022
10,2025-08-04,Quebec,Sporting Goods,Social,CAD,106560,5494419,16551.47,0.003012,0.008227,0.016798,140.14,0.2874,2,0.6,impressions,1.0,10800000,1.1,1.0,48000,1.08,6620.59,26482.34,0.966
11,2025-08-11,Quebec,Sporting Goods,Social,CAD,99174,5635591,16433.91,0.002916,0.007632,0.016156,140.56,0.2747,2,0.6,impressions,1.0,10800000,1.1,1.0,48000,1.08,6573.56,26294.26,1.014
12,2025-08-18,Quebec,Sporting Goods,Social,CAD,121401,7219166,21315.4,0.002953,0.008121,0.015628,144.2,0.2677,2,0.6,impressions,1.0,10800000,1.1,1.0,48000,1.08,8526.16,34104.64,1.03
13,2025-08-25,Quebec,Sporting Goods,Social,CAD,104962,4914783,14818.83,0.003015,0.008437,0.016361,146.53,0.2678,2,0.6,impressions,1.0,10800000,1.1,1.0,48000,1.08,5927.53,23710.14,1.023
1,2025-06-02,Quebec,Sporting Goods,Affiliate,CAD,98799,2795488,16474.45,0.005893,0.016867,0.032453,144.9,0.266,4,0.4,impressions,1.0,3600000,1.0,1.0,36000,1.0,4942.34,29654.01,0.952
2,2025-06-09,Quebec,Sporting Goods,Affiliate,CAD,110795,2640776,15492.6,0.005867,0.017965,0.032677,141.96,0.276,4,0.4,impressions,1.0,3600000,1.0,1.0,36000,1.0,4647.78,27886.67,0.913
3,2025-06-16,Quebec,Sporting Goods,Affiliate,CAD,119413,3021643,17689.85,0.005854,0.019381,0.031518,141.96,0.2583,4,0.4,impressions,1.0,3600000,1.0,1.0,36000,1.0,5306.96,31841.73,1.064
4,2025-06-23,Quebec,Sporting Goods,Affiliate,CAD,118255,3592244,21645.7,0.006026,0.017223,0.028582,146.55,0.3035,4,0.4,impressions,1.0,3600000,1.0,1.0,36000,1.0,6493.71,38962.27,1.084
5,2025-06-30,Quebec,Sporting Goods,Affiliate,CAD,119969,2908111,16638.68,0.005721,0.017139,0.031982,137.81,0.2631,4,0.4,impressions,1.0,3600000,1.0,1.0,36000,1.0,4991.61,29949.63,1.006
6,2025-07-07,Quebec,Sporting Goods,Affiliate,CAD,117549,2658323,16150.47,0.006075,0.016644,0.028511,141.16,0.2843,4,0.4,impressions,1.0,3600000,1.0,1.0,36000,1.0,4845.14,29070.84,1.082
7,2025-07-14,Quebec,Sporting Goods,Affiliate,CAD,104233,3032591,19702.19,0.006497,0.018038,0.031313,142.0,0.2898,4,0.4,impressions,1.0,3600000,1.0,1.0,36000,1.0,5910.66,35463.95,1.017
8,2025-07-21,Quebec,Sporting Goods,Affiliate,CAD,108050,3787056,24527.26,0.006477,0.019232,0.028777,141.69,0.2757,4,0.4,impressions,1.0,3600000,1.0,1.0,36000,1.0,7358.18,44149.08,1.068
9,2025-07-28,Quebec,Sporting Goods,Affiliate,CAD,117091,2698957,16225.51,0.006012,0.017936,0.032407,142.25,0.3079,4,0.4,impressions,1.0,3600000,1.0,1.0,36000,1.0,4867.65,29205.91,0.928
10,2025-08-04,Quebec,Sporting Goods,Affiliate,CAD,113431,2693345,17576.21,0.006526,0.01922,0.030579,145.12,0.2562,4,0.4,impressions,1.0,3600000,1.0,1.0,36000,1.0,5272.86,31637.17,1.004
11,2025-08-11,Quebec,Sporting Goods,Affiliate,CAD,118404,3082353,18730.81,0.006077,0.016807,0.027776,133.68,0.3009,4,0.4,impressions,1.0,3600000,1.0,1.0,36000,1.0,5619.24,33715.46,0.903
12,2025-08-18,Quebec,Sporting Goods,Affiliate,CAD,115407,3425658,22586.43,0.006593,0.016372,0.030299,137.79,0.2713,4,0.4,impressions,1.0,3600000,1.0,1.0,36000,1.0,6775.93,40655.57,1.029
13,2025-08-25,Quebec,Sporting Goods,Affiliate,CAD,115717,3087689,19145.18,0.0062,0.016565,0.029804,139.91,0.2898,4,0.4,impressions,1.0,3600000,1.0,1.0,36000,1.0,5743.56,34461.33,1.023
1,2025-06-02,Quebec,Sporting Goods,Email,CAD,122281,1493316,2190.2,0.001467,0.053536,0.043205,135.43,0.2978,6,0.2,impressions,1.0,1800000,0.95,1.0,24000,0.95,438.04,5475.49,0.905
2,2025-06-09,Quebec,Sporting Goods,Email,CAD,104337,1497688,2369.98,0.001582,0.054213,0.040713,138.58,0.3075,6,0.2,impressions,1.0,1800000,0.95,1.0,24000,0.95,474.0,5924.94,0.91
3,2025-06-16,Quebec,Sporting Goods,Email,CAD,112374,1636248,2540.2,0.001552,0.054405,0.039648,142.62,0.301,6,0.2,impressions,1.0,1800000,0.95,1.0,24000,0.95,508.04,6350.51,1.042
4,2025-06-23,Quebec,Sporting Goods,Email,CAD,113822,2015193,2786.81,0.001383,0.05251,0.037487,134.05,0.2729,6,0.2,impressions,1.0,1800000,0.95,1.0,24000,0.95,557.36,6967.03,1.092
5,2025-06-30,Quebec,Sporting Goods,Email,CAD,100556,1732001,2614.29,0.001509,0.048308,0.042087,136.08,0.2865,6,0.2,impressions,1.0,1800000,0.95,1.0,24000,0.95,522.86,6535.74,1.001
6,2025-07-07,Quebec,Sporting Goods,Email,CAD,121749,1572233,2415.23,0.001536,0.045516,0.03857,144.77,0.2929,6,0.2,impressions,1.0,1800000,0.95,1.0,24000,0.95,483.05,6038.09,0.961
7,2025-07-14,Quebec,Sporting Goods,Email,CAD,115240,1493473,2418.82,0.00162,0.05254,0.039792,144.16,0.3025,6,0.2,impressions,1.0,1800000,0.95,1.0,24000,0.95,483.76,6047.04,1.048
8,2025-07-21,Quebec,Sporting Goods,Email,CAD,119903,2157941,2920.5,0.001353,0.052424,0.040032,136.66,0.2701,6,0.2,impressions,1.0,1800000,0.95,1.0,24000,0.95,584.1,7301.26,0.921
9,2025-07-28,Quebec,Sporting Goods,Email,CAD,106745,1663010,2451.79,0.001474,0.054498,0.03746,136.01,0.3002,6,0.2,impressions,1.0,1800000,0.95,1.0,24000,0.95,490.36,6129.47,1.036
10,2025-08-04,Quebec,Sporting Goods,Email,CAD,104758,1640658,2400.5,0.001463,0.046844,0.039058,136.33,0.3011,6,0.2,impressions,1.0,1800000,0.95,1.0,24000,0.95,480.1,6001.25,0.948
11,2025-08-11,Quebec,Sporting Goods,Email,CAD,105740,1556042,2346.56,0.001508,0.04518,0.038773,136.89,0.2912,6,0.2,impressions,1.0,1800000,0.95,1.0,24000,0.95,469.31,5866.4,1.088
12,2025-08-18,Quebec,Sporting Goods,Email,CAD,120534,1936319,2836.1,0.001465,0.047628,0.039186,136.38,0.2642,6,0.2,impressions,1.0,1800000,0.95,1.0,24000,0.95,567.22,7090.25,1.053
13,2025-08-25,Quebec,Sporting Goods,Email,CAD,110580,1530473,2299.27,0.001502,0.05181,0.039657,136.74,0.2562,6,0.2,impressions,1.0,1800000,0.95,1.0,24000,0.95,459.85,5748.17,0.911
1,2025-06-02,Quebec,Sporting Goods,Online Video,CAD,104264,3243803,22102.99,0.006814,0.002753,0.008573,138.51,0.2586,3,0.7,impressions,1.0,8400000,1.15,1.0,66000,1.1,6630.9,37575.08,0.914
2,2025-06-09,Quebec,Sporting Goods,Online Video,CAD,103315,3175644,23134.06,0.007285,0.002896,0.00823,138.4,0.2703,3,0.7,impressions,1.0,8400000,1.15,1.0,66000,1.1,6940.22,39327.9,0.947
3,2025-06-16,Quebec,Sporting Goods,Online Video,CAD,116251,3160444,19978.33,0.006321,0.003291,0.009604,141.64,0.2663,3,0.7,impressions,1.0,8400000,1.15,1.0,66000,1.1,5993.5,33963.16,0.926
4,2025-06-23,Quebec,Sporting Goods,Online Video,CAD,106801,4607535,32604.27,0.007076,0.002966,0.009238,146.69,0.296,3,0.7,impressions,1.0,8400000,1.15,1.0,66000,1.1,9781.28,55427.25,0.902
5,2025-06-30,Quebec,Sporting Goods,Online Video,CAD,101809,3292326,22612.45,0.006868,0.003141,0.0099,146.8,0.2599,3,0.7,impressions,1.0,8400000,1.15,1.0,66000,1.1,6783.74,38441.17,0.995
6,2025-07-07,Quebec,Sporting Goods,Online Video,CAD,99938,3629021,27467.05,0.007569,0.003178,0.008713,140.63,0.2781,3,0.7,impressions,1.0,8400000,1.15,1.0,66000,1.1,8240.11,46693.98,1.055
7,2025-07-14,Quebec,Sporting Goods,Online Video,CAD,118168,3534238,25231.76,0.007139,0.002846,0.008605,145.63,0.2844,3,0.7,impressions,1.0,8400000,1.15,1.0,66000,1.1,7569.53,42893.99,0.952
8,2025-07-21,Quebec,Sporting Goods,Online Video,CAD,104829,4131004,27041.21,0.006546,0.003196,0.008852,137.9,0.2658,3,0.7,impressions,1.0,8400000,1.15,1.0,66000,1.1,8112.36,45970.06,0.936
9,2025-07-28,Quebec,Sporting Goods,Online Video,CAD,112620,3177763,22904.74,0.007208,0.003101,0.009144,137.81,0.2951,3,0.7,impressions,1.0,8400000,1.15,1.0,66000,1.1,6871.42,38938.06,0.955
10,2025-08-04,Quebec,Sporting Goods,Online Video,CAD,104621,3209320,23770.52,0.007407,0.003017,0.008683,145.48,0.2936,3,0.7,impressions,1.0,8400000,1.15,1.0,66000,1.1,7131.16,40409.89,1.084
11,2025-08-11,Quebec,Sporting Goods,Online Video,CAD,97438,3542185,24261.96,0.006849,0.002962,0.009794,146.32,0.3038,3,0.7,impressions,1.0,8400000,1.15,1.0,66000,1.1,7278.59,41245.33,0.98
12,2025-08-18,Quebec,Sporting Goods,Online Video,CAD,120077,4436034,29110.78,0.006562,0.003247,0.009693,138.59,0.2988,3,0.7,impressions,1.0,8400000,1.15,1.0,66000,1.1,8733.23,49488.32,1.065
13,2025-08-25,Quebec,Sporting Goods,Online Video,CAD,98936,3414951,22208.45,0.006503,0.003244,0.008311,134.16,0.3044,3,0.7,impressions,1.0,8400000,1.15,1.0,66000,1.1,6662.54,37754.37,0.964
1,2025-06-02,British Columbia,Electronics,Paid Search,CAD,77264,4242418,53306.6,0.012565,0.03396,0.058405,254.73,0.407,4,0.3,impressions,1.0,4950000,1.1,1.0,59400,1.05,26653.3,79959.89,1.026
2,2025-06-09,British Columbia,Electronics,Paid Search,CAD,78782,3567926,38615.61,0.010823,0.031933,0.050397,251.65,0.4616,4,0.3,impressions,1.0,4950000,1.1,1.0,59400,1.05,19307.81,57923.42,1.07
3,2025-06-16,British Columbia,Electronics,Paid Search,CAD,80094,4310195,50940.21,0.011819,0.032209,0.051882,258.56,0.4279,4,0.3,impressions,1.0,4950000,1.1,1.0,59400,1.05,25470.1,76410.31,0.977
4,2025-06-23,British Columbia,Electronics,Paid Search,CAD,90247,4877705,55529.34,0.011384,0.032355,0.056982,253.22,0.4251,4,0.3,impressions,1.0,4950000,1.1,1.0,59400,1.05,27764.67,83294.01,1.048
5,2025-06-30,British Columbia,Electronics,Paid Search,CAD,82359,3732744,45945.37,0.012309,0.032582,0.056185,239.76,0.4469,4,0.3,impressions,1.0,4950000,1.1,1.0,59400,1.05,22972.68,68918.05,1.055
6,2025-07-07,British Columbia,Electronics,Paid Search,CAD,81020,3543614,40561.48,0.011446,0.032608,0.050856,261.31,0.4723,4,0.3,impressions,1.0,4950000,1.1,1.0,59400,1.05,20280.74,60842.22,0.951
7,2025-07-14,British Columbia,Electronics,Paid Search,CAD,89617,4077380,53474.01,0.013115,0.035967,0.054552,242.97,0.4579,4,0.3,impressions,1.0,4950000,1.1,1.0,59400,1.05,26737.0,80211.01,0.981
8,2025-07-21,British Columbia,Electronics,Paid Search,CAD,80480,5207962,61689.05,0.011845,0.036308,0.052835,259.89,0.4905,4,0.3,impressions,1.0,4950000,1.1,1.0,59400,1.05,30844.53,92533.58,1.064
9,2025-07-28,British Columbia,Electronics,Paid Search,CAD,81594,3870266,47942.13,0.012387,0.031681,0.05063,244.78,0.4906,4,0.3,impressions,1.0,4950000,1.1,1.0,59400,1.05,23971.07,71913.2,1.036
10,2025-08-04,British Columbia,Electronics,Paid Search,CAD,85690,3665660,41471.82,0.011314,0.036873,0.054731,256.83,0.4338,4,0.3,impressions,1.0,4950000,1.1,1.0,59400,1.05,20735.91,62207.73,0.918
11,2025-08-11,British Columbia,Electronics,Paid Search,CAD,73724,3642492,47957.59,0.013166,0.038299,0.056456,245.97,0.4924,4,0.3,impressions,1.0,4950000,1.1,1.0,59400,1.05,23978.8,71936.39,0.907
12,2025-08-18,British Columbia,Electronics,Paid Search,CAD,76202,5124926,61648.77,0.012029,0.034754,0.050413,245.69,0.4352,4,0.3,impressions,1.0,4950000,1.1,1.0,59400,1.05,30824.39,92473.16,1.053
13,2025-08-25,British Columbia,Electronics,Paid Search,CAD,73447,4291585,50106.91,0.011676,0.035574,0.059564,262.07,0.4568,4,0.3,impressions,1.0,4950000,1.1,1.0,59400,1.05,25053.45,75160.36,1.046
1,2025-06-02,British Columbia,Electronics,Display,CAD,86942,4771193,19386.2,0.004063,0.004253,0.010928,257.55,0.4555,5,0.5,impressions,1.0,12375000,1.05,1.0,44550,1.05,7754.48,31017.91,0.912
2,2025-06-09,British Columbia,Electronics,Display,CAD,75285,5725204,21240.04,0.00371,0.004254,0.010903,244.38,0.462,5,0.5,impressions,1.0,12375000,1.05,1.0,44550,1.05,8496.01,33984.06,0.929
3,2025-06-16,British Columbia,Electronics,Display,CAD,81023,4976841,19776.89,0.003974,0.003895,0.012807,245.54,0.4555,5,0.5,impressions,1.0,12375000,1.05,1.0,44550,1.05,7910.76,31643.03,0.967
4,2025-06-23,British Columbia,Electronics,Display,CAD,88024,6153938,25893.66,0.004208,0.004243,0.013018,248.48,0.4504,5,0.5,impressions,1.0,12375000,1.05,1.0,44550,1.05,10357.47,41429.86,1.019
5,2025-06-30,British Columbia,Electronics,Display,CAD,91618,5402184,22731.21,0.004208,0.004322,0.011281,254.62,0.4289,5,0.5,impressions,1.0,12375000,1.05,1.0,44550,1.05,9092.48,36369.93,1.084
6,2025-07-07,British Columbia,Electronics,Display,CAD,75253,4900239,21060.3,0.004298,0.004176,0.010915,253.94,0.4329,5,0.5,impressions,1.0,12375000,1.05,1.0,44550,1.05,8424.12,33696.49,0.91
7,2025-07-14,British Columbia,Electronics,Display,CAD,73791,4881400,17667.75,0.003619,0.004203,0.011366,247.43,0.4484,5,0.5,impressions,1.0,12375000,1.05,1.0,44550,1.05,7067.1,28268.4,0.938
8,2025-07-21,British Columbia,Electronics,Display,CAD,74941,6510533,26328.79,0.004044,0.004143,0.010997,241.16,0.4226,5,0.5,impressions,1.0,12375000,1.05,1.0,44550,1.05,10531.52,42126.06,0.935
9,2025-07-28,British Columbia,Electronics,Display,CAD,88411,5557801,23339.53,0.004199,0.003879,0.011591,239.37,0.4824,5,0.5,impressions,1.0,12375000,1.05,1.0,44550,1.05,9335.81,37343.24,0.962
10,2025-08-04,British Columbia,Electronics,Display,CAD,91481,5026486,18595.62,0.0037,0.004258,0.011239,238.62,0.4895,5,0.5,impressions,1.0,12375000,1.05,1.0,44550,1.05,7438.25,29753.0,0.955
11,2025-08-11,British Columbia,Electronics,Display,CAD,79473,5698448,24725.23,0.004339,0.004326,0.012969,249.9,0.4829,5,0.5,impressions,1.0,12375000,1.05,1.0,44550,1.05,9890.09,39560.37,0.984
12,2025-08-18,British Columbia,Electronics,Display,CAD,78839,6150265,25849.86,0.004203,0.004175,0.011521,239.35,0.4521,5,0.5,impressions,1.0,12375000,1.05,1.0,44550,1.05,10339.94,41359.77,0.952
13,2025-08-25,British Columbia,Electronics,Display,CAD,77494,4948949,21016.99,0.004247,0.004271,0.011264,257.35,0.4499,5,0.5,impressions,1.0,12375000,1.05,1.0,44550,1.05,8406.8,33627.18,0.993
1,2025-06-02,British Columbia,Electronics,Social,CAD,90325,4758301,15567.58,0.003272,0.007214,0.0161,241.37,0.4566,2,0.6,impressions,1.0,8910000,1.1,1.0,39600,1.08,6227.03,24908.13,1.07
2,2025-06-09,British Columbia,Electronics,Social,CAD,81288,4229302,13679.13,0.003234,0.008515,0.015389,261.03,0.4496,2,0.6,impressions,1.0,8910000,1.1,1.0,39600,1.08,5471.65,21886.6,0.967
3,2025-06-16,British Columbia,Electronics,Social,CAD,76442,4614653,14017.28,0.003038,0.00754,0.016379,249.06,0.4136,2,0.6,impressions,1.0,8910000,1.1,1.0,39600,1.08,5606.91,22427.64,0.923
4,2025-06-23,British Columbia,Electronics,Social,CAD,80246,5671788,15517.36,0.002736,0.008197,0.015676,246.39,0.4745,2,0.6,impressions,1.0,8910000,1.1,1.0,39600,1.08,6206.94,24827.78,0.938
5,2025-06-30,British Columbia,Electronics,Social,CAD,91048,4545896,14036.65,0.003088,0.008211,0.01724,257.82,0.4519,2,0.6,impressions,1.0,8910000,1.1,1.0,39600,1.08,5614.66,22458.64,1.055
6,2025-07-07,British Columbia,Electronics,Social,CAD,86221,3954704,12823.25,0.003243,0.008656,0.01578,253.04,0.4833,2,0.6,impressions,1.0,8910000,1.1,1.0,39600,1.08,5129.3,20517.21,1.07
7,2025-07-14,British Columbia,Electronics,Social,CAD,83413,4416563,14110.8,0.003195,0.007479,0.016518,244.7,0.4415,2,0.6,impressions,1.0,8910000,1.1,1.0,39600,1.08,5644.32,22577.28,0.908
8,2025-07-21,British Columbia,Electronics,Social,CAD,88370,5624658,16071.68,0.002857,0.007358,0.014721,243.65,0.4718,2,0.6,impressions,1.0,8910000,1.1,1.0,39600,1.08,6428.67,25714.68,0.914
9,2025-07-28,British Columbia,Electronics,Social,CAD,87496,3960847,12714.17,0.00321,0.007976,0.015436,255.19,0.4832,2,0.6,impressions,1.0,8910000,1.1,1.0,39600,1.08,5085.67,20342.68,1.008
10,2025-08-04,British Columbia,Electronics,Social,CAD,73298,4158359,12575.4,0.003024,0.00852,0.016023,238.79,0.4652,2,0.6,impressions,1.0,8910000,1.1,1.0,39600,1.08,5030.16,20120.64,0.913
11,2025-08-11,British Columbia,Electronics,Social,CAD,91020,4688559,15101.12,0.003221,0.008732,0.015507,261.49,0.4899,2,0.6,impressions,1.0,8910000,1.1,1.0,39600,1.08,6040.45,24161.8,0.958
12,2025-08-18,British Columbia,Electronics,Social,CAD,90377,5613699,16801.03,0.002993,0.007442,0.016446,239.97,0.466,2,0.6,impressions,1.0,8910000,1.1,1.0,39600,1.08,6720.41,26881.65,1.022
13,2025-08-25,British Columbia,Electronics,Social,CAD,86180,4309145,12831.22,0.002978,0.008118,0.01581,261.36,0.4175,2,0.6,impressions,1.0,8910000,1.1,1.0,39600,1.08,5132.49,20529.95,0.987
1,2025-06-02,British Columbia,Electronics,Affiliate,CAD,77764,2398303,13623.29,0.00568,0.01722,0.028724,246.1,0.4835,4,0.4,impressions,1.0,2970000,1.0,1.0,29700,1.0,4086.99,24521.92,0.977
2,2025-06-09,British Columbia,Electronics,Affiliate,CAD,78091,2556968,15060.13,0.00589,0.016581,0.032424,262.01,0.4363,4,0.4,impressions,1.0,2970000,1.0,1.0,29700,1.0,4518.04,27108.23,0.915
3,2025-06-16,British Columbia,Electronics,Affiliate,CAD,79150,2275103,13136.19,0.005774,0.016314,0.030637,248.59,0.4787,4,0.4,impressions,1.0,2970000,1.0,1.0,29700,1.0,3940.86,23645.14,1.069
4,2025-06-23,British Columbia,Electronics,Affiliate,CAD,91059,3303104,19321.08,0.005849,0.017974,0.031966,247.46,0.42,4,0.4,impressions,1.0,2970000,1.0,1.0,29700,1.0,5796.32,34777.95,1.097
5,2025-06-30,British Columbia,Electronics,Affiliate,CAD,77361,2241207,13218.51,0.005898,0.017649,0.031912,248.86,0.4797,4,0.4,impressions,1.0,2970000,1.0,1.0,29700,1.0,3965.55,23793.33,0.963
6,2025-07-07,British Columbia,Electronics,Affiliate,CAD,85520,2274941,13262.46,0.00583,0.019037,0.029236,262.47,0.4395,4,0.4,impressions,1.0,2970000,1.0,1.0,29700,1.0,3978.74,23872.42,1.06
7,2025-07-14,British Columbia,Electronics,Affiliate,CAD,82358,2303150,12535.77,0.005443,0.016451,0.030713,250.66,0.4281,4,0.4,impressions,1.0,2970000,1.0,1.0,29700,1.0,3760.73,22564.39,1.085
8,2025-07-21,British Columbia,Electronics,Affiliate,CAD,85929,3296656,20412.78,0.006192,0.018758,0.032621,237.68,0.4289,4,0.4,impressions,1.0,2970000,1.0,1.0,29700,1.0,6123.83,36743.0,1.096
9,2025-07-28,British Columbia,Electronics,Affiliate,CAD,85906,2368711,13821.05,0.005835,0.016761,0.02878,245.66,0.4277,4,0.4,impressions,1.0,2970000,1.0,1.0,29700,1.0,4146.32,24877.89,0.962
10,2025-08-04,British Columbia,Electronics,Affiliate,CAD,84214,2582843,15370.03,0.005951,0.016487,0.031251,251.41,0.446,4,0.4,impressions,1.0,2970000,1.0,1.0,29700,1.0,4611.01,27666.06,1.085
11,2025-08-11,British Columbia,Electronics,Affiliate,CAD,77446,2485564,14482.22,0.005827,0.018038,0.028756,250.55,0.4527,4,0.4,impressions,1.0,2970000,1.0,1.0,29700,1.0,4344.66,26067.99,1.032
12,2025-08-18,British Columbia,Electronics,Affiliate,CAD,89535,2809283,16794.44,0.005978,0.019003,0.03106,262.29,0.4414,4,0.4,impressions,1.0,2970000,1.0,1.0,29700,1.0,5038.33,30229.99,0.942
13,2025-08-25,British Columbia,Electronics,Affiliate,CAD,76903,2207307,11964.16,0.00542,0.018768,0.028074,241.49,0.4389,4,0.4,impressions,1.0,2970000,1.0,1.0,29700,1.0,3589.25,21535.49,1.053
1,2025-06-02,British Columbia,Electronics,Email,CAD,82429,1313578,2104.81,0.001602,0.052699,0.04254,248.01,0.4831,6,0.2,impressions,1.0,1485000,0.95,1.0,19800,0.95,420.96,5262.02,1.044
2,2025-06-09,British Columbia,Electronics,Email,CAD,90934,1219220,1803.03,0.001479,0.047138,0.042316,240.68,0.4157,6,0.2,impressions,1.0,1485000,0.95,1.0,19800,0.95,360.61,4507.58,1.098
3,2025-06-16,British Columbia,Electronics,Email,CAD,86413,1417640,2006.86,0.001416,0.04857,0.038337,258.1,0.4238,6,0.2,impressions,1.0,1485000,0.95,1.0,19800,0.95,401.37,5017.14,1.079
4,2025-06-23,British Columbia,Electronics,Email,CAD,85708,1693068,2600.28,0.001536,0.05054,0.041525,258.28,0.4802,6,0.2,impressions,1.0,1485000,0.95,1.0,19800,0.95,520.06,6500.69,1.084
5,2025-06-30,British Columbia,Electronics,Email,CAD,77223,1198260,1620.44,0.001352,0.054299,0.041314,240.11,0.4822,6,0.2,impressions,1.0,1485000,0.95,1.0,19800,0.95,324.09,4051.1,0.946
6,2025-07-07,British Columbia,Electronics,Email,CAD,73969,1420610,2041.17,0.001437,0.051002,0.040613,242.69,0.4738,6,0.2,impressions,1.0,1485000,0.95,1.0,19800,0.95,408.23,5102.92,0.927
7,2025-07-14,British Columbia,Electronics,Email,CAD,75072,1232926,1957.09,0.001587,0.051422,0.042436,255.49,0.4849,6,0.2,impressions,1.0,1485000,0.95,1.0,19800,0.95,391.42,4892.73,1.023
8,2025-07-21,British Columbia,Electronics,Email,CAD,75081,1516923,2486.08,0.001639,0.053223,0.040656,257.39,0.4681,6,0.2,impressions,1.0,1485000,0.95,1.0,19800,0.95,497.22,6215.21,1.057
9,2025-07-28,British Columbia,Electronics,Email,CAD,73871,1380034,2240.11,0.001623,0.046982,0.036231,259.77,0.4247,6,0.2,impressions,1.0,1485000,0.95,1.0,19800,0.95,448.02,5600.28,0.957
10,2025-08-04,British Columbia,Electronics,Email,CAD,86487,1437161,1944.65,0.001353,0.051237,0.042105,245.66,0.4243,6,0.2,impressions,1.0,1485000,0.95,1.0,19800,0.95,388.93,4861.63,0.981
11,2025-08-11,British Columbia,Electronics,Email,CAD,81799,1432626,2209.84,0.001543,0.045757,0.040789,257.91,0.431,6,0.2,impressions,1.0,1485000,0.95,1.0,19800,0.95,441.97,5524.6,0.959
12,2025-08-18,British Columbia,Electronics,Email,CAD,75924,1551037,2529.76,0.001631,0.048484,0.040157,255.88,0.4569,6,0.2,impressions,1.0,1485000,0.95,1.0,19800,0.95,505.95,6324.39,1.0
13,2025-08-25,British Columbia,Electronics,Email,CAD,83943,1416093,2007.7,0.001418,0.052287,0.042008,240.0,0.4396,6,0.2,impressions,1.0,1485000,0.95,1.0,19800,0.95,401.54,5019.25,0.964
1,2025-06-02,British Columbia,Electronics,Online Video,CAD,76286,2832303,19719.95,0.006963,0.002894,0.008338,257.28,0.4922,3,0.7,impressions,1.0,6930000,1.15,1.0,54450,1.1,5915.98,33523.91,1.037
2,2025-06-09,British Columbia,Electronics,Online Video,CAD,87346,2865616,21464.02,0.00749,0.003154,0.008229,258.23,0.4475,3,0.7,impressions,1.0,6930000,1.15,1.0,54450,1.1,6439.21,36488.84,1.035
3,2025-06-16,British Columbia,Electronics,Online Video,CAD,88546,2857167,18650.52,0.006528,0.00271,0.00832,256.39,0.4446,3,0.7,impressions,1.0,6930000,1.15,1.0,54450,1.1,5595.16,31705.88,0.968
4,2025-06-23,British Columbia,Electronics,Online Video,CAD,73308,3799616,25943.98,0.006828,0.003149,0.008896,245.83,0.4918,3,0.7,impressions,1.0,6930000,1.15,1.0,54450,1.1,7783.19,44104.76,1.091
5,2025-06-30,British Columbia,Electronics,Online Video,CAD,78485,2897398,18563.26,0.006407,0.003165,0.008369,245.2,0.4612,3,0.7,impressions,1.0,6930000,1.15,1.0,54450,1.1,5568.98,31557.55,0.989
6,2025-07-07,British Columbia,Electronics,Online Video,CAD,75803,3084248,21663.01,0.007024,0.002827,0.008191,246.17,0.4539,3,0.7,impressions,1.0,6930000,1.15,1.0,54450,1.1,6498.9,36827.12,0.9
7,2025-07-14,British Columbia,Electronics,Online Video,CAD,79176,2748702,20037.23,0.00729,0.002746,0.008933,252.02,0.4495,3,0.7,impressions,1.0,6930000,1.15,1.0,54450,1.1,6011.17,34063.28,0.975
8,2025-07-21,British Columbia,Electronics,Online Video,CAD,92396,3604430,26600.36,0.00738,0.003067,0.008402,251.88,0.4292,3,0.7,impressions,1.0,6930000,1.15,1.0,54450,1.1,7980.11,45220.61,0.904
9,2025-07-28,British Columbia,Electronics,Online Video,CAD,90667,2912135,20949.36,0.007194,0.00282,0.008907,242.81,0.4888,3,0.7,impressions,1.0,6930000,1.15,1.0,54450,1.1,6284.81,35613.92,0.966
10,2025-08-04,British Columbia,Electronics,Online Video,CAD,82184,3082199,20508.5,0.006654,0.003197,0.008781,260.29,0.4133,3,0.7,impressions,1.0,6930000,1.15,1.0,54450,1.1,6152.55,34864.45,1.099
11,2025-08-11,British Columbia,Electronics,Online Video,CAD,76100,2991559,18876.44,0.00631,0.003024,0.009463,249.92,0.4714,3,0.7,impressions,1.0,6930000,1.15,1.0,54450,1.1,5662.93,32089.94,0.984
12,2025-08-18,British Columbia,Electronics,Online Video,CAD,92359,3555005,24601.57,0.00692,0.002951,0.008287,257.68,0.432,3,0.7,impressions,1.0,6930000,1.15,1.0,54450,1.1,7380.47,41822.67,0.906
13,2025-08-25,British Columbia,Electronics,Online Video,CAD,83716,2581677,19014.66,0.007365,0.003055,0.009438,255.4,0.4704,3,0.7,impressions,1.0,6930000,1.15,1.0,54450,1.1,5704.4,32324.92,1.057
1,2025-06-02,British Columbia,Apparel,Paid Search,CAD,88423,4265706,54408.86,0.012755,0.032158,0.049633,86.8,0.2456,4,0.3,impressions,1.0,4950000,1.1,1.0,59400,1.05,27204.43,81613.29,1.094
2,2025-06-09,British Columbia,Apparel,Paid Search,CAD,76002,4145970,52286.08,0.012611,0.038005,0.054794,86.44,0.2656,4,0.3,impressions,1.0,4950000,1.1,1.0,59400,1.05,26143.04,78429.12,0.947
3,2025-06-16,British Columbia,Apparel,Paid Search,CAD,79230,4176733,53235.72,0.012746,0.03336,0.058503,84.96,0.254,4,0.3,impressions,1.0,4950000,1.1,1.0,59400,1.05,26617.86,79853.58,0.91
4,2025-06-23,British Columbia,Apparel,Paid Search,CAD,89798,5126234,65088.43,0.012697,0.034878,0.059551,83.87,0.2282,4,0.3,impressions,1.0,4950000,1.1,1.0,59400,1.05,32544.21,97632.64,1.033
5,2025-06-30,British Columbia,Apparel,Paid Search,CAD,92769,4168150,54127.0,0.012986,0.034476,0.050857,83.1,0.2362,4,0.3,impressions,1.0,4950000,1.1,1.0,59400,1.05,27063.5,81190.51,1.032
6,2025-07-07,British Columbia,Apparel,Paid Search,CAD,90797,3647004,39566.32,0.010849,0.035874,0.053014,82.38,0.2542,4,0.3,impressions,1.0,4950000,1.1,1.0,59400,1.05,19783.16,59349.48,0.938
7,2025-07-14,British Columbia,Apparel,Paid Search,CAD,87078,3876727,47487.85,0.012249,0.035155,0.055132,83.53,0.2687,4,0.3,impressions,1.0,4950000,1.1,1.0,59400,1.05,23743.92,71231.77,1.027
8,2025-07-21,British Columbia,Apparel,Paid Search,CAD,74554,4641280,56260.14,0.012122,0.03232,0.056349,88.39,0.269,4,0.3,impressions,1.0,4950000,1.1,1.0,59400,1.05,28130.07,84390.21,0.959
9,2025-07-28,British Columbia,Apparel,Paid Search,CAD,77491,3699513,45929.24,0.012415,0.038406,0.049737,85.92,0.2573,4,0.3,impressions,1.0,4950000,1.1,1.0,59400,1.05,22964.62,68893.86,0.986
10,2025-08-04,British Columbia,Apparel,Paid Search,CAD,79295,3758579,41389.71,0.011012,0.032171,0.050321,85.62,0.2449,4,0.3,impressions,1.0,4950000,1.1,1.0,59400,1.05,20694.85,62084.56,0.941
11,2025-08-11,British Columbia,Apparel,Paid Search,CAD,92005,3598785,44895.96,0.012475,0.034381,0.051734,81.8,0.2724,4,0.3,impressions,1.0,4950000,1.1,1.0,59400,1.05,22447.98,67343.94,1.067
12,2025-08-18,British Columbia,Apparel,Paid Search,CAD,79194,4734942,52719.44,0.011134,0.036265,0.059535,82.25,0.2376,4,0.3,impressions,1.0,4950000,1.1,1.0,59400,1.05,26359.72,79079.15,1.015
13,2025-08-25,British Columbia,Apparel,Paid Search,CAD,81520,3934242,44816.23,0.011391,0.031697,0.053705,85.91,0.2743,4,0.3,impressions,1.0,4950000,1.1,1.0,59400,1.05,22408.11,67224.34,0.974
1,2025-06-02,British Columbia,Apparel,Display,CAD,91851,5722809,24996.18,0.004368,0.004228,0.010973,84.3,0.2407,5,0.5,impressions,1.0,12375000,1.05,1.0,44550,1.05,9998.47,39993.89,1.028
2,2025-06-09,British Columbia,Apparel,Display,CAD,87977,5251724,20316.01,0.003868,0.003615,0.012596,84.05,0.2329,5,0.5,impressions,1.0,12375000,1.05,1.0,44550,1.05,8126.4,32505.62,0.955
3,2025-06-16,British Columbia,Apparel,Display,CAD,88435,5700923,20825.53,0.003653,0.004351,0.011267,86.23,0.2675,5,0.5,impressions,1.0,12375000,1.05,1.0,44550,1.05,8330.21,33320.84,0.94
4,2025-06-23,British Columbia,Apparel,Display,CAD,92831,6576339,24533.26,0.003731,0.004382,0.013007,85.5,0.2528,5,0.5,impressions,1.0,12375000,1.05,1.0,44550,1.05,9813.3,39253.21,0.912
5,2025-06-30,British Columbia,Apparel,Display,CAD,92153,5115713,20574.71,0.004022,0.004102,0.011293,87.38,0.2373,5,0.5,impressions,1.0,12375000,1.05,1.0,44550,1.05,8229.88,32919.53,1.052
6,2025-07-07,British Columbia,Apparel,Display,CAD,86306,4960201,19544.4,0.00394,0.004058,0.011333,87.33,0.266,5,0.5,impressions,1.0,12375000,1.05,1.0,44550,1.05,7817.76,31271.05,0.919
7,2025-07-14,British Columbia,Apparel,Display,CAD,89024,5225082,19748.22,0.00378,0.003619,0.012117,81.42,0.2615,5,0.5,impressions,1.0,12375000,1.05,1.0,44550,1.05,7899.29,31597.15,1.033
8,2025-07-21,British Columbia,Apparel,Display,CAD,83489,7072474,26950.52,0.003811,0.004184,0.011538,85.86,0.235,5,0.5,impressions,1.0,12375000,1.05,1.0,44550,1.05,10780.21,43120.82,0.945
9,2025-07-28,British Columbia,Apparel,Display,CAD,73697,4819053,17665.09,0.003666,0.0041,0.013068,81.68,0.2672,5,0.5,impressions,1.0,12375000,1.05,1.0,44550,1.05,7066.03,28264.14,0.97
10,2025-08-04,British Columbia,Apparel,Display,CAD,82548,5732994,22965.46,0.004006,0.003973,0.012167,88.51,0.2634,5,0.5,impressions,1.0,12375000,1.05,1.0,44550,1.05,9186.18,36744.73,0.917
11,2025-08-11,British Columbia,Apparel,Display,CAD,80782,5685038,23995.85,0.004221,0.004364,0.01081,81.02,0.2631,5,0.5,impressions,1.0,12375000,1.05,1.0,44550,1.05,9598.34,38393.35,0.948
12,2025-08-18,British Columbia,Apparel,Display,CAD,82241,6417436,23980.09,0.003737,0.003781,0.01198,86.47,0.2434,5,0.5,impressions,1.0,12375000,1.05,1.0,44550,1.05,9592.04,38368.15,1.009
13,2025-08-25,British Columbia,Apparel,Display,CAD,76616,5499542,23682.99,0.004306,0.003714,0.012499,83.11,0.234,5,0.5,impressions,1.0,12375000,1.05,1.0,44550,1.05,9473.2,37892.79,0.908
1,2025-06-02,British Columbia,Apparel,Social,CAD,76508,4707479,13195.47,0.002803,0.008191,0.015167,89.09,0.2396,2,0.6,impressions,1.0,8910000,1.1,1.0,39600,1.08,5278.19,21112.75,1.064
2,2025-06-09,British Columbia,Apparel,Social,CAD,81912,4552534,14295.7,0.00314,0.008003,0.014652,88.33,0.2332,2,0.6,impressions,1.0,8910000,1.1,1.0,39600,1.08,5718.28,22873.12,1.051
3,2025-06-16,British Columbia,Apparel,Social,CAD,85634,4218414,11842.07,0.002807,0.008342,0.014485,84.75,0.2717,2,0.6,impressions,1.0,8910000,1.1,1.0,39600,1.08,4736.83,18947.31,0.902
4,2025-06-23,British Columbia,Apparel,Social,CAD,93064,5279650,16521.28,0.003129,0.008338,0.01633,88.44,0.2323,2,0.6,impressions,1.0,8910000,1.1,1.0,39600,1.08,6608.51,26434.04,0.931
5,2025-06-30,British Columbia,Apparel,Social,CAD,76671,4500916,13996.93,0.00311,0.008353,0.01672,82.68,0.2358,2,0.6,impressions,1.0,8910000,1.1,1.0,39600,1.08,5598.77,22395.09,1.032
6,2025-07-07,British Columbia,Apparel,Social,CAD,92122,4409362,12699.58,0.00288,0.007988,0.015637,88.8,0.2504,2,0.6,impressions,1.0,8910000,1.1,1.0,39600,1.08,5079.83,20319.32,1.031
7,2025-07-14,British Columbia,Apparel,Social,CAD,78397,4665830,14967.91,0.003208,0.008733,0.01474,83.6,0.2655,2,0.6,impressions,1.0,8910000,1.1,1.0,39600,1.08,5987.16,23948.65,0.982
8,2025-07-21,British Columbia,Apparel,Social,CAD,84555,5296005,16700.0,0.003153,0.008362,0.014717,81.69,0.2707,2,0.6,impressions,1.0,8910000,1.1,1.0,39600,1.08,6680.0,26720.0,0.923
9,2025-07-28,British Columbia,Apparel,Social,CAD,88567,3927086,11750.74,0.002992,0.007631,0.015693,80.75,0.2694,2,0.6,impressions,1.0,8910000,1.1,1.0,39600,1.08,4700.3,18801.19,0.994
10,2025-08-04,British Columbia,Apparel,Social,CAD,74254,4127849,12649.47,0.003064,0.008038,0.015066,85.32,0.2332,2,0.6,impressions,1.0,8910000,1.1,1.0,39600,1.08,5059.79,20239.15,0.913
11,2025-08-11,British Columbia,Apparel,Social,CAD,84553,4035315,12540.94,0.003108,0.007222,0.015106,83.44,0.2421,2,0.6,impressions,1.0,8910000,1.1,1.0,39600,1.08,5016.38,20065.5,0.968
12,2025-08-18,British Columbia,Apparel,Social,CAD,91183,5268940,16074.57,0.003051,0.008282,0.016773,83.1,0.2504,2,0.6,impressions,1.0,8910000,1.1,1.0,39600,1.08,6429.83,25719.3,1.053
13,2025-08-25,British Columbia,Apparel,Social,CAD,90323,4394111,13305.6,0.003028,0.007989,0.017489,83.54,0.2298,2,0.6,impressions,1.0,8910000,1.1,1.0,39600,1.08,5322.24,21288.96,1.073
1,2025-06-02,British Columbia,Apparel,Affiliate,CAD,86682,2384421,14736.57,0.00618,0.018376,0.029361,87.23,0.2456,4,0.4,impressions,1.0,2970000,1.0,1.0,29700,1.0,4420.97,26525.83,1.075
2,2025-06-09,British Columbia,Apparel,Affiliate,CAD,84731,2342520,12999.22,0.005549,0.019048,0.027134,88.0,0.2667,4,0.4,impressions,1.0,2970000,1.0,1.0,29700,1.0,3899.77,23398.6,1.081
3,2025-06-16,British Columbia,Apparel,Affiliate,CAD,75920,2584559,14606.65,0.005652,0.019482,0.031699,86.96,0.2301,4,0.4,impressions,1.0,2970000,1.0,1.0,29700,1.0,4382.0,26291.97,1.032
4,2025-06-23,British Columbia,Apparel,Affiliate,CAD,79385,2977942,18051.97,0.006062,0.018397,0.031661,81.26,0.2603,4,0.4,impressions,1.0,2970000,1.0,1.0,29700,1.0,5415.59,32493.54,1.098
5,2025-06-30,British Columbia,Apparel,Affiliate,CAD,93104,2471098,14904.65,0.006032,0.018325,0.031264,87.29,0.2626,4,0.4,impressions,1.0,2970000,1.0,1.0,29700,1.0,4471.4,26828.38,0.992
6,2025-07-07,British Columbia,Apparel,Affiliate,CAD,79689,2171692,12707.09,0.005851,0.018742,0.031787,84.64,0.2735,4,0.4,impressions,1.0,2970000,1.0,1.0,29700,1.0,3812.13,22872.77,0.997
7,2025-07-14,British Columbia,Apparel,Affiliate,CAD,86216,2289418,13149.26,0.005743,0.016205,0.032395,82.94,0.266,4,0.4,impressions,1.0,2970000,1.0,1.0,29700,1.0,3944.78,23668.66,1.064
8,2025-07-21,British Columbia,Apparel,Affiliate,CAD,83033,2766202,15231.72,0.005506,0.019053,0.031692,81.43,0.2403,4,0.4,impressions,1.0,2970000,1.0,1.0,29700,1.0,4569.52,27417.09,0.979
9,2025-07-28,British Columbia,Apparel,Affiliate,CAD,86537,2467370,14762.04,0.005983,0.018205,0.028793,83.6,0.2348,4,0.4,impressions,1.0,2970000,1.0,1.0,29700,1.0,4428.61,26571.67,1.066
10,2025-08-04,British Columbia,Apparel,Affiliate,CAD,77617,2545567,15846.15,0.006225,0.019349,0.031227,81.23,0.2305,4,0.4,impressions,1.0,2970000,1.0,1.0,29700,1.0,4753.84,28523.07,0.971
11,2025-08-11,British Columbia,Apparel,Affiliate,CAD,86628,2228894,14110.01,0.006331,0.016723,0.028171,82.98,0.2475,4,0.4,impressions,1.0,2970000,1.0,1.0,29700,1.0,4233.0,25398.03,1.046
12,2025-08-18,British Columbia,Apparel,Affiliate,CAD,77604,3335006,18969.14,0.005688,0.017502,0.031708,86.63,0.2615,4,0.4,impressions,1.0,2970000,1.0,1.0,29700,1.0,5690.74,34144.45,0.919
13,2025-08-25,British Columbia,Apparel,Affiliate,CAD,76861,2589248,14509.2,0.005604,0.017147,0.027737,83.59,0.2457,4,0.4,impressions,1.0,2970000,1.0,1.0,29700,1.0,4352.76,26116.55,1.094
1,2025-06-02,British Columbia,Apparel,Email,CAD,83236,1290548,2102.09,0.001629,0.053102,0.043052,87.15,0.2644,6,0.2,impressions,1.0,1485000,0.95,1.0,19800,0.95,420.42,5255.22,1.086
2,2025-06-09,British Columbia,Apparel,Email,CAD,85479,1195866,1888.06,0.001579,0.048783,0.036336,85.62,0.2657,6,0.2,impressions,1.0,1485000,0.95,1.0,19800,0.95,377.61,4720.16,0.95
3,2025-06-16,British Columbia,Apparel,Email,CAD,79644,1237555,1983.7,0.001603,0.054033,0.036879,81.5,0.2263,6,0.2,impressions,1.0,1485000,0.95,1.0,19800,0.95,396.74,4959.26,1.025
4,2025-06-23,British Columbia,Apparel,Email,CAD,85685,1615279,2279.61,0.001411,0.046317,0.039499,88.02,0.2272,6,0.2,impressions,1.0,1485000,0.95,1.0,19800,0.95,455.92,5699.02,1.083
5,2025-06-30,British Columbia,Apparel,Email,CAD,79209,1411979,1932.8,0.001369,0.05368,0.043162,87.9,0.264,6,0.2,impressions,1.0,1485000,0.95,1.0,19800,0.95,386.56,4831.99,1.082
6,2025-07-07,British Columbia,Apparel,Email,CAD,88952,1269145,1874.85,0.001477,0.049026,0.041073,84.39,0.2523,6,0.2,impressions,1.0,1485000,0.95,1.0,19800,0.95,374.97,4687.12,1.027
7,2025-07-14,British Columbia,Apparel,Email,CAD,76417,1372268,2251.72,0.001641,0.051898,0.037848,86.36,0.2349,6,0.2,impressions,1.0,1485000,0.95,1.0,19800,0.95,450.34,5629.29,0.913
8,2025-07-21,British Columbia,Apparel,Email,CAD,76050,1591683,2239.0,0.001407,0.050276,0.040428,83.71,0.2723,6,0.2,impressions,1.0,1485000,0.95,1.0,19800,0.95,447.8,5597.51,1.099
9,2025-07-28,British Columbia,Apparel,Email,CAD,81664,1427438,2026.2,0.001419,0.048023,0.041442,85.43,0.2443,6,0.2,impressions,1.0,1485000,0.95,1.0,19800,0.95,405.24,5065.51,1.017
10,2025-08-04,British Columbia,Apparel,Email,CAD,80494,1331584,1838.25,0.00138,0.054448,0.043914,87.84,0.2441,6,0.2,impressions,1.0,1485000,0.95,1.0,19800,0.95,367.65,4595.62,0.98
11,2025-08-11,British Columbia,Apparel,Email,CAD,87366,1430449,2165.72,0.001514,0.046589,0.040582,82.36,0.2521,6,0.2,impressions,1.0,1485000,0.95,1.0,19800,0.95,433.14,5414.3,0.996
12,2025-08-18,British Columbia,Apparel,Email,CAD,92485,1752182,2436.43,0.001391,0.054161,0.040603,85.4,0.234,6,0.2,impressions,1.0,1485000,0.95,1.0,19800,0.95,487.29,6091.09,0.972
13,2025-08-25,British Columbia,Apparel,Email,CAD,89885,1192860,1712.46,0.001436,0.049349,0.039372,87.5,0.2559,6,0.2,impressions,1.0,1485000,0.95,1.0,19800,0.95,342.49,4281.14,0.937
1,2025-06-02,British Columbia,Apparel,Online Video,CAD,82563,3002616,21507.83,0.007163,0.003287,0.008778,81.41,0.2422,3,0.7,impressions,1.0,6930000,1.15,1.0,54450,1.1,6452.35,36563.31,1.081
2,2025-06-09,British Columbia,Apparel,Online Video,CAD,77386,3021058,23188.6,0.007676,0.003045,0.009771,84.61,0.2533,3,0.7,impressions,1.0,6930000,1.15,1.0,54450,1.1,6956.58,39420.61,1.072
3,2025-06-16,British Columbia,Apparel,Online Video,CAD,83210,3004246,19262.61,0.006412,0.003055,0.009406,87.26,0.2405,3,0.7,impressions,1.0,6930000,1.15,1.0,54450,1.1,5778.78,32746.44,0.955
4,2025-06-23,British Columbia,Apparel,Online Video,CAD,86823,3684024,28293.16,0.00768,0.003272,0.009477,83.85,0.2575,3,0.7,impressions,1.0,6930000,1.15,1.0,54450,1.1,8487.95,48098.37,0.908
5,2025-06-30,British Columbia,Apparel,Online Video,CAD,87026,3113081,21459.55,0.006893,0.002875,0.009737,88.92,0.2357,3,0.7,impressions,1.0,6930000,1.15,1.0,54450,1.1,6437.87,36481.24,1.055
6,2025-07-07,British Columbia,Apparel,Online Video,CAD,90701,2905968,20526.74,0.007064,0.002938,0.009733,86.54,0.2297,3,0.7,impressions,1.0,6930000,1.15,1.0,54450,1.1,6158.02,34895.45,0.936
7,2025-07-14,British Columbia,Apparel,Online Video,CAD,86236,2608893,19818.94,0.007597,0.003143,0.008146,89.1,0.2427,3,0.7,impressions,1.0,6930000,1.15,1.0,54450,1.1,5945.68,33692.19,0.906
8,2025-07-21,British Columbia,Apparel,Online Video,CAD,85437,3254754,22661.79,0.006963,0.002989,0.008589,80.91,0.2276,3,0.7,impressions,1.0,6930000,1.15,1.0,54450,1.1,6798.54,38525.05,1.012
9,2025-07-28,British Columbia,Apparel,Online Video,CAD,73584,2923425,22036.46,0.007538,0.00284,0.009264,83.11,0.2666,3,0.7,impressions,1.0,6930000,1.15,1.0,54450,1.1,6610.94,37461.98,0.975
10,2025-08-04,British Columbia,Apparel,Online Video,CAD,74864,2759376,18493.29,0.006702,0.003005,0.009417,89.1,0.2592,3,0.7,impressions,1.0,6930000,1.15,1.0,54450,1.1,5547.99,31438.59,0.936
11,2025-08-11,British Columbia,Apparel,Online Video,CAD,73317,2885172,21277.58,0.007375,0.002993,0.00899,86.92,0.2351,3,0.7,impressions,1.0,6930000,1.15,1.0,54450,1.1,6383.28,36171.89,0.98
12,2025-08-18,British Columbia,Apparel,Online Video,CAD,80588,3347747,25007.12,0.00747,0.003158,0.008819,89.05,0.2554,3,0.7,impressions,1.0,6930000,1.15,1.0,54450,1.1,7502.14,42512.1,0.902
13,2025-08-25,British Columbia,Apparel,Online Video,CAD,78299,3030171,21762.43,0.007182,0.003062,0.009579,87.43,0.265,3,0.7,impressions,1.0,6930000,1.15,1.0,54450,1.1,6528.73,36996.14,1.074
1,2025-06-02,British Columbia,Home & Garden,Paid Search,CAD,78195,3808638,50157.89,0.01317,0.036079,0.052687,167.2,0.3045,4,0.3,impressions,1.0,4500000,1.1,1.0,54000,1.05,25078.94,75236.83,0.983
2,2025-06-09,British Columbia,Home & Garden,Paid Search,CAD,74149,3291560,39467.13,0.01199,0.032788,0.055221,155.41,0.3104,4,0.3,impressions,1.0,4500000,1.1,1.0,54000,1.05,19733.57,59200.7,0.977
3,2025-06-16,British Columbia,Home & Garden,Paid Search,CAD,91218,3495180,39911.71,0.011419,0.034369,0.053017,157.42,0.2798,4,0.3,impressions,1.0,4500000,1.1,1.0,54000,1.05,19955.86,59867.57,0.945
4,2025-06-23,British Columbia,Home & Garden,Paid Search,CAD,86881,4470665,52080.46,0.011649,0.036291,0.05106,157.14,0.3262,4,0.3,impressions,1.0,4500000,1.1,1.0,54000,1.05,26040.23,78120.69,1.02
5,2025-06-30,British Columbia,Home & Garden,Paid Search,CAD,74778,3446839,40087.04,0.01163,0.032487,0.059835,152.72,0.288,4,0.3,impressions,1.0,4500000,1.1,1.0,54000,1.05,20043.52,60130.55,1.024
6,2025-07-07,British Columbia,Home & Garden,Paid Search,CAD,87394,3677571,39777.26,0.010816,0.033927,0.05642,167.71,0.2802,4,0.3,impressions,1.0,4500000,1.1,1.0,54000,1.05,19888.63,59665.89,0.934
7,2025-07-14,British Columbia,Home & Garden,Paid Search,CAD,83790,3507569,39959.5,0.011392,0.032282,0.051178,154.69,0.3104,4,0.3,impressions,1.0,4500000,1.1,1.0,54000,1.05,19979.75,59939.25,0.909
8,2025-07-21,British Columbia,Home & Garden,Paid Search,CAD,86924,4686413,54664.03,0.011664,0.037529,0.051376,153.15,0.2782,4,0.3,impressions,1.0,4500000,1.1,1.0,54000,1.05,27332.02,81996.05,1.035
9,2025-07-28,British Columbia,Home & Garden,Paid Search,CAD,84000,3278059,39393.17,0.012017,0.035365,0.059978,159.19,0.2849,4,0.3,impressions,1.0,4500000,1.1,1.0,54000,1.05,19696.59,59089.76,0.963
10,2025-08-04,British Columbia,Home & Garden,Paid Search,CAD,90577,3808011,48786.77,0.012812,0.035168,0.051767,168.0,0.2893,4,0.3,impressions,1.0,4500000,1.1,1.0,54000,1.05,24393.38,73180.15,1.099
11,2025-08-11,British Columbia,Home & Garden,Paid Search,CAD,77095,3735870,42398.92,0.011349,0.033899,0.057816,162.0,0.3123,4,0.3,impressions,1.0,4500000,1.1,1.0,54000,1.05,21199.46,63598.38,1.07
12,2025-08-18,British Columbia,Home & Garden,Paid Search,CAD,73013,4761174,57620.08,0.012102,0.034447,0.05188,165.81,0.328,4,0.3,impressions,1.0,4500000,1.1,1.0,54000,1.05,28810.04,86430.12,0.927
13,2025-08-25,British Columbia,Home & Garden,Paid Search,CAD,85362,3836457,44960.53,0.011719,0.032034,0.050613,157.42,0.2768,4,0.3,impressions,1.0,4500000,1.1,1.0,54000,1.05,22480.26,67440.79,1.059
1,2025-06-02,British Columbia,Home & Garden,Display,CAD,89867,4745332,18288.97,0.003854,0.003897,0.011785,159.01,0.3066,5,0.5,impressions,1.0,11250000,1.05,1.0,40500,1.05,7315.59,29262.35,1.08
2,2025-06-09,British Columbia,Home & Garden,Display,CAD,74438,4985241,21716.48,0.004356,0.003976,0.011375,163.76,0.3084,5,0.5,impressions,1.0,11250000,1.05,1.0,40500,1.05,8686.59,34746.36,0.914
3,2025-06-16,British Columbia,Home & Garden,Display,CAD,80357,4826223,18998.6,0.003937,0.003722,0.011154,154.52,0.3213,5,0.5,impressions,1.0,11250000,1.05,1.0,40500,1.05,7599.44,30397.76,0.914
4,2025-06-23,British Columbia,Home & Garden,Display,CAD,88833,5624159,23590.96,0.004195,0.004073,0.01108,164.84,0.3026,5,0.5,impressions,1.0,11250000,1.05,1.0,40500,1.05,9436.39,37745.54,0.962
5,2025-06-30,British Columbia,Home & Garden,Display,CAD,74591,4327792,18774.47,0.004338,0.003778,0.011929,156.76,0.3243,5,0.5,impressions,1.0,11250000,1.05,1.0,40500,1.05,7509.79,30039.15,1.04
6,2025-07-07,British Columbia,Home & Garden,Display,CAD,87115,4976615,18458.75,0.003709,0.003752,0.01156,157.32,0.2868,5,0.5,impressions,1.0,11250000,1.05,1.0,40500,1.05,7383.5,29534.01,1.091
7,2025-07-14,British Columbia,Home & Garden,Display,CAD,87909,4562007,18956.8,0.004155,0.00418,0.012468,166.13,0.2878,5,0.5,impressions,1.0,11250000,1.05,1.0,40500,1.05,7582.72,30330.87,0.946
8,2025-07-21,British Columbia,Home & Garden,Display,CAD,92805,6608381,25376.84,0.00384,0.00433,0.012083,164.42,0.2887,5,0.5,impressions,1.0,11250000,1.05,1.0,40500,1.05,10150.74,40602.95,1.033
9,2025-07-28,British Columbia,Home & Garden,Display,CAD,74408,4376025,17558.07,0.004012,0.003691,0.011432,165.62,0.2811,5,0.5,impressions,1.0,11250000,1.05,1.0,40500,1.05,7023.23,28092.92,1.001
10,2025-08-04,British Columbia,Home & Garden,Display,CAD,88797,5044152,19015.73,0.00377,0.004308,0.010902,163.09,0.3196,5,0.5,impressions,1.0,11250000,1.05,1.0,40500,1.05,7606.29,30425.17,0.926
11,2025-08-11,British Columbia,Home & Garden,Display,CAD,82011,5180900,22749.9,0.004391,0.003918,0.013163,161.64,0.3126,5,0.5,impressions,1.0,11250000,1.05,1.0,40500,1.05,9099.96,36399.84,0.927
12,2025-08-18,British Columbia,Home & Garden,Display,CAD,76319,5559881,23116.68,0.004158,0.004135,0.013104,164.85,0.2954,5,0.5,impressions,1.0,11250000,1.05,1.0,40500,1.05,9246.67,36986.68,1.097
13,2025-08-25,British Columbia,Home & Garden,Display,CAD,74959,4798054,20940.12,0.004364,0.003995,0.010829,159.96,0.3202,5,0.5,impressions,1.0,11250000,1.05,1.0,40500,1.05,8376.05,33504.19,1.023
1,2025-06-02,British Columbia,Home & Garden,Social,CAD,91100,3859185,12368.98,0.003205,0.008796,0.014511,155.77,0.2936,2,0.6,impressions,1.0,8100000,1.1,1.0,36000,1.08,4947.59,19790.37,1.001
2,2025-06-09,British Columbia,Home & Garden,Social,CAD,83543,4108882,11214.55,0.002729,0.007915,0.017018,153.38,0.2713,2,0.6,impressions,1.0,8100000,1.1,1.0,36000,1.08,4485.82,17943.29,1.075
3,2025-06-16,British Columbia,Home & Garden,Social,CAD,76296,3762335,11975.84,0.003183,0.007998,0.01511,156.71,0.3261,2,0.6,impressions,1.0,8100000,1.1,1.0,36000,1.08,4790.34,19161.35,0.999
4,2025-06-23,British Columbia,Home & Garden,Social,CAD,82566,4834425,14491.71,0.002998,0.007281,0.014517,155.44,0.2706,2,0.6,impressions,1.0,8100000,1.1,1.0,36000,1.08,5796.69,23186.74,0.979
5,2025-06-30,British Columbia,Home & Garden,Social,CAD,83014,3672976,11482.46,0.003126,0.007417,0.016255,162.81,0.2936,2,0.6,impressions,1.0,8100000,1.1,1.0,36000,1.08,4592.98,18371.93,1.078
6,2025-07-07,British Columbia,Home & Garden,Social,CAD,78880,3811869,10504.87,0.002756,0.00795,0.015026,167.1,0.3146,2,0.6,impressions,1.0,8100000,1.1,1.0,36000,1.08,4201.95,16807.79,1.079
7,2025-07-14,British Columbia,Home & Garden,Social,CAD,91161,3744384,11712.82,0.003128,0.007484,0.016112,158.34,0.2724,2,0.6,impressions,1.0,8100000,1.1,1.0,36000,1.08,4685.13,18740.51,1.005
8,2025-07-21,British Columbia,Home & Garden,Social,CAD,85083,4856820,15863.16,0.003266,0.008505,0.016178,166.55,0.299,2,0.6,impressions,1.0,8100000,1.1,1.0,36000,1.08,6345.26,25381.05,1.035
9,2025-07-28,British Columbia,Home & Garden,Social,CAD,81806,3759373,10563.83,0.00281,0.007997,0.017031,157.35,0.3112,2,0.6,impressions,1.0,8100000,1.1,1.0,36000,1.08,4225.53,16902.12,1.093
10,2025-08-04,British Columbia,Home & Garden,Social,CAD,83424,3676629,11520.59,0.003133,0.008201,0.017437,163.59,0.3055,2,0.6,impressions,1.0,8100000,1.1,1.0,36000,1.08,4608.24,18432.94,0.951
11,2025-08-11,British Columbia,Home & Garden,Social,CAD,75523,3580911,10164.1,0.002838,0.008798,0.015254,161.98,0.3007,2,0.6,impressions,1.0,8100000,1.1,1.0,36000,1.08,4065.64,16262.56,1.062
12,2025-08-18,British Columbia,Home & Garden,Social,CAD,80230,5501387,16389.43,0.002979,0.007974,0.014867,156.05,0.2834,2,0.6,impressions,1.0,8100000,1.1,1.0,36000,1.08,6555.77,26223.09,0.909
13,2025-08-25,British Columbia,Home & Garden,Social,CAD,84389,3847071,10974.34,0.002853,0.008753,0.016943,158.54,0.3217,2,0.6,impressions,1.0,8100000,1.1,1.0,36000,1.08,4389.74,17558.94,1.007
1,2025-06-02,British Columbia,Home & Garden,Affiliate,CAD,82297,2009490,11992.53,0.005968,0.017645,0.030837,152.34,0.3189,4,0.4,impressions,1.0,2700000,1.0,1.0,27000,1.0,3597.76,21586.56,1.016
2,2025-06-09,British Columbia,Home & Garden,Affiliate,CAD,90911,2320153,14576.73,0.006283,0.01874,0.029465,154.1,0.3092,4,0.4,impressions,1.0,2700000,1.0,1.0,27000,1.0,4373.02,26238.11,1.016
3,2025-06-16,British Columbia,Home & Garden,Affiliate,CAD,91066,2375115,13810.51,0.005815,0.017326,0.02798,160.64,0.2818,4,0.4,impressions,1.0,2700000,1.0,1.0,27000,1.0,4143.15,24858.92,0.907
4,2025-06-23,British Columbia,Home & Garden,Affiliate,CAD,85348,2603765,14827.06,0.005694,0.018223,0.031736,160.38,0.2944,4,0.4,impressions,1.0,2700000,1.0,1.0,27000,1.0,4448.12,26688.71,1.099
5,2025-06-30,British Columbia,Home & Garden,Affiliate,CAD,91123,2038073,11807.42,0.005793,0.017515,0.030314,166.03,0.3219,4,0.4,impressions,1.0,2700000,1.0,1.0,27000,1.0,3542.23,21253.36,0.93
6,2025-07-07,British Columbia,Home & Garden,Affiliate,CAD,78832,1983215,11627.76,0.005863,0.016544,0.030918,160.49,0.3092,4,0.4,impressions,1.0,2700000,1.0,1.0,27000,1.0,3488.33,20929.96,0.992
7,2025-07-14,British Columbia,Home & Garden,Affiliate,CAD,77947,2026512,11153.95,0.005504,0.01716,0.027294,164.83,0.3247,4,0.4,impressions,1.0,2700000,1.0,1.0,27000,1.0,3346.18,20077.1,1.03
8,2025-07-21,British Columbia,Home & Garden,Affiliate,CAD,92616,2570341,16517.67,0.006426,0.019635,0.028798,160.1,0.3274,4,0.4,impressions,1.0,2700000,1.0,1.0,27000,1.0,4955.3,29731.81,0.988
9,2025-07-28,British Columbia,Home & Garden,Affiliate,CAD,81343,2230099,13461.1,0.006036,0.019631,0.029752,164.88,0.3134,4,0.4,impressions,1.0,2700000,1.0,1.0,27000,1.0,4038.33,24229.98,1.058
10,2025-08-04,British Columbia,Home & Garden,Affiliate,CAD,91024,2309041,14097.65,0.006105,0.019614,0.027059,165.86,0.3092,4,0.4,impressions,1.0,2700000,1.0,1.0,27000,1.0,4229.3,25375.77,1.05
11,2025-08-11,British Columbia,Home & Garden,Affiliate,CAD,84174,2064321,13286.84,0.006436,0.018781,0.032788,165.05,0.2752,4,0.4,impressions,1.0,2700000,1.0,1.0,27000,1.0,3986.05,23916.31,1.042
12,2025-08-18,British Columbia,Home & Garden,Affiliate,CAD,80572,3000913,17325.23,0.005773,0.017292,0.02756,164.34,0.3226,4,0.4,impressions,1.0,2700000,1.0,1.0,27000,1.0,5197.57,31185.41,0.975
13,2025-08-25,British Columbia,Home & Garden,Affiliate,CAD,77439,2151439,13337.71,0.006199,0.017664,0.029255,157.73,0.2712,4,0.4,impressions,1.0,2700000,1.0,1.0,27000,1.0,4001.31,24007.87,0.906
1,2025-06-02,British Columbia,Home & Garden,Email,CAD,83981,1304632,1938.45,0.001486,0.049708,0.037648,156.44,0.3062,6,0.2,impressions,1.0,1350000,0.95,1.0,18000,0.95,387.69,4846.13,1.029
2,2025-06-09,British Columbia,Home & Garden,Email,CAD,72992,1222456,1711.4,0.0014,0.054193,0.038992,156.52,0.2942,6,0.2,impressions,1.0,1350000,0.95,1.0,18000,0.95,342.28,4278.49,1.071
3,2025-06-16,British Columbia,Home & Garden,Email,CAD,87199,1102904,1803.06,0.001635,0.045761,0.043205,167.84,0.3186,6,0.2,impressions,1.0,1350000,0.95,1.0,18000,0.95,360.61,4507.65,0.941
4,2025-06-23,British Columbia,Home & Garden,Email,CAD,81444,1419455,2055.43,0.001448,0.053971,0.038533,166.68,0.2708,6,0.2,impressions,1.0,1350000,0.95,1.0,18000,0.95,411.09,5138.56,1.04
5,2025-06-30,British Columbia,Home & Garden,Email,CAD,85781,1241573,2003.91,0.001614,0.051476,0.041355,153.94,0.3013,6,0.2,impressions,1.0,1350000,0.95,1.0,18000,0.95,400.78,5009.77,0.99
6,2025-07-07,British Columbia,Home & Garden,Email,CAD,76517,1170437,1621.85,0.001386,0.045171,0.036484,157.49,0.2771,6,0.2,impressions,1.0,1350000,0.95,1.0,18000,0.95,324.37,4054.63,1.056
7,2025-07-14,British Columbia,Home & Garden,Email,CAD,75778,1305629,1962.88,0.001503,0.053715,0.039117,167.26,0.3021,6,0.2,impressions,1.0,1350000,0.95,1.0,18000,0.95,392.58,4907.21,1.072
8,2025-07-21,British Columbia,Home & Garden,Email,CAD,75755,1649332,2707.65,0.001642,0.049972,0.036182,167.44,0.293,6,0.2,impressions,1.0,1350000,0.95,1.0,18000,0.95,541.53,6769.13,1.036
9,2025-07-28,British Columbia,Home & Garden,Email,CAD,77518,1167623,1849.28,0.001584,0.046919,0.037973,158.04,0.2704,6,0.2,impressions,1.0,1350000,0.95,1.0,18000,0.95,369.86,4623.21,1.037
10,2025-08-04,British Columbia,Home & Garden,Email,CAD,74948,1222196,1747.9,0.00143,0.046944,0.042738,158.29,0.2879,6,0.2,impressions,1.0,1350000,0.95,1.0,18000,0.95,349.58,4369.74,0.996
11,2025-08-11,British Columbia,Home & Garden,Email,CAD,76997,1090246,1495.84,0.001372,0.048345,0.043073,165.28,0.2801,6,0.2,impressions,1.0,1350000,0.95,1.0,18000,0.95,299.17,3739.61,0.921
12,2025-08-18,British Columbia,Home & Garden,Email,CAD,79620,1463496,1990.79,0.00136,0.05021,0.043906,159.38,0.2932,6,0.2,impressions,1.0,1350000,0.95,1.0,18000,0.95,398.16,4976.98,1.079
13,2025-08-25,British Columbia,Home & Garden,Email,CAD,74794,1141604,1627.79,0.001426,0.04519,0.042199,158.13,0.2952,6,0.2,impressions,1.0,1350000,0.95,1.0,18000,0.95,325.56,4069.48,0.923
1,2025-06-02,British Columbia,Home & Garden,Online Video,CAD,81573,2771407,17982.22,0.006488,0.002879,0.009579,163.88,0.2873,3,0.7,impressions,1.0,6300000,1.15,1.0,49500,1.1,5394.66,30569.77,0.934
2,2025-06-09,British Columbia,Home & Garden,Online Video,CAD,89988,2806426,19910.66,0.007095,0.003292,0.008418,161.11,0.2924,3,0.7,impressions,1.0,6300000,1.15,1.0,49500,1.1,5973.2,33848.12,1.066
3,2025-06-16,British Columbia,Home & Garden,Online Video,CAD,82685,2414589,15540.44,0.006436,0.003284,0.008923,164.25,0.2928,3,0.7,impressions,1.0,6300000,1.15,1.0,49500,1.1,4662.13,26418.75,1.085
4,2025-06-23,British Columbia,Home & Garden,Online Video,CAD,78798,3583695,24675.49,0.006885,0.002803,0.009628,154.19,0.3209,3,0.7,impressions,1.0,6300000,1.15,1.0,49500,1.1,7402.65,41948.32,0.961
5,2025-06-30,British Columbia,Home & Garden,Online Video,CAD,79588,2525423,15947.0,0.006315,0.002934,0.009565,155.58,0.3124,3,0.7,impressions,1.0,6300000,1.15,1.0,49500,1.1,4784.1,27109.89,1.074
6,2025-07-07,British Columbia,Home & Garden,Online Video,CAD,85257,2395989,16008.97,0.006682,0.00325,0.009806,166.6,0.3142,3,0.7,impressions,1.0,6300000,1.15,1.0,49500,1.1,4802.69,27215.25,0.905
7,2025-07-14,British Columbia,Home & Garden,Online Video,CAD,92069,2408675,17836.42,0.007405,0.003125,0.00942,154.76,0.3077,3,0.7,impressions,1.0,6300000,1.15,1.0,49500,1.1,5350.92,30321.91,1.035
8,2025-07-21,British Columbia,Home & Garden,Online Video,CAD,86222,3132372,22643.43,0.007229,0.002757,0.008437,159.63,0.3142,3,0.7,impressions,1.0,6300000,1.15,1.0,49500,1.1,6793.03,38493.83,0.935
9,2025-07-28,British Columbia,Home & Garden,Online Video,CAD,87440,2397354,17211.83,0.00718,0.003026,0.009824,152.8,0.3293,3,0.7,impressions,1.0,6300000,1.15,1.0,49500,1.1,5163.55,29260.11,1.007
10,2025-08-04,British Columbia,Home & Garden,Online Video,CAD,74998,2556056,16739.06,0.006549,0.002877,0.008419,165.73,0.3224,3,0.7,impressions,1.0,6300000,1.15,1.0,49500,1.1,5021.72,28456.4,1.077
11,2025-08-11,British Columbia,Home & Garden,Online Video,CAD,82345,2627817,18053.89,0.00687,0.002992,0.00889,157.84,0.3016,3,0.7,impressions,1.0,6300000,1.15,1.0,49500,1.1,5416.17,30691.61,1.079
12,2025-08-18,British Columbia,Home & Garden,Online Video,CAD,89124,3072035,20643.88,0.00672,0.002891,0.009141,164.05,0.2761,3,0.7,impressions,1.0,6300000,1.15,1.0,49500,1.1,6193.16,35094.59,0.937
13,2025-08-25,British Columbia,Home & Garden,Online Video,CAD,80021,2740516,19271.44,0.007032,0.003075,0.009846,155.0,0.2892,3,0.7,impressions,1.0,6300000,1.15,1.0,49500,1.1,5781.43,32761.44,1.045
1,2025-06-02,British Columbia,Grocery,Paid Search,CAD,76303,3696978,46876.62,0.01268,0.036941,0.055013,44.18,0.1505,4,0.3,impressions,1.0,4500000,1.1,1.0,54000,1.05,23438.31,70314.93,0.955
2,2025-06-09,British Columbia,Grocery,Paid Search,CAD,87802,3835806,45968.02,0.011984,0.036064,0.056709,46.33,0.1495,4,0.3,impressions,1.0,4500000,1.1,1.0,54000,1.05,22984.01,68952.02,0.963
3,2025-06-16,British Columbia,Grocery,Paid Search,CAD,78558,3292269,42623.97,0.012947,0.034267,0.056845,43.55,0.1504,4,0.3,impressions,1.0,4500000,1.1,1.0,54000,1.05,21311.99,63935.96,1.037
4,2025-06-23,British Columbia,Grocery,Paid Search,CAD,91659,4761800,61722.2,0.012962,0.032044,0.056786,47.11,0.1415,4,0.3,impressions,1.0,4500000,1.1,1.0,54000,1.05,30861.1,92583.3,0.918
5,2025-06-30,British Columbia,Grocery,Paid Search,CAD,82010,3278803,37006.83,0.011287,0.034398,0.059614,46.95,0.1508,4,0.3,impressions,1.0,4500000,1.1,1.0,54000,1.05,18503.42,55510.25,0.965
6,2025-07-07,British Columbia,Grocery,Paid Search,CAD,82649,3779492,45205.08,0.011961,0.033475,0.055456,44.92,0.1376,4,0.3,impressions,1.0,4500000,1.1,1.0,54000,1.05,22602.54,67807.62,1.064
7,2025-07-14,British Columbia,Grocery,Paid Search,CAD,87109,3284049,35501.99,0.01081,0.037272,0.052988,46.85,0.1578,4,0.3,impressions,1.0,4500000,1.1,1.0,54000,1.05,17750.99,53252.98,0.904
8,2025-07-21,British Columbia,Grocery,Paid Search,CAD,74190,4671909,51533.44,0.01103,0.031694,0.055284,47.09,0.1618,4,0.3,impressions,1.0,4500000,1.1,1.0,54000,1.05,25766.72,77300.17,0.965
9,2025-07-28,British Columbia,Grocery,Paid Search,CAD,91857,3882833,43508.57,0.011205,0.034102,0.05479,45.35,0.1481,4,0.3,impressions,1.0,4500000,1.1,1.0,54000,1.05,21754.28,65262.85,1.013
10,2025-08-04,British Columbia,Grocery,Paid Search,CAD,84446,3342625,37891.92,0.011336,0.03601,0.051016,46.8,0.156,4,0.3,impressions,1.0,4500000,1.1,1.0,54000,1.05,18945.96,56837.87,1.087
11,2025-08-11,British Columbia,Grocery,Paid Search,CAD,90954,3398321,44385.0,0.013061,0.033916,0.051544,44.83,0.1475,4,0.3,impressions,1.0,4500000,1.1,1.0,54000,1.05,22192.5,66577.5,1.069
12,2025-08-18,British Columbia,Grocery,Paid Search,CAD,74906,4439014,52699.81,0.011872,0.034321,0.049837,43.56,0.1393,4,0.3,impressions,1.0,4500000,1.1,1.0,54000,1.05,26349.91,79049.72,1.091
13,2025-08-25,British Columbia,Grocery,Paid Search,CAD,88555,3597363,40256.24,0.01119,0.031833,0.053915,45.85,0.1374,4,0.3,impressions,1.0,4500000,1.1,1.0,54000,1.05,20128.12,60384.36,1.09
1,2025-06-02,British Columbia,Grocery,Display,CAD,92676,4701856,17259.65,0.003671,0.004159,0.011039,46.04,0.1415,5,0.5,impressions,1.0,11250000,1.05,1.0,40500,1.05,6903.86,27615.44,1.064
2,2025-06-09,British Columbia,Grocery,Display,CAD,78562,5225723,21402.66,0.004096,0.004277,0.012866,46.1,0.1458,5,0.5,impressions,1.0,11250000,1.05,1.0,40500,1.05,8561.06,34244.26,1.018
3,2025-06-16,British Columbia,Grocery,Display,CAD,83880,4807768,19491.02,0.004054,0.003826,0.011069,44.34,0.1525,5,0.5,impressions,1.0,11250000,1.05,1.0,40500,1.05,7796.41,31185.63,0.925
4,2025-06-23,British Columbia,Grocery,Display,CAD,86175,6486759,24987.74,0.003852,0.003952,0.012749,44.75,0.1498,5,0.5,impressions,1.0,11250000,1.05,1.0,40500,1.05,9995.1,39980.38,0.92
5,2025-06-30,British Columbia,Grocery,Display,CAD,87816,4731796,19887.34,0.004203,0.004292,0.012797,44.85,0.1577,5,0.5,impressions,1.0,11250000,1.05,1.0,40500,1.05,7954.94,31819.75,1.076
6,2025-07-07,British Columbia,Grocery,Display,CAD,86099,4797872,20570.75,0.004287,0.004312,0.011891,43.21,0.1381,5,0.5,impressions,1.0,11250000,1.05,1.0,40500,1.05,8228.3,32913.2,0.931
7,2025-07-14,British Columbia,Grocery,Display,CAD,93024,4636328,18924.01,0.004082,0.003978,0.011026,46.6,0.1571,5,0.5,impressions,1.0,11250000,1.05,1.0,40500,1.05,7569.6,30278.41,1.033
8,2025-07-21,British Columbia,Grocery,Display,CAD,86713,5886977,25852.85,0.004392,0.004252,0.012407,46.45,0.1506,5,0.5,impressions,1.0,11250000,1.05,1.0,40500,1.05,10341.14,41364.57,1.018
9,2025-07-28,British Columbia,Grocery,Display,CAD,75302,5001868,19722.28,0.003943,0.004103,0.011623,45.26,0.1602,5,0.5,impressions,1.0,11250000,1.05,1.0,40500,1.05,7888.91,31555.65,0.949
10,2025-08-04,British Columbia,Grocery,Display,CAD,84304,4649136,17571.41,0.00378,0.003621,0.010819,46.35,0.1621,5,0.5,impressions,1.0,11250000,1.05,1.0,40500,1.05,7028.56,28114.26,1.041
11,2025-08-11,British Columbia,Grocery,Display,CAD,87287,4862761,17728.43,0.003646,0.004362,0.012991,43.87,0.1365,5,0.5,impressions,1.0,11250000,1.05,1.0,40500,1.05,7091.37,28365.49,0.962
12,2025-08-18,British Columbia,Grocery,Display,CAD,73416,5808249,25548.78,0.004399,0.004283,0.011887,42.75,0.1383,5,0.5,impressions,1.0,11250000,1.05,1.0,40500,1.05,10219.51,40878.04,1.056
13,2025-08-25,British Columbia,Grocery,Display,CAD,81294,5180720,18868.47,0.003642,0.003642,0.012598,43.89,0.1602,5,0.5,impressions,1.0,11250000,1.05,1.0,40500,1.05,7547.39,30189.55,1.094
1,2025-06-02,British Columbia,Grocery,Social,CAD,80807,4083985,12993.94,0.003182,0.008203,0.015731,44.08,0.143,2,0.6,impressions,1.0,8100000,1.1,1.0,36000,1.08,5197.57,20790.3,0.927
2,2025-06-09,British Columbia,Grocery,Social,CAD,87283,3889398,12078.71,0.003106,0.007307,0.016921,44.6,0.1619,2,0.6,impressions,1.0,8100000,1.1,1.0,36000,1.08,4831.48,19325.93,1.082
3,2025-06-16,British Columbia,Grocery,Social,CAD,81703,3767981,11712.32,0.003108,0.008545,0.016036,44.61,0.1544,2,0.6,impressions,1.0,8100000,1.1,1.0,36000,1.08,4684.93,18739.72,0.942
4,2025-06-23,British Columbia,Grocery,Social,CAD,86384,4999866,16092.86,0.003219,0.007261,0.016283,42.87,0.1409,2,0.6,impressions,1.0,8100000,1.1,1.0,36000,1.08,6437.14,25748.57,0.934
5,2025-06-30,British Columbia,Grocery,Social,CAD,75547,4089503,13050.53,0.003191,0.007291,0.016061,42.91,0.1455,2,0.6,impressions,1.0,8100000,1.1,1.0,36000,1.08,5220.21,20880.84,0.947
6,2025-07-07,British Columbia,Grocery,Social,CAD,74355,4274738,12278.78,0.002872,0.008057,0.01745,44.94,0.147,2,0.6,impressions,1.0,8100000,1.1,1.0,36000,1.08,4911.51,19646.05,1.013
7,2025-07-14,British Columbia,Grocery,Social,CAD,85123,3842532,11985.76,0.003119,0.008554,0.017562,44.46,0.1474,2,0.6,impressions,1.0,8100000,1.1,1.0,36000,1.08,4794.3,19177.22,1.048
8,2025-07-21,British Columbia,Grocery,Social,CAD,85797,5245661,16419.05,0.00313,0.008511,0.015733,46.87,0.1626,2,0.6,impressions,1.0,8100000,1.1,1.0,36000,1.08,6567.62,26270.48,1.006
9,2025-07-28,British Columbia,Grocery,Social,CAD,83543,4075396,12191.25,0.002991,0.007493,0.014796,43.47,0.1523,2,0.6,impressions,1.0,8100000,1.1,1.0,36000,1.08,4876.5,19506.0,0.907
10,2025-08-04,British Columbia,Grocery,Social,CAD,73958,3795242,10597.03,0.002792,0.007292,0.014763,47.2,0.1453,2,0.6,impressions,1.0,8100000,1.1,1.0,36000,1.08,4238.81,16955.24,1.027
11,2025-08-11,British Columbia,Grocery,Social,CAD,82182,3948792,12839.67,0.003252,0.008244,0.014961,46.35,0.1419,2,0.6,impressions,1.0,8100000,1.1,1.0,36000,1.08,5135.87,20543.48,0.97
12,2025-08-18,British Columbia,Grocery,Social,CAD,77317,5404240,15938.12,0.002949,0.008508,0.01475,44.68,0.1491,2,0.6,impressions,1.0,8100000,1.1,1.0,36000,1.08,6375.25,25501.0,0.921
13,2025-08-25,British Columbia,Grocery,Social,CAD,78159,3850083,10568.32,0.002745,0.008188,0.014956,44.67,0.1416,2,0.6,impressions,1.0,8100000,1.1,1.0,36000,1.08,4227.33,16909.31,0.919
1,2025-06-02,British Columbia,Grocery,Affiliate,CAD,78551,2313194,15173.74,0.00656,0.018217,0.027162,44.29,0.1559,4,0.4,impressions,1.0,2700000,1.0,1.0,27000,1.0,4552.12,27312.74,1.05
2,2025-06-09,British Columbia,Grocery,Affiliate,CAD,76831,2299977,15159.13,0.006591,0.019197,0.028448,42.84,0.1415,4,0.4,impressions,1.0,2700000,1.0,1.0,27000,1.0,4547.74,27286.44,1.04
3,2025-06-16,British Columbia,Grocery,Affiliate,CAD,83306,2055216,12267.78,0.005969,0.01928,0.032755,47.12,0.1473,4,0.4,impressions,1.0,2700000,1.0,1.0,27000,1.0,3680.34,22082.01,1.03
4,2025-06-23,British Columbia,Grocery,Affiliate,CAD,78026,2771906,16353.39,0.0059,0.017849,0.030402,45.11,0.1636,4,0.4,impressions,1.0,2700000,1.0,1.0,27000,1.0,4906.02,29436.1,1.052
5,2025-06-30,British Columbia,Grocery,Affiliate,CAD,86232,1997364,10922.01,0.005468,0.017415,0.031897,44.24,0.1378,4,0.4,impressions,1.0,2700000,1.0,1.0,27000,1.0,3276.6,19659.61,0.977
6,2025-07-07,British Columbia,Grocery,Affiliate,CAD,85932,2308503,13284.08,0.005754,0.019337,0.030098,45.99,0.1537,4,0.4,impressions,1.0,2700000,1.0,1.0,27000,1.0,3985.22,23911.34,0.933
7,2025-07-14,British Columbia,Grocery,Affiliate,CAD,80260,2226769,13262.13,0.005956,0.018613,0.029349,46.9,0.1458,4,0.4,impressions,1.0,2700000,1.0,1.0,27000,1.0,3978.64,23871.83,0.919
8,2025-07-21,British Columbia,Grocery,Affiliate,CAD,78885,2511257,14788.8,0.005889,0.017833,0.030582,44.51,0.1596,4,0.4,impressions,1.0,2700000,1.0,1.0,27000,1.0,4436.64,26619.84,1.062
9,2025-07-28,British Columbia,Grocery,Affiliate,CAD,91190,2328800,15059.31,0.006467,0.019514,0.029474,43.65,0.1416,4,0.4,impressions,1.0,2700000,1.0,1.0,27000,1.0,4517.79,27106.76,0.945
10,2025-08-04,British Columbia,Grocery,Affiliate,CAD,84728,2158654,12333.81,0.005714,0.016414,0.027542,46.18,0.1503,4,0.4,impressions,1.0,2700000,1.0,1.0,27000,1.0,3700.14,22200.86,1.078
11,2025-08-11,British Columbia,Grocery,Affiliate,CAD,73192,2264259,14745.19,0.006512,0.016526,0.031168,43.71,0.1601,4,0.4,impressions,1.0,2700000,1.0,1.0,27000,1.0,4423.56,26541.35,0.946
12,2025-08-18,British Columbia,Grocery,Affiliate,CAD,80786,2642502,15943.6,0.006034,0.018381,0.030014,43.79,0.1553,4,0.4,impressions,1.0,2700000,1.0,1.0,27000,1.0,4783.08,28698.48,0.974
13,2025-08-25,British Columbia,Grocery,Affiliate,CAD,85192,2050628,11579.18,0.005647,0.018619,0.027542,43.65,0.1383,4,0.4,impressions,1.0,2700000,1.0,1.0,27000,1.0,3473.75,20842.52,1.046
1,2025-06-02,British Columbia,Grocery,Email,CAD,91386,1228016,1677.14,0.001366,0.051603,0.039802,47.07,0.14,6,0.2,impressions,1.0,1350000,0.95,1.0,18000,0.95,335.43,4192.85,1.04
2,2025-06-09,British Columbia,Grocery,Email,CAD,73122,1241578,1687.38,0.001359,0.04718,0.038526,45.51,0.1534,6,0.2,impressions,1.0,1350000,0.95,1.0,18000,0.95,337.48,4218.45,1.064
3,2025-06-16,British Columbia,Grocery,Email,CAD,74668,1096546,1594.69,0.001454,0.052387,0.037127,45.62,0.1499,6,0.2,impressions,1.0,1350000,0.95,1.0,18000,0.95,318.94,3986.73,1.056
4,2025-06-23,British Columbia,Grocery,Email,CAD,84422,1505754,2408.12,0.001599,0.04656,0.037377,45.5,0.1531,6,0.2,impressions,1.0,1350000,0.95,1.0,18000,0.95,481.62,6020.29,1.02
5,2025-06-30,British Columbia,Grocery,Email,CAD,75152,1199652,1696.75,0.001414,0.054678,0.037784,43.01,0.1547,6,0.2,impressions,1.0,1350000,0.95,1.0,18000,0.95,339.35,4241.88,0.973
6,2025-07-07,British Columbia,Grocery,Email,CAD,73109,1129195,1846.66,0.001635,0.046787,0.038652,45.82,0.1352,6,0.2,impressions,1.0,1350000,0.95,1.0,18000,0.95,369.33,4616.66,1.043
7,2025-07-14,British Columbia,Grocery,Email,CAD,77836,1236661,1941.65,0.00157,0.049694,0.043952,45.08,0.1591,6,0.2,impressions,1.0,1350000,0.95,1.0,18000,0.95,388.33,4854.13,1.006
8,2025-07-21,British Columbia,Grocery,Email,CAD,91468,1363901,1914.59,0.001404,0.05056,0.03961,43.76,0.1434,6,0.2,impressions,1.0,1350000,0.95,1.0,18000,0.95,382.92,4786.47,1.037
9,2025-07-28,British Columbia,Grocery,Email,CAD,80180,1238496,1928.08,0.001557,0.051896,0.040579,47.17,0.1466,6,0.2,impressions,1.0,1350000,0.95,1.0,18000,0.95,385.62,4820.21,1.071
10,2025-08-04,British Columbia,Grocery,Email,CAD,82932,1177067,1590.97,0.001352,0.05358,0.043218,44.09,0.139,6,0.2,impressions,1.0,1350000,0.95,1.0,18000,0.95,318.19,3977.42,0.951
11,2025-08-11,British Columbia,Grocery,Email,CAD,85158,1217043,1954.77,0.001606,0.052234,0.038158,43.55,0.146,6,0.2,impressions,1.0,1350000,0.95,1.0,18000,0.95,390.95,4886.94,0.916
12,2025-08-18,British Columbia,Grocery,Email,CAD,90080,1636220,2635.88,0.001611,0.053463,0.040785,46.65,0.1514,6,0.2,impressions,1.0,1350000,0.95,1.0,18000,0.95,527.18,6589.7,1.092
13,2025-08-25,British Columbia,Grocery,Email,CAD,78605,1240877,1849.91,0.001491,0.053505,0.04257,43.7,0.1623,6,0.2,impressions,1.0,1350000,0.95,1.0,18000,0.95,369.98,4624.77,0.968
1,2025-06-02,British Columbia,Grocery,Online Video,CAD,83179,2485747,15943.77,0.006414,0.003112,0.00896,43.39,0.1574,3,0.7,impressions,1.0,6300000,1.15,1.0,49500,1.1,4783.13,27104.41,1.053
2,2025-06-09,British Columbia,Grocery,Online Video,CAD,80432,2393325,15407.63,0.006438,0.003151,0.008401,45.41,0.1572,3,0.7,impressions,1.0,6300000,1.15,1.0,49500,1.1,4622.29,26192.97,1.074
3,2025-06-16,British Columbia,Grocery,Online Video,CAD,82901,2439618,15641.18,0.006411,0.003267,0.008917,43.91,0.142,3,0.7,impressions,1.0,6300000,1.15,1.0,49500,1.1,4692.35,26590.0,1.017
4,2025-06-23,British Columbia,Grocery,Online Video,CAD,91711,3359959,24084.06,0.007168,0.002774,0.009701,45.44,0.1646,3,0.7,impressions,1.0,6300000,1.15,1.0,49500,1.1,7225.22,40942.91,0.957
5,2025-06-30,British Columbia,Grocery,Online Video,CAD,86885,2331855,16351.09,0.007012,0.002844,0.00903,43.77,0.156,3,0.7,impressions,1.0,6300000,1.15,1.0,49500,1.1,4905.33,27796.85,0.991
6,2025-07-07,British Columbia,Grocery,Online Video,CAD,86746,2350048,18020.8,0.007668,0.003113,0.008959,44.26,0.1645,3,0.7,impressions,1.0,6300000,1.15,1.0,49500,1.1,5406.24,30635.35,0.991
7,2025-07-14,British Columbia,Grocery,Online Video,CAD,73420,2426787,18007.47,0.00742,0.003193,0.009521,43.18,0.1597,3,0.7,impressions,1.0,6300000,1.15,1.0,49500,1.1,5402.24,30612.71,0.944
8,2025-07-21,British Columbia,Grocery,Online Video,CAD,85067,3593049,23735.99,0.006606,0.002988,0.009436,43.26,0.1544,3,0.7,impressions,1.0,6300000,1.15,1.0,49500,1.1,7120.8,40351.18,1.038
9,2025-07-28,British Columbia,Grocery,Online Video,CAD,92536,2759504,21154.71,0.007666,0.003037,0.009508,45.2,0.1475,3,0.7,impressions,1.0,6300000,1.15,1.0,49500,1.1,6346.41,35963.0,0.926
10,2025-08-04,British Columbia,Grocery,Online Video,CAD,79969,2455661,17304.25,0.007047,0.003047,0.009526,44.59,0.1547,3,0.7,impressions,1.0,6300000,1.15,1.0,49500,1.1,5191.27,29417.22,1.098
11,2025-08-11,British Columbia,Grocery,Online Video,CAD,85801,2464429,18312.87,0.007431,0.003082,0.009671,45.69,0.1602,3,0.7,impressions,1.0,6300000,1.15,1.0,49500,1.1,5493.86,31131.87,1.018
12,2025-08-18,British Columbia,Grocery,Online Video,CAD,92219,3585612,23981.08,0.006688,0.003073,0.008404,44.04,0.1531,3,0.7,impressions,1.0,6300000,1.15,1.0,49500,1.1,7194.32,40767.83,0.945
13,2025-08-25,British Columbia,Grocery,Online Video,CAD,78282,2438348,16723.02,0.006858,0.002883,0.008165,46.51,0.1625,3,0.7,impressions,1.0,6300000,1.15,1.0,49500,1.1,5016.91,28429.14,0.944
1,2025-06-02,British Columbia,Beauty,Paid Search,CAD,77516,3391312,41891.04,0.012352,0.033951,0.058352,61.72,0.2237,4,0.3,impressions,1.0,4500000,1.1,1.0,54000,1.05,20945.52,62836.56,0.902
2,2025-06-09,British Columbia,Beauty,Paid Search,CAD,75038,3240223,40968.99,0.012644,0.036967,0.058818,57.45,0.2315,4,0.3,impressions,1.0,4500000,1.1,1.0,54000,1.05,20484.49,61453.48,0.988
3,2025-06-16,British Columbia,Beauty,Paid Search,CAD,75404,3411229,42404.53,0.012431,0.034833,0.058477,57.92,0.208,4,0.3,impressions,1.0,4500000,1.1,1.0,54000,1.05,21202.26,63606.79,0.958
4,2025-06-23,British Columbia,Beauty,Paid Search,CAD,87267,4456545,57065.45,0.012805,0.0366,0.052155,59.82,0.2122,4,0.3,impressions,1.0,4500000,1.1,1.0,54000,1.05,28532.72,85598.17,1.003
5,2025-06-30,British Columbia,Beauty,Paid Search,CAD,83727,3757154,41172.36,0.010958,0.031551,0.059646,62.63,0.1992,4,0.3,impressions,1.0,4500000,1.1,1.0,54000,1.05,20586.18,61758.54,1.001
6,2025-07-07,British Columbia,Beauty,Paid Search,CAD,74113,3459463,43817.95,0.012666,0.032009,0.052126,62.35,0.2213,4,0.3,impressions,1.0,4500000,1.1,1.0,54000,1.05,21908.98,65726.93,1.036
7,2025-07-14,British Columbia,Beauty,Paid Search,CAD,87058,3286666,40748.23,0.012398,0.033449,0.050105,59.91,0.1985,4,0.3,impressions,1.0,4500000,1.1,1.0,54000,1.05,20374.12,61122.35,0.913
8,2025-07-21,British Columbia,Beauty,Paid Search,CAD,81123,4360583,48022.23,0.011013,0.037562,0.052925,61.56,0.2211,4,0.3,impressions,1.0,4500000,1.1,1.0,54000,1.05,24011.11,72033.34,0.904
9,2025-07-28,British Columbia,Beauty,Paid Search,CAD,85680,3772773,47211.31,0.012514,0.036139,0.053524,60.77,0.2267,4,0.3,impressions,1.0,4500000,1.1,1.0,54000,1.05,23605.66,70816.97,0.984
10,2025-08-04,British Columbia,Beauty,Paid Search,CAD,84827,3822519,48433.85,0.012671,0.034229,0.050815,61.57,0.2088,4,0.3,impressions,1.0,4500000,1.1,1.0,54000,1.05,24216.93,72650.78,0.996
11,2025-08-11,British Columbia,Beauty,Paid Search,CAD,87409,3915721,48310.64,0.012338,0.031622,0.05371,57.54,0.2182,4,0.3,impressions,1.0,4500000,1.1,1.0,54000,1.05,24155.32,72465.96,1.009
12,2025-08-18,British Columbia,Beauty,Paid Search,CAD,77108,4172223,54645.92,0.013098,0.035231,0.049981,62.57,0.228,4,0.3,impressions,1.0,4500000,1.1,1.0,54000,1.05,27322.96,81968.88,0.937
13,2025-08-25,British Columbia,Beauty,Paid Search,CAD,76723,3737963,46612.1,0.01247,0.035137,0.051786,60.27,0.1988,4,0.3,impressions,1.0,4500000,1.1,1.0,54000,1.05,23306.05,69918.16,1.065
1,2025-06-02,British Columbia,Beauty,Display,CAD,74856,4678562,16887.05,0.003609,0.003884,0.011613,62.93,0.2249,5,0.5,impressions,1.0,11250000,1.05,1.0,40500,1.05,6754.82,27019.29,1.04
2,2025-06-09,British Columbia,Beauty,Display,CAD,78568,4377194,19086.48,0.00436,0.003826,0.013172,61.41,0.2407,5,0.5,impressions,1.0,11250000,1.05,1.0,40500,1.05,7634.59,30538.37,0.951
3,2025-06-16,British Columbia,Beauty,Display,CAD,73280,4634024,16904.82,0.003648,0.003658,0.013133,62.14,0.2318,5,0.5,impressions,1.0,11250000,1.05,1.0,40500,1.05,6761.93,27047.72,0.901
4,2025-06-23,British Columbia,Beauty,Display,CAD,76147,5899648,23399.94,0.003966,0.003763,0.011985,60.51,0.232,5,0.5,impressions,1.0,11250000,1.05,1.0,40500,1.05,9359.98,37439.9,1.06
5,2025-06-30,British Columbia,Beauty,Display,CAD,83088,4407425,18561.65,0.004211,0.003866,0.011489,62.6,0.2383,5,0.5,impressions,1.0,11250000,1.05,1.0,40500,1.05,7424.66,29698.64,0.919
6,2025-07-07,British Columbia,Beauty,Display,CAD,75350,4939829,18563.6,0.003758,0.004369,0.011317,62.33,0.2406,5,0.5,impressions,1.0,11250000,1.05,1.0,40500,1.05,7425.44,29701.76,0.997
7,2025-07-14,British Columbia,Beauty,Display,CAD,87193,4777688,17706.47,0.003706,0.004253,0.012174,58.03,0.236,5,0.5,impressions,1.0,11250000,1.05,1.0,40500,1.05,7082.59,28330.36,0.975
8,2025-07-21,British Columbia,Beauty,Display,CAD,88768,5590456,21600.19,0.003864,0.004026,0.013145,61.05,0.2056,5,0.5,impressions,1.0,11250000,1.05,1.0,40500,1.05,8640.08,34560.31,1.069
9,2025-07-28,British Columbia,Beauty,Display,CAD,78690,5055045,19171.11,0.003792,0.004135,0.01118,62.47,0.2107,5,0.5,impressions,1.0,11250000,1.05,1.0,40500,1.05,7668.44,30673.77,1.088
10,2025-08-04,British Columbia,Beauty,Display,CAD,84570,4713836,19875.09,0.004216,0.004332,0.010904,58.02,0.2075,5,0.5,impressions,1.0,11250000,1.05,1.0,40500,1.05,7950.04,31800.15,0.965
11,2025-08-11,British Columbia,Beauty,Display,CAD,86058,4932247,17844.23,0.003618,0.00406,0.01121,60.43,0.2208,5,0.5,impressions,1.0,11250000,1.05,1.0,40500,1.05,7137.69,28550.77,1.079
12,2025-08-18,British Columbia,Beauty,Display,CAD,79452,6276983,25764.02,0.004105,0.003968,0.01082,61.05,0.2209,5,0.5,impressions,1.0,11250000,1.05,1.0,40500,1.05,10305.61,41222.43,0.93
13,2025-08-25,British Columbia,Beauty,Display,CAD,73496,4845566,19212.92,0.003965,0.004132,0.011388,59.95,0.219,5,0.5,impressions,1.0,11250000,1.05,1.0,40500,1.05,7685.17,30740.68,1.098
1,2025-06-02,British Columbia,Beauty,Social,CAD,77546,3815028,10738.53,0.002815,0.008346,0.015761,57.48,0.2276,2,0.6,impressions,1.0,8100000,1.1,1.0,36000,1.08,4295.41,17181.65,0.976
2,2025-06-09,British Columbia,Beauty,Social,CAD,74947,4068302,12559.26,0.003087,0.008149,0.016549,62.18,0.2076,2,0.6,impressions,1.0,8100000,1.1,1.0,36000,1.08,5023.71,20094.82,1.01
3,2025-06-16,British Columbia,Beauty,Social,CAD,91787,3908128,11470.42,0.002935,0.008134,0.015092,61.96,0.2045,2,0.6,impressions,1.0,8100000,1.1,1.0,36000,1.08,4588.17,18352.67,1.001
4,2025-06-23,British Columbia,Beauty,Social,CAD,74118,5295333,14944.83,0.002822,0.00836,0.017046,58.31,0.2314,2,0.6,impressions,1.0,8100000,1.1,1.0,36000,1.08,5977.93,23911.73,0.964
5,2025-06-30,British Columbia,Beauty,Social,CAD,86394,4182335,12350.93,0.002953,0.007838,0.017053,62.56,0.2419,2,0.6,impressions,1.0,8100000,1.1,1.0,36000,1.08,4940.37,19761.48,0.978
6,2025-07-07,British Columbia,Beauty,Social,CAD,88129,3931202,11467.41,0.002917,0.007307,0.016234,59.11,0.2283,2,0.6,impressions,1.0,8100000,1.1,1.0,36000,1.08,4586.96,18347.85,0.98
7,2025-07-14,British Columbia,Beauty,Social,CAD,91687,3873909,12670.04,0.003271,0.007441,0.015876,61.81,0.2071,2,0.6,impressions,1.0,8100000,1.1,1.0,36000,1.08,5068.01,20272.06,0.925
8,2025-07-21,British Columbia,Beauty,Social,CAD,74906,5170214,15730.68,0.003043,0.007606,0.015239,59.46,0.2015,2,0.6,impressions,1.0,8100000,1.1,1.0,36000,1.08,6292.27,25169.1,1.021
9,2025-07-28,British Columbia,Beauty,Social,CAD,84978,3889596,10659.43,0.00274,0.008011,0.01598,60.84,0.217,2,0.6,impressions,1.0,8100000,1.1,1.0,36000,1.08,4263.77,17055.09,1.021
10,2025-08-04,British Columbia,Beauty,Social,CAD,87897,4164042,11833.84,0.002842,0.007224,0.014801,61.07,0.2234,2,0.6,impressions,1.0,8100000,1.1,1.0,36000,1.08,4733.53,18934.14,1.071
11,2025-08-11,British Columbia,Beauty,Social,CAD,91405,3717905,11892.13,0.003199,0.007803,0.015504,58.43,0.2183,2,0.6,impressions,1.0,8100000,1.1,1.0,36000,1.08,4756.85,19027.4,0.982
12,2025-08-18,British Columbia,Beauty,Social,CAD,79891,5205957,14820.25,0.002847,0.00754,0.016614,62.66,0.2142,2,0.6,impressions,1.0,8100000,1.1,1.0,36000,1.08,5928.1,23712.4,1.061
13,2025-08-25,British Columbia,Beauty,Social,CAD,90501,4058446,13023.96,0.003209,0.008635,0.016921,57.61,0.2387,2,0.6,impressions,1.0,8100000,1.1,1.0,36000,1.08,5209.58,20838.33,1.037
1,2025-06-02,British Columbia,Beauty,Affiliate,CAD,92729,2026294,11163.13,0.005509,0.016927,0.030657,61.17,0.216,4,0.4,impressions,1.0,2700000,1.0,1.0,27000,1.0,3348.94,20093.63,1.08
2,2025-06-09,British Columbia,Beauty,Affiliate,CAD,90742,2352486,14656.88,0.00623,0.019417,0.031733,60.93,0.2027,4,0.4,impressions,1.0,2700000,1.0,1.0,27000,1.0,4397.06,26382.38,1.05
3,2025-06-16,British Columbia,Beauty,Affiliate,CAD,80454,2239560,13296.65,0.005937,0.019538,0.030319,62.81,0.2184,4,0.4,impressions,1.0,2700000,1.0,1.0,27000,1.0,3989.0,23933.97,1.027
4,2025-06-23,British Columbia,Beauty,Affiliate,CAD,73039,2998432,18042.99,0.006017,0.018792,0.030748,58.8,0.2263,4,0.4,impressions,1.0,2700000,1.0,1.0,27000,1.0,5412.9,32477.38,0.927
5,2025-06-30,British Columbia,Beauty,Affiliate,CAD,88944,2161330,13390.08,0.006195,0.016631,0.032539,62.71,0.2236,4,0.4,impressions,1.0,2700000,1.0,1.0,27000,1.0,4017.02,24102.15,0.932
6,2025-07-07,British Columbia,Beauty,Affiliate,CAD,79693,2046441,11783.71,0.005758,0.017573,0.029798,59.23,0.2014,4,0.4,impressions,1.0,2700000,1.0,1.0,27000,1.0,3535.11,21210.69,1.059
7,2025-07-14,British Columbia,Beauty,Affiliate,CAD,89487,2337218,12803.06,0.005478,0.016857,0.02908,60.34,0.2249,4,0.4,impressions,1.0,2700000,1.0,1.0,27000,1.0,3840.92,23045.5,0.957
8,2025-07-21,British Columbia,Beauty,Affiliate,CAD,82737,2570630,16870.42,0.006563,0.016693,0.027936,61.04,0.1999,4,0.4,impressions,1.0,2700000,1.0,1.0,27000,1.0,5061.13,30366.75,0.942
9,2025-07-28,British Columbia,Beauty,Affiliate,CAD,87418,2216944,13601.3,0.006135,0.019093,0.030439,59.78,0.2093,4,0.4,impressions,1.0,2700000,1.0,1.0,27000,1.0,4080.39,24482.35,0.974
10,2025-08-04,British Columbia,Beauty,Affiliate,CAD,73280,2266337,12642.58,0.005578,0.018018,0.032038,60.27,0.2133,4,0.4,impressions,1.0,2700000,1.0,1.0,27000,1.0,3792.77,22756.64,1.034
11,2025-08-11,British Columbia,Beauty,Affiliate,CAD,83632,2186561,13708.75,0.00627,0.01657,0.027389,60.84,0.2374,4,0.4,impressions,1.0,2700000,1.0,1.0,27000,1.0,4112.62,24675.75,1.041
12,2025-08-18,British Columbia,Beauty,Affiliate,CAD,89198,3017855,17129.51,0.005676,0.017364,0.027221,58.43,0.2128,4,0.4,impressions,1.0,2700000,1.0,1.0,27000,1.0,5138.85,30833.12,1.087
13,2025-08-25,British Columbia,Beauty,Affiliate,CAD,83134,2163072,12270.0,0.005672,0.019795,0.029603,60.36,0.2368,4,0.4,impressions,1.0,2700000,1.0,1.0,27000,1.0,3681.0,22086.0,0.927
1,2025-06-02,British Columbia,Beauty,Email,CAD,73066,1300182,1892.42,0.001456,0.049205,0.039096,62.32,0.2006,6,0.2,impressions,1.0,1350000,0.95,1.0,18000,0.95,378.48,4731.06,1.089
2,2025-06-09,British Columbia,Beauty,Email,CAD,75473,1102340,1550.04,0.001406,0.05048,0.04162,60.93,0.2368,6,0.2,impressions,1.0,1350000,0.95,1.0,18000,0.95,310.01,3875.11,0.961
3,2025-06-16,British Columbia,Beauty,Email,CAD,86103,1273994,1979.14,0.001553,0.046617,0.036885,58.28,0.2273,6,0.2,impressions,1.0,1350000,0.95,1.0,18000,0.95,395.83,4947.86,0.924
4,2025-06-23,British Columbia,Beauty,Email,CAD,75610,1585334,2303.51,0.001453,0.050736,0.039149,58.91,0.2389,6,0.2,impressions,1.0,1350000,0.95,1.0,18000,0.95,460.7,5758.77,0.995
5,2025-06-30,British Columbia,Beauty,Email,CAD,82605,1211620,1991.19,0.001643,0.048182,0.043824,58.92,0.2135,6,0.2,impressions,1.0,1350000,0.95,1.0,18000,0.95,398.24,4977.97,0.943
6,2025-07-07,British Columbia,Beauty,Email,CAD,83203,1227869,1898.43,0.001546,0.051604,0.038673,59.3,0.2288,6,0.2,impressions,1.0,1350000,0.95,1.0,18000,0.95,379.69,4746.07,1.041
7,2025-07-14,British Columbia,Beauty,Email,CAD,80339,1238224,1739.25,0.001405,0.04961,0.036929,58.48,0.2008,6,0.2,impressions,1.0,1350000,0.95,1.0,18000,0.95,347.85,4348.12,0.919
8,2025-07-21,British Columbia,Beauty,Email,CAD,90826,1499412,2227.63,0.001486,0.0532,0.041469,58.48,0.2047,6,0.2,impressions,1.0,1350000,0.95,1.0,18000,0.95,445.53,5569.07,0.938
9,2025-07-28,British Columbia,Beauty,Email,CAD,84857,1265119,1949.72,0.001541,0.050687,0.043693,59.64,0.2295,6,0.2,impressions,1.0,1350000,0.95,1.0,18000,0.95,389.94,4874.3,1.074
10,2025-08-04,British Columbia,Beauty,Email,CAD,88724,1214009,1985.64,0.001636,0.050146,0.04264,60.01,0.2246,6,0.2,impressions,1.0,1350000,0.95,1.0,18000,0.95,397.13,4964.1,1.065
11,2025-08-11,British Columbia,Beauty,Email,CAD,81851,1079037,1710.43,0.001585,0.045272,0.041867,61.2,0.2294,6,0.2,impressions,1.0,1350000,0.95,1.0,18000,0.95,342.09,4276.07,1.064
12,2025-08-18,British Columbia,Beauty,Email,CAD,73278,1547952,2358.7,0.001524,0.05434,0.037836,61.83,0.2311,6,0.2,impressions,1.0,1350000,0.95,1.0,18000,0.95,471.74,5896.76,1.045
13,2025-08-25,British Columbia,Beauty,Email,CAD,84618,1252338,1978.37,0.00158,0.052732,0.041783,59.59,0.2417,6,0.2,impressions,1.0,1350000,0.95,1.0,18000,0.95,395.67,4945.93,1.087
1,2025-06-02,British Columbia,Beauty,Online Video,CAD,83275,2445751,17338.35,0.007089,0.003245,0.009566,60.16,0.2125,3,0.7,impressions,1.0,6300000,1.15,1.0,49500,1.1,5201.51,29475.2,1.016
2,2025-06-09,British Columbia,Beauty,Online Video,CAD,90768,2346495,16613.62,0.00708,0.002847,0.009761,60.16,0.2172,3,0.7,impressions,1.0,6300000,1.15,1.0,49500,1.1,4984.08,28243.15,0.963
3,2025-06-16,British Columbia,Beauty,Online Video,CAD,83514,2461055,17518.48,0.007118,0.003085,0.009193,60.15,0.206,3,0.7,impressions,1.0,6300000,1.15,1.0,49500,1.1,5255.54,29781.42,1.058
4,2025-06-23,British Columbia,Beauty,Online Video,CAD,86557,3030543,19465.55,0.006423,0.002959,0.008467,60.98,0.2166,3,0.7,impressions,1.0,6300000,1.15,1.0,49500,1.1,5839.66,33091.43,0.942
5,2025-06-30,British Columbia,Beauty,Online Video,CAD,79354,2810547,21372.43,0.007604,0.003005,0.008651,58.37,0.2165,3,0.7,impressions,1.0,6300000,1.15,1.0,49500,1.1,6411.73,36333.13,1.029
6,2025-07-07,British Columbia,Beauty,Online Video,CAD,85230,2638955,18943.91,0.007179,0.00289,0.008299,62.5,0.2179,3,0.7,impressions,1.0,6300000,1.15,1.0,49500,1.1,5683.17,32204.65,0.983
7,2025-07-14,British Columbia,Beauty,Online Video,CAD,85761,2495921,17045.28,0.006829,0.003069,0.008567,59.65,0.236,3,0.7,impressions,1.0,6300000,1.15,1.0,49500,1.1,5113.58,28976.97,0.943
8,2025-07-21,British Columbia,Beauty,Online Video,CAD,75650,3544809,26115.44,0.007367,0.002852,0.009267,59.77,0.2127,3,0.7,impressions,1.0,6300000,1.15,1.0,49500,1.1,7834.63,44396.24,1.044
9,2025-07-28,British Columbia,Beauty,Online Video,CAD,80819,2498535,19012.82,0.00761,0.003114,0.009342,61.37,0.2113,3,0.7,impressions,1.0,6300000,1.15,1.0,49500,1.1,5703.85,32321.8,0.906
10,2025-08-04,British Columbia,Beauty,Online Video,CAD,87586,2601470,18937.95,0.00728,0.003248,0.008232,61.38,0.2351,3,0.7,impressions,1.0,6300000,1.15,1.0,49500,1.1,5681.39,32194.52,0.961
11,2025-08-11,British Columbia,Beauty,Online Video,CAD,88610,2573366,19464.87,0.007564,0.003147,0.008718,57.98,0.2119,3,0.7,impressions,1.0,6300000,1.15,1.0,49500,1.1,5839.46,33090.28,1.05
12,2025-08-18,British Columbia,Beauty,Online Video,CAD,86327,3229570,21720.66,0.006726,0.002826,0.00836,59.9,0.2217,3,0.7,impressions,1.0,6300000,1.15,1.0,49500,1.1,6516.2,36925.12,0.986
13,2025-08-25,British Columbia,Beauty,Online Video,CAD,80300,2528536,18150.64,0.007178,0.003268,0.00857,60.67,0.2104,3,0.7,impressions,1.0,6300000,1.15,1.0,49500,1.1,5445.19,30856.09,0.934
1,2025-06-02,British Columbia,Sporting Goods,Paid Search,CAD,75556,3301237,37066.16,0.011228,0.034841,0.053753,139.3,0.2756,4,0.3,impressions,1.0,4500000,1.1,1.0,54000,1.05,18533.08,55599.24,1.03
2,2025-06-09,British Columbia,Sporting Goods,Paid Search,CAD,85510,3586972,39488.3,0.011009,0.036446,0.059853,134.65,0.2549,4,0.3,impressions,1.0,4500000,1.1,1.0,54000,1.05,19744.15,59232.45,0.981
3,2025-06-16,British Columbia,Sporting Goods,Paid Search,CAD,73285,3403480,44810.28,0.013166,0.037085,0.057054,134.93,0.2553,4,0.3,impressions,1.0,4500000,1.1,1.0,54000,1.05,22405.14,67215.41,1.087
4,2025-06-23,British Columbia,Sporting Goods,Paid Search,CAD,85362,4373035,50567.01,0.011563,0.033628,0.055577,136.44,0.2605,4,0.3,impressions,1.0,4500000,1.1,1.0,54000,1.05,25283.5,75850.51,1.094
5,2025-06-30,British Columbia,Sporting Goods,Paid Search,CAD,83808,3853562,41944.6,0.010885,0.035407,0.05536,144.76,0.2545,4,0.3,impressions,1.0,4500000,1.1,1.0,54000,1.05,20972.3,62916.9,0.934
6,2025-07-07,British Columbia,Sporting Goods,Paid Search,CAD,74706,3633243,41899.28,0.011532,0.034662,0.060445,136.77,0.2586,4,0.3,impressions,1.0,4500000,1.1,1.0,54000,1.05,20949.64,62848.92,1.053
7,2025-07-14,British Columbia,Sporting Goods,Paid Search,CAD,89403,3615333,39981.96,0.011059,0.037935,0.059751,140.82,0.2574,4,0.3,impressions,1.0,4500000,1.1,1.0,54000,1.05,19990.98,59972.95,1.008
8,2025-07-21,British Columbia,Sporting Goods,Paid Search,CAD,77718,4441689,50918.26,0.011464,0.037604,0.058318,141.82,0.2524,4,0.3,impressions,1.0,4500000,1.1,1.0,54000,1.05,25459.13,76377.39,1.087
9,2025-07-28,British Columbia,Sporting Goods,Paid Search,CAD,86792,3413716,42865.2,0.012557,0.034338,0.056695,143.82,0.2932,4,0.3,impressions,1.0,4500000,1.1,1.0,54000,1.05,21432.6,64297.8,1.01
10,2025-08-04,British Columbia,Sporting Goods,Paid Search,CAD,76680,3519817,40195.67,0.01142,0.035682,0.049509,146.03,0.2682,4,0.3,impressions,1.0,4500000,1.1,1.0,54000,1.05,20097.84,60293.51,0.928
11,2025-08-11,British Columbia,Sporting Goods,Paid Search,CAD,80124,3609719,46946.81,0.013006,0.032961,0.05559,137.57,0.2701,4,0.3,impressions,1.0,4500000,1.1,1.0,54000,1.05,23473.4,70420.21,1.082
12,2025-08-18,British Columbia,Sporting Goods,Paid Search,CAD,75410,4299361,51936.86,0.01208,0.034145,0.054895,143.95,0.2836,4,0.3,impressions,1.0,4500000,1.1,1.0,54000,1.05,25968.43,77905.29,1.088
13,2025-08-25,British Columbia,Sporting Goods,Paid Search,CAD,88712,3216316,41077.73,0.012772,0.037111,0.049753,141.27,0.2811,4,0.3,impressions,1.0,4500000,1.1,1.0,54000,1.05,20538.86,61616.59,0.94
1,2025-06-02,British Columbia,Sporting Goods,Display,CAD,76089,4531771,19201.49,0.004237,0.004182,0.010838,133.32,0.2652,5,0.5,impressions,1.0,11250000,1.05,1.0,40500,1.05,7680.6,30722.38,0.996
2,2025-06-09,British Columbia,Sporting Goods,Display,CAD,75410,4665218,18959.33,0.004064,0.003827,0.013184,140.93,0.2644,5,0.5,impressions,1.0,11250000,1.05,1.0,40500,1.05,7583.73,30334.93,1.053
3,2025-06-16,British Columbia,Sporting Goods,Display,CAD,84945,4278248,16673.86,0.003897,0.003865,0.012605,146.84,0.2616,5,0.5,impressions,1.0,11250000,1.05,1.0,40500,1.05,6669.54,26678.17,1.091
4,2025-06-23,British Columbia,Sporting Goods,Display,CAD,89394,5645097,22763.2,0.004032,0.004118,0.011006,145.73,0.2524,5,0.5,impressions,1.0,11250000,1.05,1.0,40500,1.05,9105.28,36421.12,1.079
5,2025-06-30,British Columbia,Sporting Goods,Display,CAD,88968,4944593,18157.4,0.003672,0.004166,0.01318,140.64,0.2904,5,0.5,impressions,1.0,11250000,1.05,1.0,40500,1.05,7262.96,29051.84,1.084
6,2025-07-07,British Columbia,Sporting Goods,Display,CAD,77350,5046598,19631.03,0.00389,0.003889,0.010903,142.4,0.264,5,0.5,impressions,1.0,11250000,1.05,1.0,40500,1.05,7852.41,31409.65,0.902
7,2025-07-14,British Columbia,Sporting Goods,Display,CAD,74733,4439997,17225.96,0.00388,0.004006,0.012544,143.48,0.2766,5,0.5,impressions,1.0,11250000,1.05,1.0,40500,1.05,6890.39,27561.54,1.042
8,2025-07-21,British Columbia,Sporting Goods,Display,CAD,84924,5602187,22589.16,0.004032,0.003909,0.012991,137.88,0.2715,5,0.5,impressions,1.0,11250000,1.05,1.0,40500,1.05,9035.66,36142.66,1.016
9,2025-07-28,British Columbia,Sporting Goods,Display,CAD,92421,4683668,17950.77,0.003833,0.00424,0.011283,134.36,0.2685,5,0.5,impressions,1.0,11250000,1.05,1.0,40500,1.05,7180.31,28721.24,1.031
10,2025-08-04,British Columbia,Sporting Goods,Display,CAD,79814,4830992,17950.08,0.003716,0.004226,0.011581,136.59,0.2664,5,0.5,impressions,1.0,11250000,1.05,1.0,40500,1.05,7180.03,28720.13,1.071
11,2025-08-11,British Columbia,Sporting Goods,Display,CAD,76938,5149275,21441.83,0.004164,0.004391,0.011624,142.2,0.2629,5,0.5,impressions,1.0,11250000,1.05,1.0,40500,1.05,8576.73,34306.93,1.047
12,2025-08-18,British Columbia,Sporting Goods,Display,CAD,81041,5509207,21840.48,0.003964,0.003878,0.011681,145.1,0.2599,5,0.5,impressions,1.0,11250000,1.05,1.0,40500,1.05,8736.19,34944.76,0.911
13,2025-08-25,British Columbia,Sporting Goods,Display,CAD,91855,4987985,21367.38,0.004284,0.00415,0.012625,143.41,0.3033,5,0.5,impressions,1.0,11250000,1.05,1.0,40500,1.05,8546.95,34187.81,0.939
1,2025-06-02,British Columbia,Sporting Goods,Social,CAD,87028,4254432,13226.8,0.003109,0.008,0.017581,145.3,0.2537,2,0.6,impressions,1.0,8100000,1.1,1.0,36000,1.08,5290.72,21162.89,0.934
2,2025-06-09,British Columbia,Sporting Goods,Social,CAD,91866,3917351,12729.29,0.003249,0.007241,0.015232,142.35,0.3035,2,0.6,impressions,1.0,8100000,1.1,1.0,36000,1.08,5091.72,20366.87,0.993
3,2025-06-16,British Columbia,Sporting Goods,Social,CAD,78682,3570659,11769.92,0.003296,0.007527,0.014884,137.67,0.261,2,0.6,impressions,1.0,8100000,1.1,1.0,36000,1.08,4707.97,18831.87,1.078
4,2025-06-23,British Columbia,Sporting Goods,Social,CAD,92686,4862423,15819.58,0.003253,0.008054,0.016424,140.18,0.2989,2,0.6,impressions,1.0,8100000,1.1,1.0,36000,1.08,6327.83,25311.32,0.916
5,2025-06-30,British Columbia,Sporting Goods,Social,CAD,84741,3638838,10243.34,0.002815,0.00836,0.016514,138.44,0.2695,2,0.6,impressions,1.0,8100000,1.1,1.0,36000,1.08,4097.34,16389.34,1.099
6,2025-07-07,British Columbia,Sporting Goods,Social,CAD,90651,4344261,11834.58,0.002724,0.008095,0.016145,134.95,0.2807,2,0.6,impressions,1.0,8100000,1.1,1.0,36000,1.08,4733.83,18935.34,0.968
7,2025-07-14,British Columbia,Sporting Goods,Social,CAD,92009,3583777,11149.91,0.003111,0.008069,0.016169,142.63,0.2962,2,0.6,impressions,1.0,8100000,1.1,1.0,36000,1.08,4459.96,17839.85,0.914
8,2025-07-21,British Columbia,Sporting Goods,Social,CAD,74679,5119296,15320.01,0.002993,0.007962,0.017343,133.89,0.2648,2,0.6,impressions,1.0,8100000,1.1,1.0,36000,1.08,6128.0,24512.02,0.985
9,2025-07-28,British Columbia,Sporting Goods,Social,CAD,77062,4029498,11145.91,0.002766,0.007727,0.017009,142.56,0.2748,2,0.6,impressions,1.0,8100000,1.1,1.0,36000,1.08,4458.36,17833.46,1.022
10,2025-08-04,British Columbia,Sporting Goods,Social,CAD,84928,4041724,12911.72,0.003195,0.008278,0.014625,145.06,0.2556,2,0.6,impressions,1.0,8100000,1.1,1.0,36000,1.08,5164.69,20658.75,0.902
11,2025-08-11,British Columbia,Sporting Goods,Social,CAD,74473,3586485,10878.78,0.003033,0.007748,0.017501,146.06,0.2898,2,0.6,impressions,1.0,8100000,1.1,1.0,36000,1.08,4351.51,17406.05,1.044
12,2025-08-18,British Columbia,Sporting Goods,Social,CAD,78128,4784131,14679.81,0.003068,0.008087,0.014807,144.34,0.2942,2,0.6,impressions,1.0,8100000,1.1,1.0,36000,1.08,5871.92,23487.69,1.094
13,2025-08-25,British Columbia,Sporting Goods,Social,CAD,74676,3707507,11843.38,0.003194,0.00862,0.015419,135.26,0.263,2,0.6,impressions,1.0,8100000,1.1,1.0,36000,1.08,4737.35,18949.41,1.071
1,2025-06-02,British Columbia,Sporting Goods,Affiliate,CAD,87517,2240787,14382.24,0.006418,0.018284,0.028554,144.24,0.2577,4,0.4,impressions,1.0,2700000,1.0,1.0,27000,1.0,4314.67,25888.02,1.043
2,2025-06-09,British Columbia,Sporting Goods,Affiliate,CAD,73366,2081814,12028.94,0.005778,0.018803,0.028017,144.82,0.3023,4,0.4,impressions,1.0,2700000,1.0,1.0,27000,1.0,3608.68,21652.09,1.072
3,2025-06-16,British Columbia,Sporting Goods,Affiliate,CAD,74498,2206937,12836.43,0.005816,0.017558,0.028977,138.82,0.2732,4,0.4,impressions,1.0,2700000,1.0,1.0,27000,1.0,3850.93,23105.57,1.094
4,2025-06-23,British Columbia,Sporting Goods,Affiliate,CAD,74911,2522233,16281.35,0.006455,0.019571,0.032606,142.24,0.2644,4,0.4,impressions,1.0,2700000,1.0,1.0,27000,1.0,4884.4,29306.43,0.965
5,2025-06-30,British Columbia,Sporting Goods,Affiliate,CAD,91789,2038927,12075.61,0.005923,0.018014,0.03296,140.35,0.2909,4,0.4,impressions,1.0,2700000,1.0,1.0,27000,1.0,3622.68,21736.1,1.006
6,2025-07-07,British Columbia,Sporting Goods,Affiliate,CAD,76029,2286160,14061.12,0.006151,0.017195,0.032611,139.77,0.2845,4,0.4,impressions,1.0,2700000,1.0,1.0,27000,1.0,4218.34,25310.02,1.073
7,2025-07-14,British Columbia,Sporting Goods,Affiliate,CAD,86680,2392677,14879.4,0.006219,0.019654,0.030402,145.04,0.273,4,0.4,impressions,1.0,2700000,1.0,1.0,27000,1.0,4463.82,26782.92,0.985
8,2025-07-21,British Columbia,Sporting Goods,Affiliate,CAD,76036,2936016,16247.82,0.005534,0.018638,0.03013,144.14,0.2836,4,0.4,impressions,1.0,2700000,1.0,1.0,27000,1.0,4874.35,29246.08,1.008
9,2025-07-28,British Columbia,Sporting Goods,Affiliate,CAD,76327,2325226,15023.93,0.006461,0.01896,0.03293,145.1,0.2659,4,0.4,impressions,1.0,2700000,1.0,1.0,27000,1.0,4507.18,27043.07,0.94
10,2025-08-04,British Columbia,Sporting Goods,Affiliate,CAD,90723,2209651,12219.16,0.00553,0.016596,0.032146,134.93,0.2658,4,0.4,impressions,1.0,2700000,1.0,1.0,27000,1.0,3665.75,21994.49,0.984
11,2025-08-11,British Columbia,Sporting Goods,Affiliate,CAD,78651,2217350,12681.32,0.005719,0.018167,0.027999,134.87,0.275,4,0.4,impressions,1.0,2700000,1.0,1.0,27000,1.0,3804.4,22826.38,1.069
12,2025-08-18,British Columbia,Sporting Goods,Affiliate,CAD,80883,2690584,14586.82,0.005421,0.019732,0.027721,144.06,0.2627,4,0.4,impressions,1.0,2700000,1.0,1.0,27000,1.0,4376.05,26256.27,1.083
13,2025-08-25,British Columbia,Sporting Goods,Affiliate,CAD,89866,2171258,11763.38,0.005418,0.018572,0.027244,135.79,0.2698,4,0.4,impressions,1.0,2700000,1.0,1.0,27000,1.0,3529.01,21174.09,0.963
1,2025-06-02,British Columbia,Sporting Goods,Email,CAD,75518,1137549,1538.75,0.001353,0.048765,0.038635,146.37,0.2598,6,0.2,impressions,1.0,1350000,0.95,1.0,18000,0.95,307.75,3846.88,0.998
2,2025-06-09,British Columbia,Sporting Goods,Email,CAD,87068,1221555,1810.67,0.001482,0.054322,0.036806,133.31,0.2952,6,0.2,impressions,1.0,1350000,0.95,1.0,18000,0.95,362.13,4526.68,0.994
3,2025-06-16,British Columbia,Sporting Goods,Email,CAD,79320,1114186,1675.99,0.001504,0.054076,0.039276,142.73,0.2812,6,0.2,impressions,1.0,1350000,0.95,1.0,18000,0.95,335.2,4189.97,0.918
4,2025-06-23,British Columbia,Sporting Goods,Email,CAD,77396,1462927,2026.97,0.001386,0.049326,0.040875,141.83,0.302,6,0.2,impressions,1.0,1350000,0.95,1.0,18000,0.95,405.39,5067.43,1.079
5,2025-06-30,British Columbia,Sporting Goods,Email,CAD,84384,1216166,1790.72,0.001472,0.051919,0.036843,142.44,0.2842,6,0.2,impressions,1.0,1350000,0.95,1.0,18000,0.95,358.14,4476.81,1.06
6,2025-07-07,British Columbia,Sporting Goods,Email,CAD,78608,1127675,1857.65,0.001647,0.048204,0.041668,138.46,0.2963,6,0.2,impressions,1.0,1350000,0.95,1.0,18000,0.95,371.53,4644.11,1.087
7,2025-07-14,British Columbia,Sporting Goods,Email,CAD,74328,1114990,1666.77,0.001495,0.045259,0.037739,138.63,0.2872,6,0.2,impressions,1.0,1350000,0.95,1.0,18000,0.95,333.35,4166.93,0.974
8,2025-07-21,British Columbia,Sporting Goods,Email,CAD,74677,1591999,2436.47,0.00153,0.050244,0.040496,140.68,0.2658,6,0.2,impressions,1.0,1350000,0.95,1.0,18000,0.95,487.29,6091.18,0.94
9,2025-07-28,British Columbia,Sporting Goods,Email,CAD,93032,1151565,1725.09,0.001498,0.052394,0.038238,137.58,0.2804,6,0.2,impressions,1.0,1350000,0.95,1.0,18000,0.95,345.02,4312.73,0.971
10,2025-08-04,British Columbia,Sporting Goods,Email,CAD,89253,1187159,1829.86,0.001541,0.05127,0.043107,140.92,0.2839,6,0.2,impressions,1.0,1350000,0.95,1.0,18000,0.95,365.97,4574.66,0.91
11,2025-08-11,British Columbia,Sporting Goods,Email,CAD,87504,1097744,1761.51,0.001605,0.053851,0.04069,133.15,0.3007,6,0.2,impressions,1.0,1350000,0.95,1.0,18000,0.95,352.3,4403.77,0.983
12,2025-08-18,British Columbia,Sporting Goods,Email,CAD,87844,1530276,2140.89,0.001399,0.051811,0.041026,140.2,0.2675,6,0.2,impressions,1.0,1350000,0.95,1.0,18000,0.95,428.18,5352.21,0.916
13,2025-08-25,British Columbia,Sporting Goods,Email,CAD,75082,1112566,1600.55,0.001439,0.050158,0.040941,146.34,0.2811,6,0.2,impressions,1.0,1350000,0.95,1.0,18000,0.95,320.11,4001.37,1.008
1,2025-06-02,British Columbia,Sporting Goods,Online Video,CAD,85085,2389599,15157.17,0.006343,0.002925,0.008447,140.93,0.2855,3,0.7,impressions,1.0,6300000,1.15,1.0,49500,1.1,4547.15,25767.2,1.09
2,2025-06-09,British Columbia,Sporting Goods,Online Video,CAD,85447,2545659,18914.02,0.00743,0.003287,0.009699,135.93,0.2608,3,0.7,impressions,1.0,6300000,1.15,1.0,49500,1.1,5674.21,32153.83,1.07
3,2025-06-16,British Columbia,Sporting Goods,Online Video,CAD,92879,2432490,17529.54,0.007206,0.002839,0.008963,139.24,0.2774,3,0.7,impressions,1.0,6300000,1.15,1.0,49500,1.1,5258.86,29800.21,0.995
4,2025-06-23,British Columbia,Sporting Goods,Online Video,CAD,72955,3129053,21965.3,0.00702,0.00302,0.008493,136.57,0.2633,3,0.7,impressions,1.0,6300000,1.15,1.0,49500,1.1,6589.59,37341.01,1.014
5,2025-06-30,British Columbia,Sporting Goods,Online Video,CAD,72943,2381796,15141.05,0.006357,0.002932,0.009718,133.6,0.3016,3,0.7,impressions,1.0,6300000,1.15,1.0,49500,1.1,4542.32,25739.79,0.936
6,2025-07-07,British Columbia,Sporting Goods,Online Video,CAD,74042,2782357,18853.77,0.006776,0.003194,0.009545,142.35,0.2804,3,0.7,impressions,1.0,6300000,1.15,1.0,49500,1.1,5656.13,32051.4,1.063
7,2025-07-14,British Columbia,Sporting Goods,Online Video,CAD,87037,2598657,17069.9,0.006569,0.002802,0.008805,142.84,0.29,3,0.7,impressions,1.0,6300000,1.15,1.0,49500,1.1,5120.97,29018.83,1.028
8,2025-07-21,British Columbia,Sporting Goods,Online Video,CAD,86900,3408148,23517.85,0.0069,0.003166,0.008531,135.12,0.2761,3,0.7,impressions,1.0,6300000,1.15,1.0,49500,1.1,7055.35,39980.34,1.042
9,2025-07-28,British Columbia,Sporting Goods,Online Video,CAD,88090,2627033,17901.79,0.006814,0.002885,0.009292,146.22,0.2712,3,0.7,impressions,1.0,6300000,1.15,1.0,49500,1.1,5370.54,30433.05,1.081
10,2025-08-04,British Columbia,Sporting Goods,Online Video,CAD,75452,2796762,19303.36,0.006902,0.002963,0.008749,137.53,0.2886,3,0.7,impressions,1.0,6300000,1.15,1.0,49500,1.1,5791.01,32815.71,1.012
11,2025-08-11,British Columbia,Sporting Goods,Online Video,CAD,73405,2581388,18047.55,0.006991,0.003239,0.00828,145.11,0.3024,3,0.7,impressions,1.0,6300000,1.15,1.0,49500,1.1,5414.26,30680.83,0.921
12,2025-08-18,British Columbia,Sporting Goods,Online Video,CAD,75041,3500584,22785.95,0.006509,0.003052,0.008323,143.81,0.294,3,0.7,impressions,1.0,6300000,1.15,1.0,49500,1.1,6835.78,38736.11,0.94
13,2025-08-25,British Columbia,Sporting Goods,Online Video,CAD,79193,2584534,19198.79,0.007428,0.0032,0.009398,146.86,0.3004,3,0.7,impressions,1.0,6300000,1.15,1.0,49500,1.1,5759.64,32637.95,1.014
1,2025-06-02,Alberta,Electronics,Paid Search,CAD,73763,3158621,39957.34,0.01265,0.03597,0.053188,239.82,0.4751,4,0.3,impressions,1.0,4400000,1.1,1.0,52800,1.05,19978.67,59936.01,1.072
2,2025-06-09,Alberta,Electronics,Paid Search,CAD,80549,3787222,42350.76,0.011183,0.032105,0.055195,259.87,0.4799,4,0.3,impressions,1.0,4400000,1.1,1.0,52800,1.05,21175.38,63526.14,1.047
3,2025-06-16,Alberta,Electronics,Paid Search,CAD,67108,3294501,39509.15,0.011992,0.032794,0.052828,252.22,0.4754,4,0.3,impressions,1.0,4400000,1.1,1.0,52800,1.05,19754.57,59263.72,0.997
4,2025-06-23,Alberta,Electronics,Paid Search,CAD,64800,4847405,59048.73,0.012182,0.032605,0.057131,256.03,0.4107,4,0.3,impressions,1.0,4400000,1.1,1.0,52800,1.05,29524.37,88573.1,0.965
5,2025-06-30,Alberta,Electronics,Paid Search,CAD,74797,3760744,41368.33,0.011,0.036257,0.049997,239.42,0.4573,4,0.3,impressions,1.0,4400000,1.1,1.0,52800,1.05,20684.17,62052.5,1.021
6,2025-07-07,Alberta,Electronics,Paid Search,CAD,67759,3833133,41596.68,0.010852,0.033922,0.049706,259.71,0.4142,4,0.3,impressions,1.0,4400000,1.1,1.0,52800,1.05,20798.34,62395.02,1.035
7,2025-07-14,Alberta,Electronics,Paid Search,CAD,79576,3276969,41167.38,0.012563,0.038143,0.053485,246.27,0.4324,4,0.3,impressions,1.0,4400000,1.1,1.0,52800,1.05,20583.69,61751.07,0.951
8,2025-07-21,Alberta,Electronics,Paid Search,CAD,71390,4319264,50041.03,0.011586,0.033482,0.060489,248.07,0.4941,4,0.3,impressions,1.0,4400000,1.1,1.0,52800,1.05,25020.51,75061.54,1.066
9,2025-07-28,Alberta,Electronics,Paid Search,CAD,71032,3396924,40137.05,0.011816,0.033684,0.052072,255.02,0.4089,4,0.3,impressions,1.0,4400000,1.1,1.0,52800,1.05,20068.53,60205.58,0.949
10,2025-08-04,Alberta,Electronics,Paid Search,CAD,67870,3322105,40716.24,0.012256,0.03608,0.05269,250.11,0.4245,4,0.3,impressions,1.0,4400000,1.1,1.0,52800,1.05,20358.12,61074.35,0.911
11,2025-08-11,Alberta,Electronics,Paid Search,CAD,73626,3188175,35702.46,0.011198,0.035834,0.056901,252.88,0.4934,4,0.3,impressions,1.0,4400000,1.1,1.0,52800,1.05,17851.23,53553.69,1.047
12,2025-08-18,Alberta,Electronics,Paid Search,CAD,67394,4327496,56910.15,0.013151,0.031822,0.058061,239.71,0.479,4,0.3,impressions,1.0,4400000,1.1,1.0,52800,1.05,28455.08,85365.23,0.999
13,2025-08-25,Alberta,Electronics,Paid Search,CAD,68331,3456182,37487.33,0.010846,0.032001,0.055243,255.72,0.4489,4,0.3,impressions,1.0,4400000,1.1,1.0,52800,1.05,18743.66,56230.99,0.972
1,2025-06-02,Alberta,Electronics,Display,CAD,74528,4792280,18015.24,0.003759,0.003745,0.012565,252.92,0.4302,5,0.5,impressions,1.0,11000000,1.05,1.0,39600,1.05,7206.09,28824.38,0.985
2,2025-06-09,Alberta,Electronics,Display,CAD,79719,4996794,21271.83,0.004257,0.004138,0.011798,255.74,0.4537,5,0.5,impressions,1.0,11000000,1.05,1.0,39600,1.05,8508.73,34034.93,1.006
3,2025-06-16,Alberta,Electronics,Display,CAD,76923,4780995,18570.37,0.003884,0.003655,0.012158,251.0,0.4632,5,0.5,impressions,1.0,11000000,1.05,1.0,39600,1.05,7428.15,29712.59,1.036
4,2025-06-23,Alberta,Electronics,Display,CAD,68247,5469972,22451.13,0.004104,0.003687,0.01126,247.7,0.4737,5,0.5,impressions,1.0,11000000,1.05,1.0,39600,1.05,8980.45,35921.81,1.012
5,2025-06-30,Alberta,Electronics,Display,CAD,75182,4269973,16766.79,0.003927,0.004001,0.011439,238.37,0.4083,5,0.5,impressions,1.0,11000000,1.05,1.0,39600,1.05,6706.72,26826.87,1.073
6,2025-07-07,Alberta,Electronics,Display,CAD,67657,4540227,18918.68,0.004167,0.003808,0.010881,258.88,0.4174,5,0.5,impressions,1.0,11000000,1.05,1.0,39600,1.05,7567.47,30269.89,0.921
7,2025-07-14,Alberta,Electronics,Display,CAD,68491,5016132,20779.49,0.004143,0.004119,0.013122,262.12,0.4441,5,0.5,impressions,1.0,11000000,1.05,1.0,39600,1.05,8311.8,33247.18,0.924
8,2025-07-21,Alberta,Electronics,Display,CAD,70190,5999416,23122.65,0.003854,0.004162,0.011691,254.28,0.435,5,0.5,impressions,1.0,11000000,1.05,1.0,39600,1.05,9249.06,36996.24,1.057
9,2025-07-28,Alberta,Electronics,Display,CAD,68676,4360402,15778.29,0.003619,0.00385,0.012084,257.29,0.4608,5,0.5,impressions,1.0,11000000,1.05,1.0,39600,1.05,6311.32,25245.27,0.952
10,2025-08-04,Alberta,Electronics,Display,CAD,72309,4222198,16124.96,0.003819,0.004061,0.012116,254.85,0.485,5,0.5,impressions,1.0,11000000,1.05,1.0,39600,1.05,6449.98,25799.93,1.019
11,2025-08-11,Alberta,Electronics,Display,CAD,67675,4781507,18018.88,0.003768,0.004069,0.010847,239.05,0.4562,5,0.5,impressions,1.0,11000000,1.05,1.0,39600,1.05,7207.55,28830.21,0.967
12,2025-08-18,Alberta,Electronics,Display,CAD,76798,6303398,23673.85,0.003756,0.003864,0.012768,251.21,0.4755,5,0.5,impressions,1.0,11000000,1.05,1.0,39600,1.05,9469.54,37878.15,0.96
13,2025-08-25,Alberta,Electronics,Display,CAD,81806,4827949,20101.53,0.004164,0.004258,0.012581,239.18,0.4089,5,0.5,impressions,1.0,11000000,1.05,1.0,39600,1.05,8040.61,32162.45,1.055
1,2025-06-02,Alberta,Electronics,Social,CAD,81840,4007797,11553.48,0.002883,0.00853,0.016144,254.44,0.4691,2,0.6,impressions,1.0,7920000,1.1,1.0,35200,1.08,4621.39,18485.57,0.973
2,2025-06-09,Alberta,Electronics,Social,CAD,79747,3724973,10416.14,0.002796,0.007263,0.017307,254.93,0.4836,2,0.6,impressions,1.0,7920000,1.1,1.0,35200,1.08,4166.46,16665.82,0.966
3,2025-06-16,Alberta,Electronics,Social,CAD,81417,4016883,12424.8,0.003093,0.008471,0.014623,254.43,0.4492,2,0.6,impressions,1.0,7920000,1.1,1.0,35200,1.08,4969.92,19879.69,1.047
4,2025-06-23,Alberta,Electronics,Social,CAD,71255,4489542,13544.83,0.003017,0.008738,0.015836,244.09,0.4937,2,0.6,impressions,1.0,7920000,1.1,1.0,35200,1.08,5417.93,21671.73,0.96
5,2025-06-30,Alberta,Electronics,Social,CAD,74191,4146732,12111.87,0.002921,0.007818,0.017337,260.42,0.4431,2,0.6,impressions,1.0,7920000,1.1,1.0,35200,1.08,4844.75,19378.99,0.962
6,2025-07-07,Alberta,Electronics,Social,CAD,76039,3744998,10695.52,0.002856,0.007919,0.015758,244.74,0.4218,2,0.6,impressions,1.0,7920000,1.1,1.0,35200,1.08,4278.21,17112.83,0.977
7,2025-07-14,Alberta,Electronics,Social,CAD,77882,3788531,11086.23,0.002926,0.00834,0.017558,249.07,0.4198,2,0.6,impressions,1.0,7920000,1.1,1.0,35200,1.08,4434.49,17737.97,0.943
8,2025-07-21,Alberta,Electronics,Social,CAD,67520,5326715,16998.56,0.003191,0.007491,0.015604,253.09,0.4912,2,0.6,impressions,1.0,7920000,1.1,1.0,35200,1.08,6799.42,27197.69,0.909
9,2025-07-28,Alberta,Electronics,Social,CAD,80115,3521088,10596.16,0.003009,0.007839,0.016071,240.85,0.4162,2,0.6,impressions,1.0,7920000,1.1,1.0,35200,1.08,4238.46,16953.85,1.09
10,2025-08-04,Alberta,Electronics,Social,CAD,70264,3687535,10155.17,0.002754,0.007385,0.015082,259.44,0.4913,2,0.6,impressions,1.0,7920000,1.1,1.0,35200,1.08,4062.07,16248.27,0.973
11,2025-08-11,Alberta,Electronics,Social,CAD,70820,4103240,12320.53,0.003003,0.008004,0.016584,261.28,0.414,2,0.6,impressions,1.0,7920000,1.1,1.0,35200,1.08,4928.21,19712.85,0.976
12,2025-08-18,Alberta,Electronics,Social,CAD,78424,4751556,14871.04,0.00313,0.008334,0.017374,256.9,0.4726,2,0.6,impressions,1.0,7920000,1.1,1.0,35200,1.08,5948.42,23793.67,1.057
13,2025-08-25,Alberta,Electronics,Social,CAD,79455,4105529,12956.36,0.003156,0.008053,0.016118,257.93,0.4353,2,0.6,impressions,1.0,7920000,1.1,1.0,35200,1.08,5182.54,20730.18,0.947
1,2025-06-02,Alberta,Electronics,Affiliate,CAD,79677,1931742,10647.1,0.005512,0.018781,0.028119,251.86,0.4868,4,0.4,impressions,1.0,2640000,1.0,1.0,26400,1.0,3194.13,19164.79,1.001
2,2025-06-09,Alberta,Electronics,Affiliate,CAD,70269,1991612,12846.58,0.00645,0.019299,0.032061,256.72,0.4809,4,0.4,impressions,1.0,2640000,1.0,1.0,26400,1.0,3853.97,23123.85,0.948
3,2025-06-16,Alberta,Electronics,Affiliate,CAD,67308,2289481,12863.85,0.005619,0.018873,0.027922,259.47,0.4685,4,0.4,impressions,1.0,2640000,1.0,1.0,26400,1.0,3859.15,23154.92,0.98
4,2025-06-23,Alberta,Electronics,Affiliate,CAD,71697,2746441,15768.49,0.005741,0.017219,0.027058,246.99,0.4133,4,0.4,impressions,1.0,2640000,1.0,1.0,26400,1.0,4730.55,28383.29,0.909
5,2025-06-30,Alberta,Electronics,Affiliate,CAD,74724,2305958,14761.28,0.006401,0.018734,0.031376,249.64,0.4922,4,0.4,impressions,1.0,2640000,1.0,1.0,26400,1.0,4428.38,26570.3,0.989
6,2025-07-07,Alberta,Electronics,Affiliate,CAD,80168,2339517,14219.46,0.006078,0.016211,0.031266,260.94,0.4585,4,0.4,impressions,1.0,2640000,1.0,1.0,26400,1.0,4265.84,25595.02,1.091
7,2025-07-14,Alberta,Electronics,Affiliate,CAD,75275,2242360,14252.99,0.006356,0.01738,0.027896,257.15,0.424,4,0.4,impressions,1.0,2640000,1.0,1.0,26400,1.0,4275.9,25655.39,0.922
8,2025-07-21,Alberta,Electronics,Affiliate,CAD,81843,2834038,17026.19,0.006008,0.018006,0.032587,257.22,0.4076,4,0.4,impressions,1.0,2640000,1.0,1.0,26400,1.0,5107.86,30647.14,1.0
9,2025-07-28,Alberta,Electronics,Affiliate,CAD,73739,1983207,12889.88,0.0065,0.017416,0.03088,241.92,0.4413,4,0.4,impressions,1.0,2640000,1.0,1.0,26400,1.0,3866.96,23201.79,1.008
10,2025-08-04,Alberta,Electronics,Affiliate,CAD,78428,2203779,13399.74,0.00608,0.019599,0.029475,259.63,0.4339,4,0.4,impressions,1.0,2640000,1.0,1.0,26400,1.0,4019.92,24119.54,0.966
11,2025-08-11,Alberta,Electronics,Affiliate,CAD,80216,2130517,12417.0,0.005828,0.016792,0.030017,244.16,0.4926,4,0.4,impressions,1.0,2640000,1.0,1.0,26400,1.0,3725.1,22350.6,0.939
12,2025-08-18,Alberta,Electronics,Affiliate,CAD,79015,2761005,17588.79,0.00637,0.019582,0.031767,247.24,0.4487,4,0.4,impressions,1.0,2640000,1.0,1.0,26400,1.0,5276.64,31659.82,1.07
13,2025-08-25,Alberta,Electronics,Affiliate,CAD,74674,2265219,14780.54,0.006525,0.016481,0.032424,252.32,0.4218,4,0.4,impressions,1.0,2640000,1.0,1.0,26400,1.0,4434.16,26604.98,1.063
1,2025-06-02,Alberta,Electronics,Email,CAD,68508,1114355,1707.31,0.001532,0.053148,0.036694,249.58,0.4902,6,0.2,impressions,1.0,1320000,0.95,1.0,17600,0.95,341.46,4268.28,1.079
2,2025-06-09,Alberta,Electronics,Email,CAD,82349,1142403,1645.07,0.00144,0.046487,0.041492,251.7,0.4605,6,0.2,impressions,1.0,1320000,0.95,1.0,17600,0.95,329.01,4112.67,0.926
3,2025-06-16,Alberta,Electronics,Email,CAD,72289,1265546,1948.07,0.001539,0.048914,0.039443,247.68,0.4137,6,0.2,impressions,1.0,1320000,0.95,1.0,17600,0.95,389.61,4870.18,0.969
4,2025-06-23,Alberta,Electronics,Email,CAD,72359,1389008,1916.92,0.00138,0.049467,0.037733,241.21,0.42,6,0.2,impressions,1.0,1320000,0.95,1.0,17600,0.95,383.38,4792.31,1.025
5,2025-06-30,Alberta,Electronics,Email,CAD,76766,1129072,1836.2,0.001626,0.051289,0.036001,258.07,0.4918,6,0.2,impressions,1.0,1320000,0.95,1.0,17600,0.95,367.24,4590.49,0.934
6,2025-07-07,Alberta,Electronics,Email,CAD,66637,1175453,1701.82,0.001448,0.05317,0.037291,249.77,0.4585,6,0.2,impressions,1.0,1320000,0.95,1.0,17600,0.95,340.36,4254.54,0.984
7,2025-07-14,Alberta,Electronics,Email,CAD,69347,1091964,1667.69,0.001527,0.054229,0.042979,251.81,0.4151,6,0.2,impressions,1.0,1320000,0.95,1.0,17600,0.95,333.54,4169.21,0.998
8,2025-07-21,Alberta,Electronics,Email,CAD,67797,1552659,2154.81,0.001388,0.052314,0.039686,248.48,0.4196,6,0.2,impressions,1.0,1320000,0.95,1.0,17600,0.95,430.96,5387.02,0.997
9,2025-07-28,Alberta,Electronics,Email,CAD,78362,1181990,1622.65,0.001373,0.051934,0.037826,251.58,0.4099,6,0.2,impressions,1.0,1320000,0.95,1.0,17600,0.95,324.53,4056.62,0.966
10,2025-08-04,Alberta,Electronics,Email,CAD,76547,1210139,1804.72,0.001491,0.049883,0.04343,262.41,0.4191,6,0.2,impressions,1.0,1320000,0.95,1.0,17600,0.95,360.94,4511.8,1.074
11,2025-08-11,Alberta,Electronics,Email,CAD,70099,1256866,1746.61,0.00139,0.045924,0.038242,260.83,0.4434,6,0.2,impressions,1.0,1320000,0.95,1.0,17600,0.95,349.32,4366.52,0.925
12,2025-08-18,Alberta,Electronics,Email,CAD,77283,1402774,2249.45,0.001604,0.047965,0.040777,247.13,0.4873,6,0.2,impressions,1.0,1320000,0.95,1.0,17600,0.95,449.89,5623.61,1.047
13,2025-08-25,Alberta,Electronics,Email,CAD,78036,1266962,1849.22,0.00146,0.04774,0.036216,238.63,0.4861,6,0.2,impressions,1.0,1320000,0.95,1.0,17600,0.95,369.84,4623.05,1.045
1,2025-06-02,Alberta,Electronics,Online Video,CAD,72169,2657560,19726.93,0.007423,0.002845,0.008233,251.48,0.4663,3,0.7,impressions,1.0,6160000,1.15,1.0,48400,1.1,5918.08,33535.77,0.929
2,2025-06-09,Alberta,Electronics,Online Video,CAD,78190,2351197,17534.51,0.007458,0.003177,0.008917,248.44,0.4245,3,0.7,impressions,1.0,6160000,1.15,1.0,48400,1.1,5260.35,29808.66,1.015
3,2025-06-16,Alberta,Electronics,Online Video,CAD,71791,2412308,17053.8,0.007069,0.002943,0.008986,243.49,0.439,3,0.7,impressions,1.0,6160000,1.15,1.0,48400,1.1,5116.14,28991.45,1.0
4,2025-06-23,Alberta,Electronics,Online Video,CAD,76373,2930048,20040.63,0.00684,0.002804,0.008808,244.65,0.4949,3,0.7,impressions,1.0,6160000,1.15,1.0,48400,1.1,6012.19,34069.07,0.935
5,2025-06-30,Alberta,Electronics,Online Video,CAD,70485,2335624,16027.21,0.006862,0.003204,0.009746,258.09,0.4275,3,0.7,impressions,1.0,6160000,1.15,1.0,48400,1.1,4808.16,27246.26,0.968
6,2025-07-07,Alberta,Electronics,Online Video,CAD,73614,2274470,15638.35,0.006876,0.002938,0.008771,255.25,0.4271,3,0.7,impressions,1.0,6160000,1.15,1.0,48400,1.1,4691.51,26585.2,0.99
7,2025-07-14,Alberta,Electronics,Online Video,CAD,65162,2352348,16499.11,0.007014,0.002736,0.008341,243.37,0.484,3,0.7,impressions,1.0,6160000,1.15,1.0,48400,1.1,4949.73,28048.48,0.99
8,2025-07-21,Alberta,Electronics,Online Video,CAD,76459,3015150,20489.88,0.006796,0.003292,0.009241,237.92,0.4486,3,0.7,impressions,1.0,6160000,1.15,1.0,48400,1.1,6146.96,34832.79,1.017
9,2025-07-28,Alberta,Electronics,Online Video,CAD,76551,2395892,17626.64,0.007357,0.002859,0.008224,252.14,0.4808,3,0.7,impressions,1.0,6160000,1.15,1.0,48400,1.1,5287.99,29965.29,0.924
10,2025-08-04,Alberta,Electronics,Online Video,CAD,71076,2606273,19431.89,0.007456,0.002875,0.009282,245.52,0.4769,3,0.7,impressions,1.0,6160000,1.15,1.0,48400,1.1,5829.57,33034.21,1.075
11,2025-08-11,Alberta,Electronics,Online Video,CAD,65459,2413462,16879.47,0.006994,0.003006,0.009267,248.82,0.4813,3,0.7,impressions,1.0,6160000,1.15,1.0,48400,1.1,5063.84,28695.1,1.076
12,2025-08-18,Alberta,Electronics,Online Video,CAD,66345,3154354,20691.4,0.00656,0.003195,0.00876,254.39,0.4121,3,0.7,impressions,1.0,6160000,1.15,1.0,48400,1.1,6207.42,35175.38,1.02
13,2025-08-25,Alberta,Electronics,Online Video,CAD,70439,2316157,16774.74,0.007242,0.002716,0.009233,249.68,0.4208,3,0.7,impressions,1.0,6160000,1.15,1.0,48400,1.1,5032.42,28517.06,0.993
1,2025-06-02,Alberta,Apparel,Paid Search,CAD,79961,3375660,42217.87,0.012507,0.035995,0.049514,86.81,0.2472,4,0.3,impressions,1.0,4400000,1.1,1.0,52800,1.05,21108.94,63326.81,1.057
2,2025-06-09,Alberta,Apparel,Paid Search,CAD,72735,3460667,44906.99,0.012976,0.038383,0.053591,81.49,0.2456,4,0.3,impressions,1.0,4400000,1.1,1.0,52800,1.05,22453.5,67360.49,1.025
3,2025-06-16,Alberta,Apparel,Paid Search,CAD,72224,3575396,43348.94,0.012124,0.032691,0.059031,88.44,0.2251,4,0.3,impressions,1.0,4400000,1.1,1.0,52800,1.05,21674.47,65023.4,1.001
4,2025-06-23,Alberta,Apparel,Paid Search,CAD,73512,4198927,47413.27,0.011292,0.036707,0.051999,86.73,0.2511,4,0.3,impressions,1.0,4400000,1.1,1.0,52800,1.05,23706.64,71119.91,0.992
5,2025-06-30,Alberta,Apparel,Paid Search,CAD,72723,3756078,45855.04,0.012208,0.03634,0.049529,85.9,0.2623,4,0.3,impressions,1.0,4400000,1.1,1.0,52800,1.05,22927.52,68782.57,0.969
6,2025-07-07,Alberta,Apparel,Paid Search,CAD,69473,3427117,37576.16,0.010964,0.032216,0.053205,87.57,0.2654,4,0.3,impressions,1.0,4400000,1.1,1.0,52800,1.05,18788.08,56364.23,0.924
7,2025-07-14,Alberta,Apparel,Paid Search,CAD,65181,3293224,37671.5,0.011439,0.037459,0.059152,86.03,0.2379,4,0.3,impressions,1.0,4400000,1.1,1.0,52800,1.05,18835.75,56507.25,1.015
8,2025-07-21,Alberta,Apparel,Paid Search,CAD,80776,4171414,46100.98,0.011052,0.03255,0.049636,83.42,0.2585,4,0.3,impressions,1.0,4400000,1.1,1.0,52800,1.05,23050.49,69151.47,0.958
9,2025-07-28,Alberta,Apparel,Paid Search,CAD,77191,3735438,42618.11,0.011409,0.033819,0.051898,81.38,0.2397,4,0.3,impressions,1.0,4400000,1.1,1.0,52800,1.05,21309.05,63927.16,1.075
10,2025-08-04,Alberta,Apparel,Paid Search,CAD,65435,3704592,42047.9,0.01135,0.032234,0.054512,86.88,0.2735,4,0.3,impressions,1.0,4400000,1.1,1.0,52800,1.05,21023.95,63071.86,0.963
11,2025-08-11,Alberta,Apparel,Paid Search,CAD,72088,3415420,37538.32,0.010991,0.0317,0.049942,83.1,0.2402,4,0.3,impressions,1.0,4400000,1.1,1.0,52800,1.05,18769.16,56307.49,1.054
12,2025-08-18,Alberta,Apparel,Paid Search,CAD,70723,4747672,58414.47,0.012304,0.03249,0.051235,85.61,0.2327,4,0.3,impressions,1.0,4400000,1.1,1.0,52800,1.05,29207.24,87621.71,0.973
13,2025-08-25,Alberta,Apparel,Paid Search,CAD,70350,3766702,45719.82,0.012138,0.034443,0.05305,84.05,0.238,4,0.3,impressions,1.0,4400000,1.1,1.0,52800,1.05,22859.91,68579.73,1.04
1,2025-06-02,Alberta,Apparel,Display,CAD,65883,4202427,15921.97,0.003789,0.003878,0.011845,87.14,0.2619,5,0.5,impressions,1.0,11000000,1.05,1.0,39600,1.05,6368.79,25475.14,1.084
2,2025-06-09,Alberta,Apparel,Display,CAD,73367,4789229,19131.47,0.003995,0.004311,0.012015,87.66,0.2319,5,0.5,impressions,1.0,11000000,1.05,1.0,39600,1.05,7652.59,30610.34,1.049
3,2025-06-16,Alberta,Apparel,Display,CAD,80770,4999675,20225.6,0.004045,0.003624,0.012223,87.9,0.2588,5,0.5,impressions,1.0,11000000,1.05,1.0,39600,1.05,8090.24,32360.96,0.982
4,2025-06-23,Alberta,Apparel,Display,CAD,65285,5458252,23465.01,0.004299,0.00371,0.012313,81.39,0.2529,5,0.5,impressions,1.0,11000000,1.05,1.0,39600,1.05,9386.0,37544.01,1.036
5,2025-06-30,Alberta,Apparel,Display,CAD,73858,4985155,21373.25,0.004287,0.004145,0.012242,81.44,0.2303,5,0.5,impressions,1.0,11000000,1.05,1.0,39600,1.05,8549.3,34197.19,0.955
6,2025-07-07,Alberta,Apparel,Display,CAD,80354,4450113,18475.46,0.004152,0.004191,0.012947,87.48,0.2391,5,0.5,impressions,1.0,11000000,1.05,1.0,39600,1.05,7390.18,29560.73,1.023
7,2025-07-14,Alberta,Apparel,Display,CAD,70266,4220924,17511.3,0.004149,0.003787,0.012058,82.61,0.2577,5,0.5,impressions,1.0,11000000,1.05,1.0,39600,1.05,7004.52,28018.08,1.035
8,2025-07-21,Alberta,Apparel,Display,CAD,70945,5571667,23976.41,0.004303,0.003719,0.011333,86.48,0.2499,5,0.5,impressions,1.0,11000000,1.05,1.0,39600,1.05,9590.57,38362.26,1.015
9,2025-07-28,Alberta,Apparel,Display,CAD,82153,4280725,16811.18,0.003927,0.003724,0.011956,84.8,0.2303,5,0.5,impressions,1.0,11000000,1.05,1.0,39600,1.05,6724.47,26897.88,1.096
10,2025-08-04,Alberta,Apparel,Display,CAD,75523,4473229,18450.43,0.004125,0.003941,0.012694,81.74,0.2398,5,0.5,impressions,1.0,11000000,1.05,1.0,39600,1.05,7380.17,29520.69,1.016
11,2025-08-11,Alberta,Apparel,Display,CAD,68670,4491099,19246.51,0.004285,0.004339,0.012696,88.33,0.2651,5,0.5,impressions,1.0,11000000,1.05,1.0,39600,1.05,7698.6,30794.41,1.014
12,2025-08-18,Alberta,Apparel,Display,CAD,79971,5862260,25082.68,0.004279,0.004152,0.011728,88.91,0.2535,5,0.5,impressions,1.0,11000000,1.05,1.0,39600,1.05,10033.07,40132.29,0.905
13,2025-08-25,Alberta,Apparel,Display,CAD,76209,4508363,18870.31,0.004186,0.003703,0.01283,84.29,0.2694,5,0.5,impressions,1.0,11000000,1.05,1.0,39600,1.05,7548.12,30192.49,1.027
1,2025-06-02,Alberta,Apparel,Social,CAD,66459,3856214,12531.17,0.00325,0.007495,0.015312,82.31,0.2337,2,0.6,impressions,1.0,7920000,1.1,1.0,35200,1.08,5012.47,20049.87,1.079
2,2025-06-09,Alberta,Apparel,Social,CAD,82509,3785504,10992.61,0.002904,0.00736,0.016373,87.59,0.2545,2,0.6,impressions,1.0,7920000,1.1,1.0,35200,1.08,4397.04,17588.17,0.913
3,2025-06-16,Alberta,Apparel,Social,CAD,65449,3501343,10905.18,0.003115,0.008124,0.017567,87.04,0.2266,2,0.6,impressions,1.0,7920000,1.1,1.0,35200,1.08,4362.07,17448.29,1.098
4,2025-06-23,Alberta,Apparel,Social,CAD,78269,4800019,13798.08,0.002875,0.008767,0.01547,81.99,0.2415,2,0.6,impressions,1.0,7920000,1.1,1.0,35200,1.08,5519.23,22076.93,1.073
5,2025-06-30,Alberta,Apparel,Social,CAD,69890,3744883,11832.11,0.00316,0.008395,0.016469,87.03,0.2488,2,0.6,impressions,1.0,7920000,1.1,1.0,35200,1.08,4732.84,18931.37,1.036
6,2025-07-07,Alberta,Apparel,Social,CAD,76157,4145829,13463.65,0.003248,0.008735,0.016259,80.87,0.2647,2,0.6,impressions,1.0,7920000,1.1,1.0,35200,1.08,5385.46,21541.83,1.087
7,2025-07-14,Alberta,Apparel,Social,CAD,75679,3540841,10018.56,0.002829,0.008144,0.01517,85.47,0.2703,2,0.6,impressions,1.0,7920000,1.1,1.0,35200,1.08,4007.43,16029.7,1.054
8,2025-07-21,Alberta,Apparel,Social,CAD,67152,4631032,13521.12,0.00292,0.007385,0.014774,83.08,0.2349,2,0.6,impressions,1.0,7920000,1.1,1.0,35200,1.08,5408.45,21633.79,1.022
9,2025-07-28,Alberta,Apparel,Social,CAD,71798,4226389,12761.21,0.003019,0.008301,0.016649,88.85,0.269,2,0.6,impressions,1.0,7920000,1.1,1.0,35200,1.08,5104.48,20417.94,1.076
10,2025-08-04,Alberta,Apparel,Social,CAD,73806,3712299,10260.63,0.002764,0.008421,0.015488,86.55,0.2318,2,0.6,impressions,1.0,7920000,1.1,1.0,35200,1.08,4104.25,16417.01,1.036
11,2025-08-11,Alberta,Apparel,Social,CAD,80224,3823824,11864.74,0.003103,0.008682,0.016298,83.39,0.2594,2,0.6,impressions,1.0,7920000,1.1,1.0,35200,1.08,4745.9,18983.59,0.978
12,2025-08-18,Alberta,Apparel,Social,CAD,77506,4903387,15625.49,0.003187,0.007949,0.015784,88.86,0.2414,2,0.6,impressions,1.0,7920000,1.1,1.0,35200,1.08,6250.2,25000.79,1.079
13,2025-08-25,Alberta,Apparel,Social,CAD,65465,3629268,10601.83,0.002921,0.00799,0.014748,85.43,0.2459,2,0.6,impressions,1.0,7920000,1.1,1.0,35200,1.08,4240.73,16962.92,1.037
1,2025-06-02,Alberta,Apparel,Affiliate,CAD,65890,2181747,13570.3,0.00622,0.019774,0.032515,87.9,0.2378,4,0.4,impressions,1.0,2640000,1.0,1.0,26400,1.0,4071.09,24426.55,1.041
2,2025-06-09,Alberta,Apparel,Affiliate,CAD,79078,2008646,12134.89,0.006041,0.019692,0.032165,87.45,0.2722,4,0.4,impressions,1.0,2640000,1.0,1.0,26400,1.0,3640.47,21842.8,0.954
3,2025-06-16,Alberta,Apparel,Affiliate,CAD,74798,1983958,11137.67,0.005614,0.019357,0.02759,86.88,0.2337,4,0.4,impressions,1.0,2640000,1.0,1.0,26400,1.0,3341.3,20047.8,1.067
4,2025-06-23,Alberta,Apparel,Affiliate,CAD,71408,2461282,15677.24,0.00637,0.017166,0.032047,85.67,0.2573,4,0.4,impressions,1.0,2640000,1.0,1.0,26400,1.0,4703.17,28219.04,0.953
5,2025-06-30,Alberta,Apparel,Affiliate,CAD,67417,2305547,13431.85,0.005826,0.01674,0.029338,86.95,0.2549,4,0.4,impressions,1.0,2640000,1.0,1.0,26400,1.0,4029.56,24177.33,0.912
6,2025-07-07,Alberta,Apparel,Affiliate,CAD,71549,2071034,13141.25,0.006345,0.018125,0.027006,85.05,0.2494,4,0.4,impressions,1.0,2640000,1.0,1.0,26400,1.0,3942.38,23654.26,0.986
7,2025-07-14,Alberta,Apparel,Affiliate,CAD,66562,2033548,12213.61,0.006006,0.016258,0.027501,82.03,0.2639,4,0.4,impressions,1.0,2640000,1.0,1.0,26400,1.0,3664.08,21984.49,0.947
8,2025-07-21,Alberta,Apparel,Affiliate,CAD,79978,2873233,16003.94,0.00557,0.017486,0.027212,83.5,0.2405,4,0.4,impressions,1.0,2640000,1.0,1.0,26400,1.0,4801.18,28807.09,0.939
9,2025-07-28,Alberta,Apparel,Affiliate,CAD,78011,2092833,13322.03,0.006366,0.016646,0.030805,88.94,0.2253,4,0.4,impressions,1.0,2640000,1.0,1.0,26400,1.0,3996.61,23979.65,1.066
10,2025-08-04,Alberta,Apparel,Affiliate,CAD,78066,1984000,11401.51,0.005747,0.016424,0.031084,81.38,0.2495,4,0.4,impressions,1.0,2640000,1.0,1.0,26400,1.0,3420.45,20522.71,1.048
11,2025-08-11,Alberta,Apparel,Affiliate,CAD,71676,2212233,11981.39,0.005416,0.019231,0.029265,82.96,0.2484,4,0.4,impressions,1.0,2640000,1.0,1.0,26400,1.0,3594.42,21566.5,1.007
12,2025-08-18,Alberta,Apparel,Affiliate,CAD,66806,2813726,17297.83,0.006148,0.018087,0.02799,84.48,0.2654,4,0.4,impressions,1.0,2640000,1.0,1.0,26400,1.0,5189.35,31136.09,0.998
13,2025-08-25,Alberta,Apparel,Affiliate,CAD,75084,2317243,14716.8,0.006351,0.018729,0.027522,82.64,0.2502,4,0.4,impressions,1.0,2640000,1.0,1.0,26400,1.0,4415.04,26490.24,0.985
1,2025-06-02,Alberta,Apparel,Email,CAD,70784,1259921,1919.61,0.001524,0.045068,0.037067,84.95,0.2432,6,0.2,impressions,1.0,1320000,0.95,1.0,17600,0.95,383.92,4799.04,1.007
2,2025-06-09,Alberta,Apparel,Email,CAD,74312,1150170,1717.52,0.001493,0.050687,0.04022,83.62,0.2704,6,0.2,impressions,1.0,1320000,0.95,1.0,17600,0.95,343.5,4293.8,1.031
3,2025-06-16,Alberta,Apparel,Email,CAD,71859,1248510,1877.45,0.001504,0.045677,0.04225,86.34,0.2636,6,0.2,impressions,1.0,1320000,0.95,1.0,17600,0.95,375.49,4693.62,1.062
4,2025-06-23,Alberta,Apparel,Email,CAD,65359,1424995,1967.65,0.001381,0.047588,0.041283,80.92,0.2298,6,0.2,impressions,1.0,1320000,0.95,1.0,17600,0.95,393.53,4919.13,1.026
5,2025-06-30,Alberta,Apparel,Email,CAD,67157,1134337,1546.98,0.001364,0.048165,0.041891,82.59,0.2454,6,0.2,impressions,1.0,1320000,0.95,1.0,17600,0.95,309.4,3867.45,1.099
6,2025-07-07,Alberta,Apparel,Email,CAD,70953,1254737,1776.72,0.001416,0.047844,0.041768,88.21,0.2444,6,0.2,impressions,1.0,1320000,0.95,1.0,17600,0.95,355.34,4441.79,0.902
7,2025-07-14,Alberta,Apparel,Email,CAD,73611,1053979,1460.76,0.001386,0.05017,0.040198,82.75,0.2642,6,0.2,impressions,1.0,1320000,0.95,1.0,17600,0.95,292.15,3651.91,1.006
8,2025-07-21,Alberta,Apparel,Email,CAD,81203,1478306,2255.44,0.001526,0.051887,0.0363,80.78,0.2383,6,0.2,impressions,1.0,1320000,0.95,1.0,17600,0.95,451.09,5638.61,0.925
9,2025-07-28,Alberta,Apparel,Email,CAD,71166,1274710,1864.21,0.001462,0.046693,0.041354,86.05,0.2749,6,0.2,impressions,1.0,1320000,0.95,1.0,17600,0.95,372.84,4660.53,1.001
10,2025-08-04,Alberta,Apparel,Email,CAD,78003,1276413,1896.36,0.001486,0.054047,0.036737,83.96,0.2397,6,0.2,impressions,1.0,1320000,0.95,1.0,17600,0.95,379.27,4740.89,0.978
11,2025-08-11,Alberta,Apparel,Email,CAD,74492,1102889,1777.69,0.001612,0.05329,0.039917,83.01,0.2362,6,0.2,impressions,1.0,1320000,0.95,1.0,17600,0.95,355.54,4444.22,0.958
12,2025-08-18,Alberta,Apparel,Email,CAD,76969,1607157,2603.8,0.00162,0.046471,0.043957,86.15,0.2696,6,0.2,impressions,1.0,1320000,0.95,1.0,17600,0.95,520.76,6509.51,1.004
13,2025-08-25,Alberta,Apparel,Email,CAD,76665,1262744,1752.74,0.001388,0.05382,0.040542,83.87,0.2473,6,0.2,impressions,1.0,1320000,0.95,1.0,17600,0.95,350.55,4381.85,1.075
1,2025-06-02,Alberta,Apparel,Online Video,CAD,75814,2670874,19513.92,0.007306,0.003155,0.008658,82.41,0.2454,3,0.7,impressions,1.0,6160000,1.15,1.0,48400,1.1,5854.18,33173.66,1.065
2,2025-06-09,Alberta,Apparel,Online Video,CAD,67239,2545227,16755.88,0.006583,0.002853,0.00945,85.39,0.2467,3,0.7,impressions,1.0,6160000,1.15,1.0,48400,1.1,5026.76,28484.99,0.972
3,2025-06-16,Alberta,Apparel,Online Video,CAD,71282,2735545,19336.36,0.007069,0.0031,0.009105,85.09,0.2722,3,0.7,impressions,1.0,6160000,1.15,1.0,48400,1.1,5800.91,32871.81,0.97
4,2025-06-23,Alberta,Apparel,Online Video,CAD,71718,3291932,22135.64,0.006724,0.003033,0.008272,82.71,0.2362,3,0.7,impressions,1.0,6160000,1.15,1.0,48400,1.1,6640.69,37630.59,0.934
5,2025-06-30,Alberta,Apparel,Online Video,CAD,69768,2318849,17408.64,0.007507,0.003233,0.009673,84.07,0.2278,3,0.7,impressions,1.0,6160000,1.15,1.0,48400,1.1,5222.59,29594.69,0.944
6,2025-07-07,Alberta,Apparel,Online Video,CAD,81846,2652661,19744.67,0.007443,0.003224,0.009875,86.95,0.2544,3,0.7,impressions,1.0,6160000,1.15,1.0,48400,1.1,5923.4,33565.93,1.02
7,2025-07-14,Alberta,Apparel,Online Video,CAD,76976,2572996,18313.06,0.007117,0.002793,0.008395,83.58,0.2705,3,0.7,impressions,1.0,6160000,1.15,1.0,48400,1.1,5493.92,31132.21,0.901
8,2025-07-21,Alberta,Apparel,Online Video,CAD,76678,3312238,24140.32,0.007288,0.002999,0.008876,84.0,0.2738,3,0.7,impressions,1.0,6160000,1.15,1.0,48400,1.1,7242.1,41038.55,1.084
9,2025-07-28,Alberta,Apparel,Online Video,CAD,76020,2315549,17215.52,0.007435,0.003297,0.008456,82.13,0.2479,3,0.7,impressions,1.0,6160000,1.15,1.0,48400,1.1,5164.66,29266.38,0.994
10,2025-08-04,Alberta,Apparel,Online Video,CAD,73617,2542816,18224.88,0.007167,0.003077,0.00932,83.25,0.2668,3,0.7,impressions,1.0,6160000,1.15,1.0,48400,1.1,5467.47,30982.3,1.097
11,2025-08-11,Alberta,Apparel,Online Video,CAD,69061,2668658,19361.79,0.007255,0.00287,0.00905,81.81,0.2427,3,0.7,impressions,1.0,6160000,1.15,1.0,48400,1.1,5808.54,32915.05,0.999
12,2025-08-18,Alberta,Apparel,Online Video,CAD,77979,3335576,24415.2,0.00732,0.003078,0.009308,88.11,0.2446,3,0.7,impressions,1.0,6160000,1.15,1.0,48400,1.1,7324.56,41505.84,0.96
13,2025-08-25,Alberta,Apparel,Online Video,CAD,80347,2482311,16645.9,0.006706,0.003281,0.009657,86.49,0.2609,3,0.7,impressions,1.0,6160000,1.15,1.0,48400,1.1,4993.77,28298.02,1.038
1,2025-06-02,Alberta,Home & Garden,Paid Search,CAD,66345,3243014,38198.88,0.011779,0.036107,0.051929,158.94,0.314,4,0.3,impressions,1.0,4000000,1.1,1.0,48000,1.05,19099.44,57298.32,0.962
2,2025-06-09,Alberta,Home & Garden,Paid Search,CAD,69384,3036783,38216.6,0.012585,0.034811,0.057604,159.85,0.277,4,0.3,impressions,1.0,4000000,1.1,1.0,48000,1.05,19108.3,57324.89,1.056
3,2025-06-16,Alberta,Home & Garden,Paid Search,CAD,77728,3454971,42875.24,0.01241,0.03276,0.054614,167.44,0.33,4,0.3,impressions,1.0,4000000,1.1,1.0,48000,1.05,21437.62,64312.86,1.049
4,2025-06-23,Alberta,Home & Garden,Paid Search,CAD,76676,4000118,52338.68,0.013084,0.036814,0.058989,159.13,0.295,4,0.3,impressions,1.0,4000000,1.1,1.0,48000,1.05,26169.34,78508.03,1.055
5,2025-06-30,Alberta,Home & Garden,Paid Search,CAD,77677,2991862,34921.3,0.011672,0.037594,0.054518,167.73,0.2839,4,0.3,impressions,1.0,4000000,1.1,1.0,48000,1.05,17460.65,52381.94,0.936
6,2025-07-07,Alberta,Home & Garden,Paid Search,CAD,68325,3144071,35229.02,0.011205,0.034296,0.052716,161.28,0.2924,4,0.3,impressions,1.0,4000000,1.1,1.0,48000,1.05,17614.51,52843.53,1.054
7,2025-07-14,Alberta,Home & Garden,Paid Search,CAD,82216,3186796,36345.95,0.011405,0.033703,0.05327,158.95,0.2978,4,0.3,impressions,1.0,4000000,1.1,1.0,48000,1.05,18172.97,54518.92,1.081
8,2025-07-21,Alberta,Home & Garden,Paid Search,CAD,79878,3943358,48382.73,0.012269,0.035766,0.049928,153.43,0.3126,4,0.3,impressions,1.0,4000000,1.1,1.0,48000,1.05,24191.37,72574.1,1.089
9,2025-07-28,Alberta,Home & Garden,Paid Search,CAD,67802,3125548,38182.8,0.012216,0.03442,0.054566,155.15,0.3256,4,0.3,impressions,1.0,4000000,1.1,1.0,48000,1.05,19091.4,57274.2,1.053
10,2025-08-04,Alberta,Home & Garden,Paid Search,CAD,66879,3267165,39698.97,0.012151,0.033034,0.051079,162.74,0.3042,4,0.3,impressions,1.0,4000000,1.1,1.0,48000,1.05,19849.49,59548.46,0.995
11,2025-08-11,Alberta,Home & Garden,Paid Search,CAD,79648,3474343,37936.69,0.010919,0.033999,0.060207,156.77,0.3265,4,0.3,impressions,1.0,4000000,1.1,1.0,48000,1.05,18968.34,56905.03,0.915
12,2025-08-18,Alberta,Home & Garden,Paid Search,CAD,67637,4023286,51238.5,0.012735,0.035429,0.053901,152.88,0.2818,4,0.3,impressions,1.0,4000000,1.1,1.0,48000,1.05,25619.25,76857.75,1.039
13,2025-08-25,Alberta,Home & Garden,Paid Search,CAD,73611,3016150,35761.53,0.011857,0.037245,0.05725,166.05,0.2783,4,0.3,impressions,1.0,4000000,1.1,1.0,48000,1.05,17880.76,53642.29,0.912
1,2025-06-02,Alberta,Home & Garden,Display,CAD,68005,3921695,17079.41,0.004355,0.003677,0.011754,166.53,0.298,5,0.5,impressions,1.0,10000000,1.05,1.0,36000,1.05,6831.76,27327.05,0.976
2,2025-06-09,Alberta,Home & Garden,Display,CAD,78767,4459655,18458.61,0.004139,0.003768,0.010999,161.3,0.2875,5,0.5,impressions,1.0,10000000,1.05,1.0,36000,1.05,7383.44,29533.78,0.998
3,2025-06-16,Alberta,Home & Garden,Display,CAD,76236,4143762,17134.16,0.004135,0.003677,0.013004,155.95,0.3066,5,0.5,impressions,1.0,10000000,1.05,1.0,36000,1.05,6853.66,27414.65,0.995
4,2025-06-23,Alberta,Home & Garden,Display,CAD,72544,5166345,21135.42,0.004091,0.003988,0.012566,153.28,0.2739,5,0.5,impressions,1.0,10000000,1.05,1.0,36000,1.05,8454.17,33816.67,0.955
5,2025-06-30,Alberta,Home & Garden,Display,CAD,82105,4351401,18116.24,0.004163,0.004121,0.011268,164.37,0.2775,5,0.5,impressions,1.0,10000000,1.05,1.0,36000,1.05,7246.5,28985.99,0.939
6,2025-07-07,Alberta,Home & Garden,Display,CAD,77781,4205645,17128.57,0.004073,0.004327,0.012255,152.83,0.3149,5,0.5,impressions,1.0,10000000,1.05,1.0,36000,1.05,6851.43,27405.7,1.062
7,2025-07-14,Alberta,Home & Garden,Display,CAD,71724,3905998,14503.98,0.003713,0.004019,0.011433,154.57,0.322,5,0.5,impressions,1.0,10000000,1.05,1.0,36000,1.05,5801.59,23206.37,0.967
8,2025-07-21,Alberta,Home & Garden,Display,CAD,69355,4944492,21741.71,0.004397,0.004292,0.011946,163.79,0.3211,5,0.5,impressions,1.0,10000000,1.05,1.0,36000,1.05,8696.68,34786.73,0.927
9,2025-07-28,Alberta,Home & Garden,Display,CAD,73427,3996168,14926.69,0.003735,0.003971,0.012524,154.08,0.3069,5,0.5,impressions,1.0,10000000,1.05,1.0,36000,1.05,5970.68,23882.7,0.91
10,2025-08-04,Alberta,Home & Garden,Display,CAD,77734,4478589,18442.55,0.004118,0.004144,0.012099,156.41,0.2867,5,0.5,impressions,1.0,10000000,1.05,1.0,36000,1.05,7377.02,29508.09,1.016
11,2025-08-11,Alberta,Home & Garden,Display,CAD,67835,4577629,19614.85,0.004285,0.004103,0.011026,164.32,0.3054,5,0.5,impressions,1.0,10000000,1.05,1.0,36000,1.05,7845.94,31383.76,1.037
12,2025-08-18,Alberta,Home & Garden,Display,CAD,65813,5776548,20866.24,0.003612,0.00437,0.011544,163.76,0.2704,5,0.5,impressions,1.0,10000000,1.05,1.0,36000,1.05,8346.5,33385.99,1.031
13,2025-08-25,Alberta,Home & Garden,Display,CAD,78048,4041652,17454.31,0.004319,0.003902,0.011288,163.94,0.2904,5,0.5,impressions,1.0,10000000,1.05,1.0,36000,1.05,6981.72,27926.89,1.067
1,2025-06-02,Alberta,Home & Garden,Social,CAD,74008,3532161,10019.87,0.002837,0.008345,0.016448,165.64,0.315,2,0.6,impressions,1.0,7200000,1.1,1.0,32000,1.08,4007.95,16031.8,1.014
2,2025-06-09,Alberta,Home & Garden,Social,CAD,68981,3769618,12114.6,0.003214,0.008525,0.016775,160.12,0.3075,2,0.6,impressions,1.0,7200000,1.1,1.0,32000,1.08,4845.84,19383.36,0.989
3,2025-06-16,Alberta,Home & Garden,Social,CAD,69872,3397935,9206.71,0.00271,0.008193,0.017328,155.4,0.2841,2,0.6,impressions,1.0,7200000,1.1,1.0,32000,1.08,3682.68,14730.74,1.018
4,2025-06-23,Alberta,Home & Garden,Social,CAD,71309,4228190,12028.85,0.002845,0.008617,0.016438,165.82,0.3079,2,0.6,impressions,1.0,7200000,1.1,1.0,32000,1.08,4811.54,19246.15,1.058
5,2025-06-30,Alberta,Home & Garden,Social,CAD,76456,3711204,10342.61,0.002787,0.008382,0.016245,164.85,0.2885,2,0.6,impressions,1.0,7200000,1.1,1.0,32000,1.08,4137.04,16548.17,0.953
6,2025-07-07,Alberta,Home & Garden,Social,CAD,75351,3589543,10212.85,0.002845,0.00754,0.014819,154.53,0.307,2,0.6,impressions,1.0,7200000,1.1,1.0,32000,1.08,4085.14,16340.56,1.028
7,2025-07-14,Alberta,Home & Garden,Social,CAD,76578,3252580,9231.55,0.002838,0.008504,0.017323,161.4,0.2747,2,0.6,impressions,1.0,7200000,1.1,1.0,32000,1.08,3692.62,14770.49,0.997
8,2025-07-21,Alberta,Home & Garden,Social,CAD,69785,4201312,11665.19,0.002777,0.008413,0.015762,165.95,0.275,2,0.6,impressions,1.0,7200000,1.1,1.0,32000,1.08,4666.08,18664.31,1.099
9,2025-07-28,Alberta,Home & Garden,Social,CAD,82299,3510449,11099.4,0.003162,0.007867,0.016005,162.18,0.3205,2,0.6,impressions,1.0,7200000,1.1,1.0,32000,1.08,4439.76,17759.04,1.059
10,2025-08-04,Alberta,Home & Garden,Social,CAD,74895,3701512,12058.4,0.003258,0.007842,0.01562,162.95,0.3073,2,0.6,impressions,1.0,7200000,1.1,1.0,32000,1.08,4823.36,19293.43,0.932
11,2025-08-11,Alberta,Home & Garden,Social,CAD,65962,3283620,8901.57,0.002711,0.007711,0.016185,159.0,0.3153,2,0.6,impressions,1.0,7200000,1.1,1.0,32000,1.08,3560.63,14242.51,1.067
12,2025-08-18,Alberta,Home & Garden,Social,CAD,67605,4369071,13910.17,0.003184,0.008188,0.014965,162.53,0.29,2,0.6,impressions,1.0,7200000,1.1,1.0,32000,1.08,5564.07,22256.28,1.067
13,2025-08-25,Alberta,Home & Garden,Social,CAD,65340,3281751,10600.37,0.00323,0.008014,0.016182,152.25,0.274,2,0.6,impressions,1.0,7200000,1.1,1.0,32000,1.08,4240.15,16960.59,1.032
1,2025-06-02,Alberta,Home & Garden,Affiliate,CAD,75337,2010924,11219.52,0.005579,0.018482,0.028265,154.33,0.3272,4,0.4,impressions,1.0,2400000,1.0,1.0,24000,1.0,3365.86,20195.14,0.964
2,2025-06-09,Alberta,Home & Garden,Affiliate,CAD,73877,1969983,12997.52,0.006598,0.017759,0.027536,164.08,0.3073,4,0.4,impressions,1.0,2400000,1.0,1.0,24000,1.0,3899.26,23395.53,0.951
3,2025-06-16,Alberta,Home & Garden,Affiliate,CAD,81256,2098551,11508.96,0.005484,0.017015,0.030297,153.19,0.3036,4,0.4,impressions,1.0,2400000,1.0,1.0,24000,1.0,3452.69,20716.13,0.902
4,2025-06-23,Alberta,Home & Garden,Affiliate,CAD,68409,2551527,16376.14,0.006418,0.016587,0.030498,167.27,0.3216,4,0.4,impressions,1.0,2400000,1.0,1.0,24000,1.0,4912.84,29477.05,0.915
5,2025-06-30,Alberta,Home & Garden,Affiliate,CAD,81119,1773225,9652.42,0.005443,0.016371,0.030672,163.83,0.3127,4,0.4,impressions,1.0,2400000,1.0,1.0,24000,1.0,2895.73,17374.36,1.004
6,2025-07-07,Alberta,Home & Garden,Affiliate,CAD,73874,2042471,11512.27,0.005636,0.019456,0.03241,158.09,0.2781,4,0.4,impressions,1.0,2400000,1.0,1.0,24000,1.0,3453.68,20722.08,1.086
7,2025-07-14,Alberta,Home & Garden,Affiliate,CAD,68037,1970237,12978.12,0.006587,0.01695,0.03113,162.65,0.2741,4,0.4,impressions,1.0,2400000,1.0,1.0,24000,1.0,3893.44,23360.61,0.906
8,2025-07-21,Alberta,Home & Garden,Affiliate,CAD,65066,2225602,14124.84,0.006347,0.017406,0.028597,157.98,0.314,4,0.4,impressions,1.0,2400000,1.0,1.0,24000,1.0,4237.45,25424.71,0.906
9,2025-07-28,Alberta,Home & Garden,Affiliate,CAD,68308,1763951,10811.99,0.006129,0.01699,0.029244,167.77,0.2913,4,0.4,impressions,1.0,2400000,1.0,1.0,24000,1.0,3243.6,19461.58,1.08
10,2025-08-04,Alberta,Home & Garden,Affiliate,CAD,68579,2074295,11510.27,0.005549,0.018718,0.031741,154.16,0.2767,4,0.4,impressions,1.0,2400000,1.0,1.0,24000,1.0,3453.08,20718.48,1.029
11,2025-08-11,Alberta,Home & Garden,Affiliate,CAD,65281,2127072,11985.03,0.005635,0.018058,0.030266,162.16,0.2726,4,0.4,impressions,1.0,2400000,1.0,1.0,24000,1.0,3595.51,21573.06,0.91
12,2025-08-18,Alberta,Home & Garden,Affiliate,CAD,75743,2256471,12881.35,0.005709,0.017369,0.03199,159.55,0.2711,4,0.4,impressions,1.0,2400000,1.0,1.0,24000,1.0,3864.41,23186.43,0.939
13,2025-08-25,Alberta,Home & Garden,Affiliate,CAD,78697,2109109,13541.33,0.00642,0.018699,0.031712,154.14,0.2973,4,0.4,impressions,1.0,2400000,1.0,1.0,24000,1.0,4062.4,24374.39,0.923
1,2025-06-02,Alberta,Home & Garden,Email,CAD,67461,972958,1441.94,0.001482,0.050025,0.043379,165.4,0.2998,6,0.2,impressions,1.0,1200000,0.95,1.0,16000,0.95,288.39,3604.84,0.909
2,2025-06-09,Alberta,Home & Garden,Email,CAD,68703,1032037,1594.56,0.001545,0.046953,0.043149,163.82,0.3073,6,0.2,impressions,1.0,1200000,0.95,1.0,16000,0.95,318.91,3986.4,1.085
3,2025-06-16,Alberta,Home & Garden,Email,CAD,68988,1132527,1867.35,0.001649,0.050148,0.039849,158.14,0.3212,6,0.2,impressions,1.0,1200000,0.95,1.0,16000,0.95,373.47,4668.36,0.919
4,2025-06-23,Alberta,Home & Garden,Email,CAD,81772,1418212,1915.53,0.001351,0.054756,0.039407,159.98,0.3072,6,0.2,impressions,1.0,1200000,0.95,1.0,16000,0.95,383.11,4788.83,1.083
5,2025-06-30,Alberta,Home & Garden,Email,CAD,72308,1119427,1750.26,0.001564,0.054401,0.036257,155.61,0.2813,6,0.2,impressions,1.0,1200000,0.95,1.0,16000,0.95,350.05,4375.65,1.083
6,2025-07-07,Alberta,Home & Garden,Email,CAD,73551,1033948,1438.27,0.001391,0.045424,0.042417,154.83,0.2986,6,0.2,impressions,1.0,1200000,0.95,1.0,16000,0.95,287.65,3595.68,1.088
7,2025-07-14,Alberta,Home & Garden,Email,CAD,69588,1077393,1510.37,0.001402,0.051574,0.038322,158.72,0.2971,6,0.2,impressions,1.0,1200000,0.95,1.0,16000,0.95,302.07,3775.92,1.054
8,2025-07-21,Alberta,Home & Garden,Email,CAD,76422,1375028,2113.5,0.001537,0.045985,0.040484,155.31,0.3196,6,0.2,impressions,1.0,1200000,0.95,1.0,16000,0.95,422.7,5283.75,1.0
9,2025-07-28,Alberta,Home & Garden,Email,CAD,82668,985324,1443.06,0.001465,0.054096,0.041551,155.82,0.2743,6,0.2,impressions,1.0,1200000,0.95,1.0,16000,0.95,288.61,3607.64,0.981
10,2025-08-04,Alberta,Home & Garden,Email,CAD,81345,1075849,1589.68,0.001478,0.053987,0.037365,167.37,0.2755,6,0.2,impressions,1.0,1200000,0.95,1.0,16000,0.95,317.94,3974.21,1.09
11,2025-08-11,Alberta,Home & Garden,Email,CAD,74266,1157034,1788.38,0.001546,0.05346,0.042847,155.53,0.3138,6,0.2,impressions,1.0,1200000,0.95,1.0,16000,0.95,357.68,4470.94,0.952
12,2025-08-18,Alberta,Home & Garden,Email,CAD,70307,1374199,1941.03,0.001412,0.050735,0.041525,163.51,0.3052,6,0.2,impressions,1.0,1200000,0.95,1.0,16000,0.95,388.21,4852.59,0.931
13,2025-08-25,Alberta,Home & Garden,Email,CAD,82346,1053863,1529.58,0.001451,0.051234,0.04069,156.73,0.2908,6,0.2,impressions,1.0,1200000,0.95,1.0,16000,0.95,305.92,3823.95,1.053
1,2025-06-02,Alberta,Home & Garden,Online Video,CAD,78164,2252116,15847.18,0.007037,0.003211,0.00901,155.27,0.3133,3,0.7,impressions,1.0,5600000,1.15,1.0,44000,1.1,4754.15,26940.2,0.982
2,2025-06-09,Alberta,Home & Garden,Online Video,CAD,76637,2484478,18475.07,0.007436,0.002765,0.008411,156.14,0.2859,3,0.7,impressions,1.0,5600000,1.15,1.0,44000,1.1,5542.52,31407.62,0.923
3,2025-06-16,Alberta,Home & Garden,Online Video,CAD,66765,2457605,17526.64,0.007132,0.002786,0.00859,164.05,0.2865,3,0.7,impressions,1.0,5600000,1.15,1.0,44000,1.1,5257.99,29795.29,0.942
4,2025-06-23,Alberta,Home & Garden,Online Video,CAD,74141,2902510,21894.67,0.007543,0.003282,0.008343,163.26,0.2744,3,0.7,impressions,1.0,5600000,1.15,1.0,44000,1.1,6568.4,37220.93,1.086
5,2025-06-30,Alberta,Home & Garden,Online Video,CAD,82744,2094679,13526.34,0.006457,0.002953,0.008904,162.23,0.2827,3,0.7,impressions,1.0,5600000,1.15,1.0,44000,1.1,4057.9,22994.78,0.954
6,2025-07-07,Alberta,Home & Garden,Online Video,CAD,65645,2100463,15649.2,0.00745,0.002785,0.009359,153.03,0.2763,3,0.7,impressions,1.0,5600000,1.15,1.0,44000,1.1,4694.76,26603.63,1.032
7,2025-07-14,Alberta,Home & Garden,Online Video,CAD,73541,2479618,17377.0,0.007008,0.003053,0.009293,165.08,0.3028,3,0.7,impressions,1.0,5600000,1.15,1.0,44000,1.1,5213.1,29540.9,1.058
8,2025-07-21,Alberta,Home & Garden,Online Video,CAD,78307,3043818,22793.9,0.007489,0.002944,0.008883,153.72,0.3039,3,0.7,impressions,1.0,5600000,1.15,1.0,44000,1.1,6838.17,38749.63,1.018
9,2025-07-28,Alberta,Home & Garden,Online Video,CAD,68979,2073690,15704.46,0.007573,0.002969,0.008569,157.92,0.3179,3,0.7,impressions,1.0,5600000,1.15,1.0,44000,1.1,4711.34,26697.59,0.969
10,2025-08-04,Alberta,Home & Garden,Online Video,CAD,68467,2139759,13604.39,0.006358,0.003103,0.008675,154.78,0.2855,3,0.7,impressions,1.0,5600000,1.15,1.0,44000,1.1,4081.32,23127.47,1.054
11,2025-08-11,Alberta,Home & Garden,Online Video,CAD,72011,2196051,16806.92,0.007653,0.002947,0.008829,159.15,0.3257,3,0.7,impressions,1.0,5600000,1.15,1.0,44000,1.1,5042.08,28571.77,0.979
12,2025-08-18,Alberta,Home & Garden,Online Video,CAD,75444,2624902,17448.71,0.006647,0.003028,0.009152,164.7,0.2998,3,0.7,impressions,1.0,5600000,1.15,1.0,44000,1.1,5234.61,29662.8,1.06
13,2025-08-25,Alberta,Home & Garden,Online Video,CAD,71266,2488445,18489.27,0.00743,0.00285,0.008168,167.62,0.2746,3,0.7,impressions,1.0,5600000,1.15,1.0,44000,1.1,5546.78,31431.76,1.088
1,2025-06-02,Alberta,Grocery,Paid Search,CAD,67133,3184311,40396.17,0.012686,0.036042,0.059293,42.88,0.137,4,0.3,impressions,1.0,4000000,1.1,1.0,48000,1.05,20198.08,60594.25,0.992
2,2025-06-09,Alberta,Grocery,Paid Search,CAD,69478,2974020,35609.1,0.011973,0.038182,0.052742,44.48,0.1539,4,0.3,impressions,1.0,4000000,1.1,1.0,48000,1.05,17804.55,53413.65,1.072
3,2025-06-16,Alberta,Grocery,Paid Search,CAD,66612,3096532,39171.77,0.01265,0.037179,0.058181,44.82,0.1569,4,0.3,impressions,1.0,4000000,1.1,1.0,48000,1.05,19585.89,58757.66,0.979
4,2025-06-23,Alberta,Grocery,Paid Search,CAD,74018,4197787,48332.57,0.011514,0.032611,0.053799,45.45,0.1458,4,0.3,impressions,1.0,4000000,1.1,1.0,48000,1.05,24166.28,72498.85,1.084
5,2025-06-30,Alberta,Grocery,Paid Search,CAD,67903,3044725,37796.46,0.012414,0.032137,0.057065,47.03,0.1461,4,0.3,impressions,1.0,4000000,1.1,1.0,48000,1.05,18898.23,56694.69,0.953
6,2025-07-07,Alberta,Grocery,Paid Search,CAD,81480,2915147,33472.56,0.011482,0.035013,0.058715,43.46,0.1432,4,0.3,impressions,1.0,4000000,1.1,1.0,48000,1.05,16736.28,50208.84,1.075
7,2025-07-14,Alberta,Grocery,Paid Search,CAD,73954,3431579,44517.71,0.012973,0.033659,0.052217,42.76,0.153,4,0.3,impressions,1.0,4000000,1.1,1.0,48000,1.05,22258.86,66776.57,0.901
8,2025-07-21,Alberta,Grocery,Paid Search,CAD,73396,4304636,46665.93,0.010841,0.033032,0.059647,44.53,0.1587,4,0.3,impressions,1.0,4000000,1.1,1.0,48000,1.05,23332.96,69998.89,0.946
9,2025-07-28,Alberta,Grocery,Paid Search,CAD,70861,2854698,32579.62,0.011413,0.035698,0.052402,46.38,0.1396,4,0.3,impressions,1.0,4000000,1.1,1.0,48000,1.05,16289.81,48869.44,0.998
10,2025-08-04,Alberta,Grocery,Paid Search,CAD,71682,3023239,37465.33,0.012392,0.036436,0.058092,45.57,0.155,4,0.3,impressions,1.0,4000000,1.1,1.0,48000,1.05,18732.66,56197.99,1.023
11,2025-08-11,Alberta,Grocery,Paid Search,CAD,73321,3306208,38931.94,0.011775,0.031959,0.052749,45.15,0.1496,4,0.3,impressions,1.0,4000000,1.1,1.0,48000,1.05,19465.97,58397.91,1.081
12,2025-08-18,Alberta,Grocery,Paid Search,CAD,69357,3897796,42126.23,0.010808,0.034162,0.055279,44.15,0.161,4,0.3,impressions,1.0,4000000,1.1,1.0,48000,1.05,21063.11,63189.34,1.009
13,2025-08-25,Alberta,Grocery,Paid Search,CAD,72829,3270620,37706.32,0.011529,0.032051,0.055348,44.47,0.1587,4,0.3,impressions,1.0,4000000,1.1,1.0,48000,1.05,18853.16,56559.48,1.016
1,2025-06-02,Alberta,Grocery,Display,CAD,65018,3960035,14843.23,0.003748,0.004213,0.01259,44.1,0.1454,5,0.5,impressions,1.0,10000000,1.05,1.0,36000,1.05,5937.29,23749.17,0.935
2,2025-06-09,Alberta,Grocery,Display,CAD,73189,4101020,15884.59,0.003873,0.004247,0.01211,45.49,0.1572,5,0.5,impressions,1.0,10000000,1.05,1.0,36000,1.05,6353.84,25415.34,0.913
3,2025-06-16,Alberta,Grocery,Display,CAD,72397,4285218,16912.98,0.003947,0.004078,0.011655,44.65,0.154,5,0.5,impressions,1.0,10000000,1.05,1.0,36000,1.05,6765.19,27060.77,0.903
4,2025-06-23,Alberta,Grocery,Display,CAD,74506,5077653,21405.56,0.004216,0.004097,0.012911,47.17,0.1392,5,0.5,impressions,1.0,10000000,1.05,1.0,36000,1.05,8562.23,34248.9,0.947
5,2025-06-30,Alberta,Grocery,Display,CAD,67129,4003046,15332.13,0.00383,0.003628,0.011765,43.94,0.1636,5,0.5,impressions,1.0,10000000,1.05,1.0,36000,1.05,6132.85,24531.41,0.925
6,2025-07-07,Alberta,Grocery,Display,CAD,82467,4033595,14938.78,0.003704,0.004245,0.012516,43.74,0.1574,5,0.5,impressions,1.0,10000000,1.05,1.0,36000,1.05,5975.51,23902.04,1.008
7,2025-07-14,Alberta,Grocery,Display,CAD,67917,4450573,17159.54,0.003856,0.003754,0.012861,44.05,0.1448,5,0.5,impressions,1.0,10000000,1.05,1.0,36000,1.05,6863.82,27455.27,0.976
8,2025-07-21,Alberta,Grocery,Display,CAD,79432,5596407,21672.51,0.003873,0.003625,0.012784,43.87,0.1524,5,0.5,impressions,1.0,10000000,1.05,1.0,36000,1.05,8669.0,34676.01,0.97
9,2025-07-28,Alberta,Grocery,Display,CAD,81674,4310566,15866.82,0.003681,0.00425,0.011916,46.56,0.1514,5,0.5,impressions,1.0,10000000,1.05,1.0,36000,1.05,6346.73,25386.92,1.012
10,2025-08-04,Alberta,Grocery,Display,CAD,77159,4052491,15512.13,0.003828,0.003604,0.012889,45.01,0.1411,5,0.5,impressions,1.0,10000000,1.05,1.0,36000,1.05,6204.85,24819.41,0.986
11,2025-08-11,Alberta,Grocery,Display,CAD,74517,4405736,17061.91,0.003873,0.004102,0.012777,45.31,0.1583,5,0.5,impressions,1.0,10000000,1.05,1.0,36000,1.05,6824.76,27299.05,0.977
12,2025-08-18,Alberta,Grocery,Display,CAD,78821,5878606,22803.56,0.003879,0.003926,0.01184,45.9,0.1388,5,0.5,impressions,1.0,10000000,1.05,1.0,36000,1.05,9121.42,36485.7,0.96
13,2025-08-25,Alberta,Grocery,Display,CAD,81272,3871486,16211.8,0.004187,0.003634,0.012507,47.09,0.1426,5,0.5,impressions,1.0,10000000,1.05,1.0,36000,1.05,6484.72,25938.88,0.952
1,2025-06-02,Alberta,Grocery,Social,CAD,81998,3542769,11182.22,0.003156,0.008354,0.014594,43.32,0.1559,2,0.6,impressions,1.0,7200000,1.1,1.0,32000,1.08,4472.89,17891.56,0.907
2,2025-06-09,Alberta,Grocery,Social,CAD,73602,3260546,10523.47,0.003228,0.007667,0.014622,45.42,0.151,2,0.6,impressions,1.0,7200000,1.1,1.0,32000,1.08,4209.39,16837.56,0.98
3,2025-06-16,Alberta,Grocery,Social,CAD,78226,3806744,10418.17,0.002737,0.007705,0.016871,45.66,0.1597,2,0.6,impressions,1.0,7200000,1.1,1.0,32000,1.08,4167.27,16669.07,0.956
4,2025-06-23,Alberta,Grocery,Social,CAD,66708,4092254,11336.51,0.00277,0.008161,0.014852,45.62,0.1605,2,0.6,impressions,1.0,7200000,1.1,1.0,32000,1.08,4534.6,18138.42,1.013
5,2025-06-30,Alberta,Grocery,Social,CAD,77132,3774985,10678.4,0.002829,0.007549,0.016358,43.27,0.1514,2,0.6,impressions,1.0,7200000,1.1,1.0,32000,1.08,4271.36,17085.44,1.064
6,2025-07-07,Alberta,Grocery,Social,CAD,69484,3356571,9822.08,0.002926,0.007626,0.017235,46.59,0.1491,2,0.6,impressions,1.0,7200000,1.1,1.0,32000,1.08,3928.83,15715.32,1.014
7,2025-07-14,Alberta,Grocery,Social,CAD,77265,3170117,9075.66,0.002863,0.007326,0.017376,44.26,0.142,2,0.6,impressions,1.0,7200000,1.1,1.0,32000,1.08,3630.26,14521.05,1.018
8,2025-07-21,Alberta,Grocery,Social,CAD,78190,4127989,13445.66,0.003257,0.008495,0.014531,44.24,0.1624,2,0.6,impressions,1.0,7200000,1.1,1.0,32000,1.08,5378.26,21513.05,1.016
9,2025-07-28,Alberta,Grocery,Social,CAD,77985,3593362,11005.9,0.003063,0.007773,0.014653,42.87,0.15,2,0.6,impressions,1.0,7200000,1.1,1.0,32000,1.08,4402.36,17609.44,1.098
10,2025-08-04,Alberta,Grocery,Social,CAD,81824,3853923,11194.44,0.002905,0.007616,0.015432,46.04,0.163,2,0.6,impressions,1.0,7200000,1.1,1.0,32000,1.08,4477.78,17911.11,1.076
11,2025-08-11,Alberta,Grocery,Social,CAD,68660,3200007,10460.8,0.003269,0.008786,0.015603,46.17,0.1401,2,0.6,impressions,1.0,7200000,1.1,1.0,32000,1.08,4184.32,16737.28,1.056
12,2025-08-18,Alberta,Grocery,Social,CAD,82306,4743568,14919.25,0.003145,0.008211,0.015118,43.39,0.1597,2,0.6,impressions,1.0,7200000,1.1,1.0,32000,1.08,5967.7,23870.79,0.93
13,2025-08-25,Alberta,Grocery,Social,CAD,75599,3868313,11410.11,0.00295,0.008651,0.015492,44.86,0.1538,2,0.6,impressions,1.0,7200000,1.1,1.0,32000,1.08,4564.05,18256.18,1.085
1,2025-06-02,Alberta,Grocery,Affiliate,CAD,73419,2023384,12151.23,0.006005,0.017118,0.02939,44.2,0.1643,4,0.4,impressions,1.0,2400000,1.0,1.0,24000,1.0,3645.37,21872.21,1.05
2,2025-06-09,Alberta,Grocery,Affiliate,CAD,74017,1758194,10640.29,0.006052,0.017883,0.027103,45.56,0.1644,4,0.4,impressions,1.0,2400000,1.0,1.0,24000,1.0,3192.09,19152.53,0.92
3,2025-06-16,Alberta,Grocery,Affiliate,CAD,73688,1826892,10372.88,0.005678,0.016736,0.030663,46.12,0.1504,4,0.4,impressions,1.0,2400000,1.0,1.0,24000,1.0,3111.86,18671.18,0.9
4,2025-06-23,Alberta,Grocery,Affiliate,CAD,69336,2639404,14274.98,0.005408,0.019306,0.027076,45.5,0.1642,4,0.4,impressions,1.0,2400000,1.0,1.0,24000,1.0,4282.5,25694.97,0.939
5,2025-06-30,Alberta,Grocery,Affiliate,CAD,75030,1801574,10511.27,0.005834,0.018454,0.031936,44.7,0.1385,4,0.4,impressions,1.0,2400000,1.0,1.0,24000,1.0,3153.38,18920.29,0.921
6,2025-07-07,Alberta,Grocery,Affiliate,CAD,65240,2101982,12470.45,0.005933,0.016927,0.028408,42.96,0.15,4,0.4,impressions,1.0,2400000,1.0,1.0,24000,1.0,3741.13,22446.81,1.026
7,2025-07-14,Alberta,Grocery,Affiliate,CAD,68927,1956225,10872.35,0.005558,0.019209,0.028875,42.95,0.1543,4,0.4,impressions,1.0,2400000,1.0,1.0,24000,1.0,3261.71,19570.23,1.066
8,2025-07-21,Alberta,Grocery,Affiliate,CAD,77260,2276018,14348.1,0.006304,0.018848,0.028659,43.85,0.1553,4,0.4,impressions,1.0,2400000,1.0,1.0,24000,1.0,4304.43,25826.58,0.948
9,2025-07-28,Alberta,Grocery,Affiliate,CAD,65544,1813697,11373.98,0.006271,0.018261,0.028035,43.02,0.14,4,0.4,impressions,1.0,2400000,1.0,1.0,24000,1.0,3412.2,20473.17,1.049
10,2025-08-04,Alberta,Grocery,Affiliate,CAD,82401,1958852,12600.82,0.006433,0.019731,0.03167,42.78,0.1385,4,0.4,impressions,1.0,2400000,1.0,1.0,24000,1.0,3780.25,22681.48,1.032
11,2025-08-11,Alberta,Grocery,Affiliate,CAD,80139,1754720,9797.31,0.005583,0.017547,0.027877,44.38,0.1564,4,0.4,impressions,1.0,2400000,1.0,1.0,24000,1.0,2939.19,17635.16,1.088
12,2025-08-18,Alberta,Grocery,Affiliate,CAD,68162,2645981,14337.0,0.005418,0.0194,0.032478,47.15,0.146,4,0.4,impressions,1.0,2400000,1.0,1.0,24000,1.0,4301.1,25806.6,0.989
13,2025-08-25,Alberta,Grocery,Affiliate,CAD,78277,1945857,12710.2,0.006532,0.016359,0.02724,46.4,0.1509,4,0.4,impressions,1.0,2400000,1.0,1.0,24000,1.0,3813.06,22878.37,0.968
1,2025-06-02,Alberta,Grocery,Email,CAD,81103,1038767,1601.13,0.001541,0.052619,0.03988,47.09,0.1491,6,0.2,impressions,1.0,1200000,0.95,1.0,16000,0.95,320.23,4002.82,1.081
2,2025-06-09,Alberta,Grocery,Email,CAD,69002,1103885,1604.25,0.001453,0.054924,0.040407,43.83,0.136,6,0.2,impressions,1.0,1200000,0.95,1.0,16000,0.95,320.85,4010.63,1.021
3,2025-06-16,Alberta,Grocery,Email,CAD,79335,1063697,1437.4,0.001351,0.054166,0.043602,44.18,0.1601,6,0.2,impressions,1.0,1200000,0.95,1.0,16000,0.95,287.48,3593.5,1.071
4,2025-06-23,Alberta,Grocery,Email,CAD,81071,1417916,2107.92,0.001487,0.049426,0.038872,45.69,0.146,6,0.2,impressions,1.0,1200000,0.95,1.0,16000,0.95,421.58,5269.79,0.956
5,2025-06-30,Alberta,Grocery,Email,CAD,70250,1018199,1642.81,0.001613,0.05465,0.040982,43.22,0.1425,6,0.2,impressions,1.0,1200000,0.95,1.0,16000,0.95,328.56,4107.03,0.934
6,2025-07-07,Alberta,Grocery,Email,CAD,82683,1065695,1746.61,0.001639,0.053682,0.039349,45.38,0.1392,6,0.2,impressions,1.0,1200000,0.95,1.0,16000,0.95,349.32,4366.52,1.013
7,2025-07-14,Alberta,Grocery,Email,CAD,69887,1019131,1447.64,0.00142,0.045019,0.043465,45.85,0.1505,6,0.2,impressions,1.0,1200000,0.95,1.0,16000,0.95,289.53,3619.11,1.086
8,2025-07-21,Alberta,Grocery,Email,CAD,70340,1349981,1927.16,0.001428,0.054119,0.040105,43.21,0.1397,6,0.2,impressions,1.0,1200000,0.95,1.0,16000,0.95,385.43,4817.91,0.908
9,2025-07-28,Alberta,Grocery,Email,CAD,73732,1027291,1661.65,0.001618,0.049552,0.04197,45.38,0.1567,6,0.2,impressions,1.0,1200000,0.95,1.0,16000,0.95,332.33,4154.13,1.046
10,2025-08-04,Alberta,Grocery,Email,CAD,78923,1086111,1643.39,0.001513,0.052277,0.039396,46.91,0.154,6,0.2,impressions,1.0,1200000,0.95,1.0,16000,0.95,328.68,4108.49,0.923
11,2025-08-11,Alberta,Grocery,Email,CAD,74807,997100,1454.27,0.001458,0.050229,0.043675,44.08,0.153,6,0.2,impressions,1.0,1200000,0.95,1.0,16000,0.95,290.85,3635.67,0.931
12,2025-08-18,Alberta,Grocery,Email,CAD,73770,1298551,1916.04,0.001476,0.050798,0.040819,44.47,0.1424,6,0.2,impressions,1.0,1200000,0.95,1.0,16000,0.95,383.21,4790.1,0.95
13,2025-08-25,Alberta,Grocery,Email,CAD,68604,1076427,1540.14,0.001431,0.052828,0.041672,43.19,0.135,6,0.2,impressions,1.0,1200000,0.95,1.0,16000,0.95,308.03,3850.36,0.903
1,2025-06-02,Alberta,Grocery,Online Video,CAD,65007,2092736,15205.65,0.007266,0.002915,0.009832,46.61,0.1393,3,0.7,impressions,1.0,5600000,1.15,1.0,44000,1.1,4561.7,25849.61,1.091
2,2025-06-09,Alberta,Grocery,Online Video,CAD,82720,2304223,15789.3,0.006852,0.00288,0.008927,46.04,0.1443,3,0.7,impressions,1.0,5600000,1.15,1.0,44000,1.1,4736.79,26841.82,0.989
3,2025-06-16,Alberta,Grocery,Online Video,CAD,72281,2404273,17850.43,0.007424,0.003031,0.009005,43.95,0.1401,3,0.7,impressions,1.0,5600000,1.15,1.0,44000,1.1,5355.13,30345.73,1.083
4,2025-06-23,Alberta,Grocery,Online Video,CAD,69622,2993577,19154.82,0.006399,0.003086,0.009116,46.04,0.1556,3,0.7,impressions,1.0,5600000,1.15,1.0,44000,1.1,5746.45,32563.2,1.089
5,2025-06-30,Alberta,Grocery,Online Video,CAD,66440,2487475,19108.99,0.007682,0.002893,0.008374,46.11,0.1474,3,0.7,impressions,1.0,5600000,1.15,1.0,44000,1.1,5732.7,32485.28,0.918
6,2025-07-07,Alberta,Grocery,Online Video,CAD,65571,2465932,18701.62,0.007584,0.003109,0.00842,46.53,0.1442,3,0.7,impressions,1.0,5600000,1.15,1.0,44000,1.1,5610.49,31792.75,1.01
7,2025-07-14,Alberta,Grocery,Online Video,CAD,75541,2294638,15600.1,0.006799,0.003261,0.00964,43.57,0.1413,3,0.7,impressions,1.0,5600000,1.15,1.0,44000,1.1,4680.03,26520.17,0.907
8,2025-07-21,Alberta,Grocery,Online Video,CAD,79171,2775878,19214.8,0.006922,0.002948,0.009595,43.51,0.1636,3,0.7,impressions,1.0,5600000,1.15,1.0,44000,1.1,5764.44,32665.15,0.939
9,2025-07-28,Alberta,Grocery,Online Video,CAD,73470,2295282,16069.02,0.007001,0.002954,0.008983,45.07,0.1417,3,0.7,impressions,1.0,5600000,1.15,1.0,44000,1.1,4820.7,27317.33,0.942
10,2025-08-04,Alberta,Grocery,Online Video,CAD,79585,2319158,17492.5,0.007543,0.003293,0.009658,45.84,0.1398,3,0.7,impressions,1.0,5600000,1.15,1.0,44000,1.1,5247.75,29737.25,0.908
11,2025-08-11,Alberta,Grocery,Online Video,CAD,70191,2390156,15767.8,0.006597,0.002998,0.008813,44.45,0.1645,3,0.7,impressions,1.0,5600000,1.15,1.0,44000,1.1,4730.34,26805.26,1.021
12,2025-08-18,Alberta,Grocery,Online Video,CAD,74234,2884824,21793.79,0.007555,0.002848,0.0092,45.26,0.157,3,0.7,impressions,1.0,5600000,1.15,1.0,44000,1.1,6538.14,37049.44,1.039
13,2025-08-25,Alberta,Grocery,Online Video,CAD,69861,2445918,18756.49,0.007668,0.003187,0.009287,46.44,0.1583,3,0.7,impressions,1.0,5600000,1.15,1.0,44000,1.1,5626.95,31886.04,0.986
1,2025-06-02,Alberta,Beauty,Paid Search,CAD,65863,3409849,43761.66,0.012834,0.035451,0.054586,57.16,0.2072,4,0.3,impressions,1.0,4000000,1.1,1.0,48000,1.05,21880.83,65642.49,0.945
2,2025-06-09,Alberta,Beauty,Paid Search,CAD,69892,3403775,41336.92,0.012144,0.033959,0.057758,62.73,0.208,4,0.3,impressions,1.0,4000000,1.1,1.0,48000,1.05,20668.46,62005.38,0.949
3,2025-06-16,Alberta,Beauty,Paid Search,CAD,71746,3396599,39816.08,0.011722,0.034989,0.050283,59.13,0.205,4,0.3,impressions,1.0,4000000,1.1,1.0,48000,1.05,19908.04,59724.12,1.096
4,2025-06-23,Alberta,Beauty,Paid Search,CAD,76032,4342982,52169.17,0.012012,0.037798,0.051643,60.61,0.234,4,0.3,impressions,1.0,4000000,1.1,1.0,48000,1.05,26084.59,78253.76,0.907
5,2025-06-30,Alberta,Beauty,Paid Search,CAD,82224,2879100,36028.52,0.012514,0.034869,0.059233,62.22,0.2277,4,0.3,impressions,1.0,4000000,1.1,1.0,48000,1.05,18014.26,54042.79,1.084
6,2025-07-07,Alberta,Beauty,Paid Search,CAD,73990,2937611,35526.85,0.012094,0.032386,0.05074,61.54,0.2148,4,0.3,impressions,1.0,4000000,1.1,1.0,48000,1.05,17763.42,53290.27,0.968
7,2025-07-14,Alberta,Beauty,Paid Search,CAD,74720,3269342,42257.75,0.012925,0.033962,0.056595,60.35,0.2283,4,0.3,impressions,1.0,4000000,1.1,1.0,48000,1.05,21128.87,63386.62,0.962
8,2025-07-21,Alberta,Beauty,Paid Search,CAD,80755,4364433,56746.34,0.013002,0.034145,0.052973,61.96,0.2235,4,0.3,impressions,1.0,4000000,1.1,1.0,48000,1.05,28373.17,85119.51,1.086
9,2025-07-28,Alberta,Beauty,Paid Search,CAD,72176,3291431,40359.98,0.012262,0.033052,0.057393,61.4,0.2096,4,0.3,impressions,1.0,4000000,1.1,1.0,48000,1.05,20179.99,60539.98,1.067
10,2025-08-04,Alberta,Beauty,Paid Search,CAD,78345,3204245,36019.73,0.011241,0.037068,0.051825,61.31,0.2222,4,0.3,impressions,1.0,4000000,1.1,1.0,48000,1.05,18009.86,54029.59,1.071
11,2025-08-11,Alberta,Beauty,Paid Search,CAD,68990,2917191,37309.39,0.012789,0.033173,0.055611,62.24,0.2106,4,0.3,impressions,1.0,4000000,1.1,1.0,48000,1.05,18654.69,55964.08,1.089
12,2025-08-18,Alberta,Beauty,Paid Search,CAD,75159,4104436,44456.8,0.010831,0.034737,0.054104,57.31,0.2274,4,0.3,impressions,1.0,4000000,1.1,1.0,48000,1.05,22228.4,66685.2,0.922
13,2025-08-25,Alberta,Beauty,Paid Search,CAD,73399,2958373,33192.31,0.01122,0.033964,0.058436,62.3,0.2033,4,0.3,impressions,1.0,4000000,1.1,1.0,48000,1.05,16596.16,49788.47,1.089
1,2025-06-02,Alberta,Beauty,Display,CAD,68126,4587393,18674.99,0.004071,0.003864,0.01238,57.9,0.2089,5,0.5,impressions,1.0,10000000,1.05,1.0,36000,1.05,7470.0,29879.98,1.039
2,2025-06-09,Alberta,Beauty,Display,CAD,76491,3902119,15293.75,0.003919,0.004372,0.011087,58.34,0.2077,5,0.5,impressions,1.0,10000000,1.05,1.0,36000,1.05,6117.5,24470.0,1.049
3,2025-06-16,Alberta,Beauty,Display,CAD,67359,3997662,14857.48,0.003717,0.004141,0.013019,58.92,0.2132,5,0.5,impressions,1.0,10000000,1.05,1.0,36000,1.05,5942.99,23771.97,0.997
4,2025-06-23,Alberta,Beauty,Display,CAD,66780,5256629,19467.78,0.003703,0.004268,0.013091,61.94,0.2343,5,0.5,impressions,1.0,10000000,1.05,1.0,36000,1.05,7787.11,31148.45,1.098
5,2025-06-30,Alberta,Beauty,Display,CAD,69358,4632521,18469.51,0.003987,0.004124,0.013157,59.37,0.2089,5,0.5,impressions,1.0,10000000,1.05,1.0,36000,1.05,7387.8,29551.22,0.905
6,2025-07-07,Alberta,Beauty,Display,CAD,65214,4141421,15775.11,0.003809,0.00401,0.011705,60.81,0.214,5,0.5,impressions,1.0,10000000,1.05,1.0,36000,1.05,6310.04,25240.18,1.018
7,2025-07-14,Alberta,Beauty,Display,CAD,68668,4289407,17902.67,0.004174,0.003698,0.011313,58.88,0.2052,5,0.5,impressions,1.0,10000000,1.05,1.0,36000,1.05,7161.07,28644.28,0.954
8,2025-07-21,Alberta,Beauty,Display,CAD,68274,5685276,23831.13,0.004192,0.004097,0.012576,59.89,0.218,5,0.5,impressions,1.0,10000000,1.05,1.0,36000,1.05,9532.45,38129.81,0.93
9,2025-07-28,Alberta,Beauty,Display,CAD,72389,4559113,19002.38,0.004168,0.004132,0.011783,58.54,0.2123,5,0.5,impressions,1.0,10000000,1.05,1.0,36000,1.05,7600.95,30403.8,1.018
10,2025-08-04,Alberta,Beauty,Display,CAD,76192,4539848,16473.79,0.003629,0.003685,0.011229,59.55,0.2415,5,0.5,impressions,1.0,10000000,1.05,1.0,36000,1.05,6589.52,26358.07,1.072
11,2025-08-11,Alberta,Beauty,Display,CAD,79664,4154243,15532.04,0.003739,0.004075,0.011685,60.92,0.2065,5,0.5,impressions,1.0,10000000,1.05,1.0,36000,1.05,6212.82,24851.26,0.926
12,2025-08-18,Alberta,Beauty,Display,CAD,73912,5163091,20866.81,0.004042,0.003703,0.011339,58.51,0.2201,5,0.5,impressions,1.0,10000000,1.05,1.0,36000,1.05,8346.72,33386.89,0.956
13,2025-08-25,Alberta,Beauty,Display,CAD,73992,4003390,16793.88,0.004195,0.004384,0.011983,61.2,0.2196,5,0.5,impressions,1.0,10000000,1.05,1.0,36000,1.05,6717.55,26870.21,1.036
1,2025-06-02,Alberta,Beauty,Social,CAD,67964,3805957,10317.15,0.002711,0.007936,0.014662,58.97,0.2046,2,0.6,impressions,1.0,7200000,1.1,1.0,32000,1.08,4126.86,16507.44,0.979
2,2025-06-09,Alberta,Beauty,Social,CAD,71362,3462953,10342.55,0.002987,0.008339,0.017009,58.09,0.2099,2,0.6,impressions,1.0,7200000,1.1,1.0,32000,1.08,4137.02,16548.08,0.97
3,2025-06-16,Alberta,Beauty,Social,CAD,71197,3632445,9872.46,0.002718,0.007411,0.017323,59.64,0.2411,2,0.6,impressions,1.0,7200000,1.1,1.0,32000,1.08,3948.98,15795.93,0.929
4,2025-06-23,Alberta,Beauty,Social,CAD,82779,4681756,14554.8,0.003109,0.008742,0.014445,62.28,0.1991,2,0.6,impressions,1.0,7200000,1.1,1.0,32000,1.08,5821.92,23287.67,1.028
5,2025-06-30,Alberta,Beauty,Social,CAD,68636,3194956,9688.73,0.003033,0.007863,0.017198,61.5,0.2239,2,0.6,impressions,1.0,7200000,1.1,1.0,32000,1.08,3875.49,15501.97,0.916
6,2025-07-07,Alberta,Beauty,Social,CAD,75117,3696026,10913.25,0.002953,0.007371,0.014449,58.07,0.2357,2,0.6,impressions,1.0,7200000,1.1,1.0,32000,1.08,4365.3,17461.2,0.998
7,2025-07-14,Alberta,Beauty,Social,CAD,78169,3666759,11310.99,0.003085,0.007609,0.01592,61.69,0.2016,2,0.6,impressions,1.0,7200000,1.1,1.0,32000,1.08,4524.4,18097.58,1.012
8,2025-07-21,Alberta,Beauty,Social,CAD,68092,4131299,12400.6,0.003002,0.007543,0.016125,59.85,0.2183,2,0.6,impressions,1.0,7200000,1.1,1.0,32000,1.08,4960.24,19840.96,0.919
9,2025-07-28,Alberta,Beauty,Social,CAD,70687,3744270,10660.11,0.002847,0.007588,0.015243,58.27,0.2304,2,0.6,impressions,1.0,7200000,1.1,1.0,32000,1.08,4264.04,17056.17,0.961
10,2025-08-04,Alberta,Beauty,Social,CAD,82667,3580935,10298.99,0.002876,0.00855,0.016397,61.28,0.2132,2,0.6,impressions,1.0,7200000,1.1,1.0,32000,1.08,4119.6,16478.39,0.96
11,2025-08-11,Alberta,Beauty,Social,CAD,76088,3211009,9710.64,0.003024,0.008689,0.015426,59.76,0.2325,2,0.6,impressions,1.0,7200000,1.1,1.0,32000,1.08,3884.26,15537.03,1.052
12,2025-08-18,Alberta,Beauty,Social,CAD,74887,4409761,12554.07,0.002847,0.007955,0.014737,61.08,0.2374,2,0.6,impressions,1.0,7200000,1.1,1.0,32000,1.08,5021.63,20086.52,0.946
13,2025-08-25,Alberta,Beauty,Social,CAD,75198,3303283,10218.1,0.003093,0.00786,0.015478,62.91,0.2338,2,0.6,impressions,1.0,7200000,1.1,1.0,32000,1.08,4087.24,16348.95,0.913
1,2025-06-02,Alberta,Beauty,Affiliate,CAD,68629,2103622,12206.59,0.005803,0.017089,0.028033,61.07,0.22,4,0.4,impressions,1.0,2400000,1.0,1.0,24000,1.0,3661.98,21971.87,0.973
2,2025-06-09,Alberta,Beauty,Affiliate,CAD,68473,1893591,12482.18,0.006592,0.017387,0.028416,59.32,0.2394,4,0.4,impressions,1.0,2400000,1.0,1.0,24000,1.0,3744.65,22467.93,0.924
3,2025-06-16,Alberta,Beauty,Affiliate,CAD,67192,1981475,12993.07,0.006557,0.01928,0.027193,59.51,0.2089,4,0.4,impressions,1.0,2400000,1.0,1.0,24000,1.0,3897.92,23387.53,0.914
4,2025-06-23,Alberta,Beauty,Affiliate,CAD,73910,2398840,14445.59,0.006022,0.01918,0.029548,58.06,0.2007,4,0.4,impressions,1.0,2400000,1.0,1.0,24000,1.0,4333.68,26002.06,1.053
5,2025-06-30,Alberta,Beauty,Affiliate,CAD,78467,2041323,11305.91,0.005539,0.018004,0.031695,57.38,0.205,4,0.4,impressions,1.0,2400000,1.0,1.0,24000,1.0,3391.77,20350.63,0.928
6,2025-07-07,Alberta,Beauty,Affiliate,CAD,78432,1968434,12649.82,0.006426,0.016312,0.031112,61.52,0.2069,4,0.4,impressions,1.0,2400000,1.0,1.0,24000,1.0,3794.95,22769.68,0.951
7,2025-07-14,Alberta,Beauty,Affiliate,CAD,67262,1914962,10859.16,0.005671,0.0181,0.028887,62.82,0.2382,4,0.4,impressions,1.0,2400000,1.0,1.0,24000,1.0,3257.75,19546.48,1.046
8,2025-07-21,Alberta,Beauty,Affiliate,CAD,65076,2499356,14640.81,0.005858,0.017121,0.028011,60.18,0.2023,4,0.4,impressions,1.0,2400000,1.0,1.0,24000,1.0,4392.24,26353.47,1.078
9,2025-07-28,Alberta,Beauty,Affiliate,CAD,67653,2103191,12534.72,0.00596,0.019515,0.031398,58.53,0.2307,4,0.4,impressions,1.0,2400000,1.0,1.0,24000,1.0,3760.42,22562.5,0.993
10,2025-08-04,Alberta,Beauty,Affiliate,CAD,81926,1933164,11380.36,0.005887,0.017335,0.02914,62.71,0.2094,4,0.4,impressions,1.0,2400000,1.0,1.0,24000,1.0,3414.11,20484.65,0.995
11,2025-08-11,Alberta,Beauty,Affiliate,CAD,72798,1810383,11846.49,0.006544,0.019309,0.027353,58.13,0.2411,4,0.4,impressions,1.0,2400000,1.0,1.0,24000,1.0,3553.95,21323.68,0.962
12,2025-08-18,Alberta,Beauty,Affiliate,CAD,79638,2285334,14988.09,0.006558,0.01776,0.028503,58.83,0.2267,4,0.4,impressions,1.0,2400000,1.0,1.0,24000,1.0,4496.43,26978.56,1.009
13,2025-08-25,Alberta,Beauty,Affiliate,CAD,78810,1997606,11255.59,0.005635,0.019726,0.02954,59.08,0.2304,4,0.4,impressions,1.0,2400000,1.0,1.0,24000,1.0,3376.68,20260.05,0.915
1,2025-06-02,Alberta,Beauty,Email,CAD,76654,1016966,1405.82,0.001382,0.050804,0.043457,57.57,0.2295,6,0.2,impressions,1.0,1200000,0.95,1.0,16000,0.95,281.16,3514.56,1.009
2,2025-06-09,Alberta,Beauty,Email,CAD,75336,1136729,1765.82,0.001553,0.054861,0.043112,58.57,0.2095,6,0.2,impressions,1.0,1200000,0.95,1.0,16000,0.95,353.16,4414.55,1.058
3,2025-06-16,Alberta,Beauty,Email,CAD,66391,1098348,1592.39,0.00145,0.049499,0.036825,57.97,0.2324,6,0.2,impressions,1.0,1200000,0.95,1.0,16000,0.95,318.48,3980.98,1.024
4,2025-06-23,Alberta,Beauty,Email,CAD,80197,1323249,1989.28,0.001503,0.053741,0.041579,58.87,0.237,6,0.2,impressions,1.0,1200000,0.95,1.0,16000,0.95,397.86,4973.21,1.057
5,2025-06-30,Alberta,Beauty,Email,CAD,68218,957833,1508.23,0.001575,0.053162,0.043918,57.2,0.207,6,0.2,impressions,1.0,1200000,0.95,1.0,16000,0.95,301.65,3770.58,0.912
6,2025-07-07,Alberta,Beauty,Email,CAD,68879,1149763,1715.19,0.001492,0.050016,0.036226,62.39,0.2309,6,0.2,impressions,1.0,1200000,0.95,1.0,16000,0.95,343.04,4287.97,1.006
7,2025-07-14,Alberta,Beauty,Email,CAD,78712,1099248,1667.69,0.001517,0.048186,0.039951,57.22,0.2083,6,0.2,impressions,1.0,1200000,0.95,1.0,16000,0.95,333.54,4169.24,1.014
8,2025-07-21,Alberta,Beauty,Email,CAD,67796,1227233,1692.12,0.001379,0.047708,0.039241,62.72,0.2362,6,0.2,impressions,1.0,1200000,0.95,1.0,16000,0.95,338.42,4230.31,1.016
9,2025-07-28,Alberta,Beauty,Email,CAD,72433,1119243,1764.68,0.001577,0.047324,0.043475,58.64,0.1983,6,0.2,impressions,1.0,1200000,0.95,1.0,16000,0.95,352.94,4411.71,1.028
10,2025-08-04,Alberta,Beauty,Email,CAD,75248,979467,1520.71,0.001553,0.04787,0.037143,59.7,0.2083,6,0.2,impressions,1.0,1200000,0.95,1.0,16000,0.95,304.14,3801.79,1.045
11,2025-08-11,Alberta,Beauty,Email,CAD,69669,1089822,1531.13,0.001405,0.047839,0.041881,59.03,0.2308,6,0.2,impressions,1.0,1200000,0.95,1.0,16000,0.95,306.23,3827.83,0.924
12,2025-08-18,Alberta,Beauty,Email,CAD,79016,1329396,1824.65,0.001373,0.045425,0.042703,57.69,0.2085,6,0.2,impressions,1.0,1200000,0.95,1.0,16000,0.95,364.93,4561.63,0.949
13,2025-08-25,Alberta,Beauty,Email,CAD,78504,1027874,1530.87,0.001489,0.050435,0.036723,58.07,0.2073,6,0.2,impressions,1.0,1200000,0.95,1.0,16000,0.95,306.17,3827.17,1.049
1,2025-06-02,Alberta,Beauty,Online Video,CAD,76274,2502273,16747.63,0.006693,0.002949,0.008314,60.03,0.2363,3,0.7,impressions,1.0,5600000,1.15,1.0,44000,1.1,5024.29,28470.98,0.97
2,2025-06-09,Alberta,Beauty,Online Video,CAD,72362,2093623,15023.13,0.007176,0.003116,0.008705,58.46,0.2097,3,0.7,impressions,1.0,5600000,1.15,1.0,44000,1.1,4506.94,25539.33,1.024
3,2025-06-16,Alberta,Beauty,Online Video,CAD,79281,2297781,17668.61,0.007689,0.003173,0.009559,57.53,0.2197,3,0.7,impressions,1.0,5600000,1.15,1.0,44000,1.1,5300.58,30036.63,0.953
4,2025-06-23,Alberta,Beauty,Online Video,CAD,65389,3131140,24039.32,0.007677,0.002742,0.008665,62.4,0.2154,3,0.7,impressions,1.0,5600000,1.15,1.0,44000,1.1,7211.8,40866.85,0.963
5,2025-06-30,Alberta,Beauty,Online Video,CAD,67224,2511776,16521.83,0.006578,0.003136,0.008499,62.17,0.2251,3,0.7,impressions,1.0,5600000,1.15,1.0,44000,1.1,4956.55,28087.11,0.971
6,2025-07-07,Alberta,Beauty,Online Video,CAD,69078,2414023,16071.15,0.006657,0.002887,0.009684,59.12,0.2043,3,0.7,impressions,1.0,5600000,1.15,1.0,44000,1.1,4821.35,27320.96,0.914
7,2025-07-14,Alberta,Beauty,Online Video,CAD,66587,2090245,13688.29,0.006549,0.002961,0.008805,57.8,0.2374,3,0.7,impressions,1.0,5600000,1.15,1.0,44000,1.1,4106.49,23270.09,0.949
8,2025-07-21,Alberta,Beauty,Online Video,CAD,76992,2791964,20778.97,0.007442,0.003272,0.008254,62.35,0.2146,3,0.7,impressions,1.0,5600000,1.15,1.0,44000,1.1,6233.69,35324.25,1.041
9,2025-07-28,Alberta,Beauty,Online Video,CAD,75831,2292910,15306.9,0.006676,0.003168,0.009595,61.12,0.2039,3,0.7,impressions,1.0,5600000,1.15,1.0,44000,1.1,4592.07,26021.73,0.932
10,2025-08-04,Alberta,Beauty,Online Video,CAD,67934,2401710,16544.96,0.006889,0.002746,0.008451,62.33,0.2214,3,0.7,impressions,1.0,5600000,1.15,1.0,44000,1.1,4963.49,28126.43,0.921
11,2025-08-11,Alberta,Beauty,Online Video,CAD,64883,2296602,16230.87,0.007067,0.002844,0.008665,62.29,0.2167,3,0.7,impressions,1.0,5600000,1.15,1.0,44000,1.1,4869.26,27592.49,0.907
12,2025-08-18,Alberta,Beauty,Online Video,CAD,66398,2937982,20509.08,0.006981,0.00275,0.009358,58.16,0.2241,3,0.7,impressions,1.0,5600000,1.15,1.0,44000,1.1,6152.72,34865.43,1.028
13,2025-08-25,Alberta,Beauty,Online Video,CAD,72753,2476427,17985.01,0.007262,0.00316,0.008616,58.2,0.2313,3,0.7,impressions,1.0,5600000,1.15,1.0,44000,1.1,5395.5,30574.52,0.949
1,2025-06-02,Alberta,Sporting Goods,Paid Search,CAD,77804,2984503,32241.51,0.010803,0.034294,0.052251,142.11,0.2544,4,0.3,impressions,1.0,4000000,1.1,1.0,48000,1.05,16120.75,48362.26,1.033
2,2025-06-09,Alberta,Sporting Goods,Paid Search,CAD,76819,3313369,43184.4,0.013033,0.032013,0.056761,134.04,0.2753,4,0.3,impressions,1.0,4000000,1.1,1.0,48000,1.05,21592.2,64776.59,0.945
3,2025-06-16,Alberta,Sporting Goods,Paid Search,CAD,81523,3234525,42356.06,0.013095,0.032641,0.058127,143.75,0.3059,4,0.3,impressions,1.0,4000000,1.1,1.0,48000,1.05,21178.03,63534.1,1.038
4,2025-06-23,Alberta,Sporting Goods,Paid Search,CAD,70528,4046181,51618.57,0.012757,0.037862,0.051277,135.75,0.2535,4,0.3,impressions,1.0,4000000,1.1,1.0,48000,1.05,25809.29,77427.86,0.909
5,2025-06-30,Alberta,Sporting Goods,Paid Search,CAD,68109,3012601,39056.41,0.012964,0.038362,0.056831,146.99,0.274,4,0.3,impressions,1.0,4000000,1.1,1.0,48000,1.05,19528.21,58584.62,1.003
6,2025-07-07,Alberta,Sporting Goods,Paid Search,CAD,80370,2905210,34076.38,0.011729,0.035743,0.054697,135.36,0.2767,4,0.3,impressions,1.0,4000000,1.1,1.0,48000,1.05,17038.19,51114.58,0.909
7,2025-07-14,Alberta,Sporting Goods,Paid Search,CAD,81292,3187952,40359.32,0.01266,0.034165,0.050602,137.38,0.2583,4,0.3,impressions,1.0,4000000,1.1,1.0,48000,1.05,20179.66,60538.98,1.082
8,2025-07-21,Alberta,Sporting Goods,Paid Search,CAD,79168,3813269,41460.46,0.010873,0.033248,0.057416,134.85,0.28,4,0.3,impressions,1.0,4000000,1.1,1.0,48000,1.05,20730.23,62190.69,1.086
9,2025-07-28,Alberta,Sporting Goods,Paid Search,CAD,76269,3416297,40499.96,0.011855,0.03153,0.052062,140.88,0.3033,4,0.3,impressions,1.0,4000000,1.1,1.0,48000,1.05,20249.98,60749.93,0.951
10,2025-08-04,Alberta,Sporting Goods,Paid Search,CAD,72136,2907208,38132.14,0.013116,0.036983,0.051729,133.08,0.2839,4,0.3,impressions,1.0,4000000,1.1,1.0,48000,1.05,19066.07,57198.21,1.027
11,2025-08-11,Alberta,Sporting Goods,Paid Search,CAD,67680,3365117,41135.14,0.012224,0.036327,0.058141,136.52,0.3018,4,0.3,impressions,1.0,4000000,1.1,1.0,48000,1.05,20567.57,61702.72,1.065
12,2025-08-18,Alberta,Sporting Goods,Paid Search,CAD,74606,4173883,47900.87,0.011476,0.038309,0.056509,141.49,0.2712,4,0.3,impressions,1.0,4000000,1.1,1.0,48000,1.05,23950.43,71851.3,1.086
13,2025-08-25,Alberta,Sporting Goods,Paid Search,CAD,65015,3099429,38867.66,0.01254,0.035825,0.051854,137.21,0.2673,4,0.3,impressions,1.0,4000000,1.1,1.0,48000,1.05,19433.83,58301.49,1.094
1,2025-06-02,Alberta,Sporting Goods,Display,CAD,82272,4159916,15833.81,0.003806,0.004026,0.012656,143.45,0.2838,5,0.5,impressions,1.0,10000000,1.05,1.0,36000,1.05,6333.52,25334.1,0.999
2,2025-06-09,Alberta,Sporting Goods,Display,CAD,81002,4255049,16344.34,0.003841,0.004126,0.010837,145.44,0.2945,5,0.5,impressions,1.0,10000000,1.05,1.0,36000,1.05,6537.74,26150.95,0.997
3,2025-06-16,Alberta,Sporting Goods,Display,CAD,66803,4617952,18915.28,0.004096,0.004053,0.011717,137.47,0.2736,5,0.5,impressions,1.0,10000000,1.05,1.0,36000,1.05,7566.11,30264.45,0.921
4,2025-06-23,Alberta,Sporting Goods,Display,CAD,78318,5465565,21417.27,0.003919,0.003635,0.011568,134.32,0.2828,5,0.5,impressions,1.0,10000000,1.05,1.0,36000,1.05,8566.91,34267.64,1.095
5,2025-06-30,Alberta,Sporting Goods,Display,CAD,69360,3938385,14457.1,0.003671,0.004095,0.011068,143.89,0.2884,5,0.5,impressions,1.0,10000000,1.05,1.0,36000,1.05,5782.84,23131.36,1.05
6,2025-07-07,Alberta,Sporting Goods,Display,CAD,78060,4549461,17142.4,0.003768,0.004053,0.012204,141.81,0.2952,5,0.5,impressions,1.0,10000000,1.05,1.0,36000,1.05,6856.96,27427.84,1.015
7,2025-07-14,Alberta,Sporting Goods,Display,CAD,82621,4303680,16274.45,0.003782,0.004139,0.011964,145.35,0.2818,5,0.5,impressions,1.0,10000000,1.05,1.0,36000,1.05,6509.78,26039.11,1.097
8,2025-07-21,Alberta,Sporting Goods,Display,CAD,66317,5912813,23160.0,0.003917,0.004069,0.010881,146.12,0.2681,5,0.5,impressions,1.0,10000000,1.05,1.0,36000,1.05,9264.0,37056.01,1.014
9,2025-07-28,Alberta,Sporting Goods,Display,CAD,77782,4126043,17984.95,0.004359,0.004012,0.011413,141.67,0.2649,5,0.5,impressions,1.0,10000000,1.05,1.0,36000,1.05,7193.98,28775.92,0.96
10,2025-08-04,Alberta,Sporting Goods,Display,CAD,82785,4055306,15457.22,0.003812,0.004304,0.011198,135.03,0.2578,5,0.5,impressions,1.0,10000000,1.05,1.0,36000,1.05,6182.89,24731.55,0.919
11,2025-08-11,Alberta,Sporting Goods,Display,CAD,76533,3808895,15598.58,0.004095,0.00377,0.011452,143.43,0.2941,5,0.5,impressions,1.0,10000000,1.05,1.0,36000,1.05,6239.43,24957.73,1.026
12,2025-08-18,Alberta,Sporting Goods,Display,CAD,72713,5171814,21917.92,0.004238,0.004014,0.01171,137.81,0.2649,5,0.5,impressions,1.0,10000000,1.05,1.0,36000,1.05,8767.17,35068.67,0.943
13,2025-08-25,Alberta,Sporting Goods,Display,CAD,71407,4433543,18072.75,0.004076,0.004086,0.012922,139.25,0.2966,5,0.5,impressions,1.0,10000000,1.05,1.0,36000,1.05,7229.1,28916.41,1.021
1,2025-06-02,Alberta,Sporting Goods,Social,CAD,67834,3228457,9426.33,0.00292,0.008368,0.015185,134.48,0.3073,2,0.6,impressions,1.0,7200000,1.1,1.0,32000,1.08,3770.53,15082.13,0.996
2,2025-06-09,Alberta,Sporting Goods,Social,CAD,65055,3762892,11895.09,0.003161,0.008584,0.015539,142.46,0.2878,2,0.6,impressions,1.0,7200000,1.1,1.0,32000,1.08,4758.04,19032.15,1.086
3,2025-06-16,Alberta,Sporting Goods,Social,CAD,70473,3392737,10775.85,0.003176,0.008527,0.017401,145.3,0.2634,2,0.6,impressions,1.0,7200000,1.1,1.0,32000,1.08,4310.34,17241.36,0.922
4,2025-06-23,Alberta,Sporting Goods,Social,CAD,79656,4716654,12883.57,0.002732,0.008367,0.014836,143.86,0.3027,2,0.6,impressions,1.0,7200000,1.1,1.0,32000,1.08,5153.43,20613.71,1.019
5,2025-06-30,Alberta,Sporting Goods,Social,CAD,75251,3619538,11919.12,0.003293,0.00862,0.015989,134.45,0.2973,2,0.6,impressions,1.0,7200000,1.1,1.0,32000,1.08,4767.65,19070.58,1.045
6,2025-07-07,Alberta,Sporting Goods,Social,CAD,69549,3260817,9147.34,0.002805,0.008544,0.017161,135.76,0.2529,2,0.6,impressions,1.0,7200000,1.1,1.0,32000,1.08,3658.93,14635.74,1.044
7,2025-07-14,Alberta,Sporting Goods,Social,CAD,78446,3714697,11114.08,0.002992,0.007961,0.016825,140.78,0.2582,2,0.6,impressions,1.0,7200000,1.1,1.0,32000,1.08,4445.63,17782.53,0.962
8,2025-07-21,Alberta,Sporting Goods,Social,CAD,67893,4245984,13537.49,0.003188,0.007726,0.015103,143.46,0.2861,2,0.6,impressions,1.0,7200000,1.1,1.0,32000,1.08,5414.99,21659.98,0.91
9,2025-07-28,Alberta,Sporting Goods,Social,CAD,75493,3481241,9609.34,0.00276,0.007273,0.014999,140.79,0.2721,2,0.6,impressions,1.0,7200000,1.1,1.0,32000,1.08,3843.73,15374.94,1.032
10,2025-08-04,Alberta,Sporting Goods,Social,CAD,80984,3180014,10130.81,0.003186,0.008237,0.015235,145.85,0.2697,2,0.6,impressions,1.0,7200000,1.1,1.0,32000,1.08,4052.33,16209.3,1.085
11,2025-08-11,Alberta,Sporting Goods,Social,CAD,80300,3320587,10592.15,0.00319,0.007282,0.014416,137.22,0.3032,2,0.6,impressions,1.0,7200000,1.1,1.0,32000,1.08,4236.86,16947.44,0.914
12,2025-08-18,Alberta,Sporting Goods,Social,CAD,66554,4137549,11745.33,0.002839,0.007617,0.017514,134.86,0.3,2,0.6,impressions,1.0,7200000,1.1,1.0,32000,1.08,4698.13,18792.54,0.965
13,2025-08-25,Alberta,Sporting Goods,Social,CAD,80044,3420618,11044.3,0.003229,0.008217,0.016674,140.57,0.274,2,0.6,impressions,1.0,7200000,1.1,1.0,32000,1.08,4417.72,17670.88,1.045
1,2025-06-02,Alberta,Sporting Goods,Affiliate,CAD,65760,1805842,10401.76,0.00576,0.01946,0.032784,140.42,0.2874,4,0.4,impressions,1.0,2400000,1.0,1.0,24000,1.0,3120.53,18723.17,1.074
2,2025-06-09,Alberta,Sporting Goods,Affiliate,CAD,73250,1980159,12011.44,0.006066,0.018128,0.030425,143.57,0.2601,4,0.4,impressions,1.0,2400000,1.0,1.0,24000,1.0,3603.43,21620.59,1.079
3,2025-06-16,Alberta,Sporting Goods,Affiliate,CAD,71166,1968626,11465.09,0.005824,0.018071,0.032658,146.54,0.301,4,0.4,impressions,1.0,2400000,1.0,1.0,24000,1.0,3439.53,20637.16,0.975
4,2025-06-23,Alberta,Sporting Goods,Affiliate,CAD,66417,2228885,13110.09,0.005882,0.018982,0.030484,141.9,0.2931,4,0.4,impressions,1.0,2400000,1.0,1.0,24000,1.0,3933.03,23598.16,0.919
5,2025-06-30,Alberta,Sporting Goods,Affiliate,CAD,82739,1929557,12280.43,0.006364,0.017035,0.029562,137.92,0.253,4,0.4,impressions,1.0,2400000,1.0,1.0,24000,1.0,3684.13,22104.78,0.97
6,2025-07-07,Alberta,Sporting Goods,Affiliate,CAD,80344,2038655,11432.21,0.005608,0.019661,0.027608,143.14,0.2801,4,0.4,impressions,1.0,2400000,1.0,1.0,24000,1.0,3429.66,20577.97,0.95
7,2025-07-14,Alberta,Sporting Goods,Affiliate,CAD,82059,1964724,12640.72,0.006434,0.018658,0.030646,139.02,0.2549,4,0.4,impressions,1.0,2400000,1.0,1.0,24000,1.0,3792.22,22753.3,0.903
8,2025-07-21,Alberta,Sporting Goods,Affiliate,CAD,65635,2537209,16032.64,0.006319,0.017065,0.028896,137.53,0.2654,4,0.4,impressions,1.0,2400000,1.0,1.0,24000,1.0,4809.79,28858.75,0.934
9,2025-07-28,Alberta,Sporting Goods,Affiliate,CAD,72249,2051382,11932.07,0.005817,0.017669,0.029134,134.52,0.2722,4,0.4,impressions,1.0,2400000,1.0,1.0,24000,1.0,3579.62,21477.72,1.017
10,2025-08-04,Alberta,Sporting Goods,Affiliate,CAD,77539,2082240,13442.83,0.006456,0.016789,0.027418,137.64,0.2716,4,0.4,impressions,1.0,2400000,1.0,1.0,24000,1.0,4032.85,24197.1,1.051
11,2025-08-11,Alberta,Sporting Goods,Affiliate,CAD,72169,2053706,13450.94,0.00655,0.018655,0.027635,145.73,0.2652,4,0.4,impressions,1.0,2400000,1.0,1.0,24000,1.0,4035.28,24211.7,1.037
12,2025-08-18,Alberta,Sporting Goods,Affiliate,CAD,76823,2440575,13549.92,0.005552,0.016796,0.030231,140.51,0.2656,4,0.4,impressions,1.0,2400000,1.0,1.0,24000,1.0,4064.98,24389.86,1.075
13,2025-08-25,Alberta,Sporting Goods,Affiliate,CAD,76730,2076247,12183.51,0.005868,0.016795,0.03236,144.81,0.2807,4,0.4,impressions,1.0,2400000,1.0,1.0,24000,1.0,3655.05,21930.32,1.002
1,2025-06-02,Alberta,Sporting Goods,Email,CAD,82618,1115037,1773.21,0.00159,0.048125,0.043751,138.34,0.2613,6,0.2,impressions,1.0,1200000,0.95,1.0,16000,0.95,354.64,4433.02,0.956
2,2025-06-09,Alberta,Sporting Goods,Email,CAD,76381,1014738,1659.77,0.001636,0.054159,0.037003,143.43,0.2714,6,0.2,impressions,1.0,1200000,0.95,1.0,16000,0.95,331.95,4149.42,1.019
3,2025-06-16,Alberta,Sporting Goods,Email,CAD,79936,1129853,1708.46,0.001512,0.054189,0.04213,145.99,0.2852,6,0.2,impressions,1.0,1200000,0.95,1.0,16000,0.95,341.69,4271.15,1.084
4,2025-06-23,Alberta,Sporting Goods,Email,CAD,70531,1434711,2138.46,0.001491,0.045676,0.040671,139.87,0.2778,6,0.2,impressions,1.0,1200000,0.95,1.0,16000,0.95,427.69,5346.16,0.993
5,2025-06-30,Alberta,Sporting Goods,Email,CAD,65587,1061920,1643.99,0.001548,0.047007,0.038014,134.64,0.2625,6,0.2,impressions,1.0,1200000,0.95,1.0,16000,0.95,328.8,4109.96,0.925
6,2025-07-07,Alberta,Sporting Goods,Email,CAD,75245,955857,1390.13,0.001454,0.053634,0.042769,137.87,0.3044,6,0.2,impressions,1.0,1200000,0.95,1.0,16000,0.95,278.03,3475.34,1.019
7,2025-07-14,Alberta,Sporting Goods,Email,CAD,80834,1154687,1682.09,0.001457,0.052879,0.043614,139.13,0.2896,6,0.2,impressions,1.0,1200000,0.95,1.0,16000,0.95,336.42,4205.22,1.033
8,2025-07-21,Alberta,Sporting Goods,Email,CAD,80740,1379076,2017.78,0.001463,0.053567,0.036682,133.18,0.2619,6,0.2,impressions,1.0,1200000,0.95,1.0,16000,0.95,403.56,5044.45,1.027
9,2025-07-28,Alberta,Sporting Goods,Email,CAD,75266,1019287,1579.34,0.001549,0.051641,0.036831,139.36,0.2885,6,0.2,impressions,1.0,1200000,0.95,1.0,16000,0.95,315.87,3948.36,0.985
10,2025-08-04,Alberta,Sporting Goods,Email,CAD,81159,1099593,1615.02,0.001469,0.050586,0.037177,138.24,0.2932,6,0.2,impressions,1.0,1200000,0.95,1.0,16000,0.95,323.0,4037.56,1.026
11,2025-08-11,Alberta,Sporting Goods,Email,CAD,68006,978390,1466.7,0.001499,0.048145,0.042266,135.71,0.2939,6,0.2,impressions,1.0,1200000,0.95,1.0,16000,0.95,293.34,3666.76,1.052
12,2025-08-18,Alberta,Sporting Goods,Email,CAD,77554,1433770,2061.76,0.001438,0.052701,0.042326,145.13,0.2925,6,0.2,impressions,1.0,1200000,0.95,1.0,16000,0.95,412.35,5154.39,1.016
13,2025-08-25,Alberta,Sporting Goods,Email,CAD,74869,1066656,1660.93,0.001557,0.046094,0.041687,137.37,0.2932,6,0.2,impressions,1.0,1200000,0.95,1.0,16000,0.95,332.19,4152.33,0.974
1,2025-06-02,Alberta,Sporting Goods,Online Video,CAD,68592,2515435,18554.76,0.007376,0.00277,0.00849,136.8,0.2521,3,0.7,impressions,1.0,5600000,1.15,1.0,44000,1.1,5566.43,31543.1,1.031
2,2025-06-09,Alberta,Sporting Goods,Online Video,CAD,71346,2314496,17170.42,0.007419,0.003256,0.009179,146.67,0.3002,3,0.7,impressions,1.0,5600000,1.15,1.0,44000,1.1,5151.13,29189.71,0.996
3,2025-06-16,Alberta,Sporting Goods,Online Video,CAD,64860,2201668,16477.72,0.007484,0.003205,0.009636,141.36,0.2787,3,0.7,impressions,1.0,5600000,1.15,1.0,44000,1.1,4943.32,28012.12,1.053
4,2025-06-23,Alberta,Sporting Goods,Online Video,CAD,81705,2621593,19611.81,0.007481,0.002866,0.008693,133.73,0.3039,3,0.7,impressions,1.0,5600000,1.15,1.0,44000,1.1,5883.54,33340.07,0.991
5,2025-06-30,Alberta,Sporting Goods,Online Video,CAD,69132,2507356,18941.07,0.007554,0.002761,0.009313,139.13,0.2907,3,0.7,impressions,1.0,5600000,1.15,1.0,44000,1.1,5682.32,32199.81,1.064
6,2025-07-07,Alberta,Sporting Goods,Online Video,CAD,72815,2198053,14714.8,0.006694,0.002877,0.008867,139.24,0.2523,3,0.7,impressions,1.0,5600000,1.15,1.0,44000,1.1,4414.44,25015.17,1.026
7,2025-07-14,Alberta,Sporting Goods,Online Video,CAD,74781,2158450,14483.73,0.00671,0.003082,0.009151,146.26,0.274,3,0.7,impressions,1.0,5600000,1.15,1.0,44000,1.1,4345.12,24622.34,1.05
8,2025-07-21,Alberta,Sporting Goods,Online Video,CAD,66411,3162956,23579.74,0.007455,0.002707,0.008597,140.1,0.2749,3,0.7,impressions,1.0,5600000,1.15,1.0,44000,1.1,7073.92,40085.56,1.023
9,2025-07-28,Alberta,Sporting Goods,Online Video,CAD,82023,2330213,15377.64,0.006599,0.002905,0.008227,141.79,0.2536,3,0.7,impressions,1.0,5600000,1.15,1.0,44000,1.1,4613.29,26141.99,1.059
10,2025-08-04,Alberta,Sporting Goods,Online Video,CAD,72190,2512163,17462.27,0.006951,0.002907,0.008349,138.5,0.3064,3,0.7,impressions,1.0,5600000,1.15,1.0,44000,1.1,5238.68,29685.86,0.93
11,2025-08-11,Alberta,Sporting Goods,Online Video,CAD,68123,2471900,17342.32,0.007016,0.003246,0.009528,138.11,0.2771,3,0.7,impressions,1.0,5600000,1.15,1.0,44000,1.1,5202.69,29481.94,1.061
12,2025-08-18,Alberta,Sporting Goods,Online Video,CAD,69200,2946679,20627.98,0.007,0.002711,0.009757,136.17,0.2522,3,0.7,impressions,1.0,5600000,1.15,1.0,44000,1.1,6188.39,35067.56,1.026
13,2025-08-25,Alberta,Sporting Goods,Online Video,CAD,75413,2268797,15897.62,0.007007,0.002869,0.008258,140.9,0.2773,3,0.7,impressions,1.0,5600000,1.15,1.0,44000,1.1,4769.29,27025.96,1.005
1,2025-06-02,Prairies,Electronics,Paid Search,CAD,59377,2576933,28707.8,0.01114,0.032428,0.051668,254.83,0.4526,4,0.3,impressions,1.0,3300000,1.1,1.0,39600,1.05,14353.9,43061.7,0.965
2,2025-06-09,Prairies,Electronics,Paid Search,CAD,58833,2814573,35425.82,0.012587,0.035477,0.050318,254.88,0.4772,4,0.3,impressions,1.0,3300000,1.1,1.0,39600,1.05,17712.91,53138.73,1.069
3,2025-06-16,Prairies,Electronics,Paid Search,CAD,60291,2543847,33238.72,0.013066,0.03392,0.053277,260.36,0.4544,4,0.3,impressions,1.0,3300000,1.1,1.0,39600,1.05,16619.36,49858.09,0.965
4,2025-06-23,Prairies,Electronics,Paid Search,CAD,61172,3190161,34780.07,0.010902,0.032575,0.056534,246.98,0.4777,4,0.3,impressions,1.0,3300000,1.1,1.0,39600,1.05,17390.03,52170.1,1.091
5,2025-06-30,Prairies,Electronics,Paid Search,CAD,54090,2609839,31510.76,0.012074,0.037211,0.060364,251.73,0.4803,4,0.3,impressions,1.0,3300000,1.1,1.0,39600,1.05,15755.38,47266.14,1.023
6,2025-07-07,Prairies,Electronics,Paid Search,CAD,50421,2603378,32291.47,0.012404,0.036104,0.05776,256.14,0.4657,4,0.3,impressions,1.0,3300000,1.1,1.0,39600,1.05,16145.74,48437.21,1.057
7,2025-07-14,Prairies,Electronics,Paid Search,CAD,49361,2672390,34175.33,0.012788,0.031715,0.060418,254.27,0.492,4,0.3,impressions,1.0,3300000,1.1,1.0,39600,1.05,17087.66,51262.99,1.012
8,2025-07-21,Prairies,Electronics,Paid Search,CAD,52676,3309555,39393.65,0.011903,0.03344,0.053564,256.87,0.4503,4,0.3,impressions,1.0,3300000,1.1,1.0,39600,1.05,19696.82,59090.47,1.008
9,2025-07-28,Prairies,Electronics,Paid Search,CAD,57220,2531886,31945.87,0.012617,0.033239,0.052371,246.06,0.4096,4,0.3,impressions,1.0,3300000,1.1,1.0,39600,1.05,15972.94,47918.81,1.063
10,2025-08-04,Prairies,Electronics,Paid Search,CAD,55483,2680344,31706.44,0.011829,0.038234,0.057708,244.98,0.4167,4,0.3,impressions,1.0,3300000,1.1,1.0,39600,1.05,15853.22,47559.66,1.036
11,2025-08-11,Prairies,Electronics,Paid Search,CAD,49293,2670300,30711.2,0.011501,0.03316,0.05306,257.44,0.4204,4,0.3,impressions,1.0,3300000,1.1,1.0,39600,1.05,15355.6,46066.8,1.01
12,2025-08-18,Prairies,Electronics,Paid Search,CAD,51646,3543560,39231.68,0.011071,0.031947,0.051435,246.17,0.4359,4,0.3,impressions,1.0,3300000,1.1,1.0,39600,1.05,19615.84,58847.51,0.917
13,2025-08-25,Prairies,Electronics,Paid Search,CAD,55692,2533912,29159.19,0.011508,0.035725,0.057062,252.57,0.4748,4,0.3,impressions,1.0,3300000,1.1,1.0,39600,1.05,14579.59,43738.78,0.929
1,2025-06-02,Prairies,Electronics,Display,CAD,56501,3643869,13991.67,0.00384,0.003619,0.013155,244.47,0.4926,5,0.5,impressions,1.0,8250000,1.05,1.0,29700,1.05,5596.67,22386.68,1.04
2,2025-06-09,Prairies,Electronics,Display,CAD,54170,3185504,11639.04,0.003654,0.004168,0.012632,247.82,0.4316,5,0.5,impressions,1.0,8250000,1.05,1.0,29700,1.05,4655.62,18622.46,1.023
3,2025-06-16,Prairies,Electronics,Display,CAD,61635,3687776,15161.69,0.004111,0.003743,0.011532,251.98,0.4832,5,0.5,impressions,1.0,8250000,1.05,1.0,29700,1.05,6064.68,24258.7,1.019
4,2025-06-23,Prairies,Electronics,Display,CAD,60442,4234025,18087.73,0.004272,0.004159,0.012865,255.47,0.45,5,0.5,impressions,1.0,8250000,1.05,1.0,29700,1.05,7235.09,28940.37,1.055
5,2025-06-30,Prairies,Electronics,Display,CAD,52446,3758626,14477.66,0.003852,0.00427,0.011138,248.12,0.4805,5,0.5,impressions,1.0,8250000,1.05,1.0,29700,1.05,5791.07,23164.26,1.037
6,2025-07-07,Prairies,Electronics,Display,CAD,55724,3371392,13449.61,0.003989,0.003662,0.011783,256.64,0.4853,5,0.5,impressions,1.0,8250000,1.05,1.0,29700,1.05,5379.85,21519.38,1.029
7,2025-07-14,Prairies,Electronics,Display,CAD,55545,3297206,14180.03,0.004301,0.003863,0.013165,244.91,0.4507,5,0.5,impressions,1.0,8250000,1.05,1.0,29700,1.05,5672.01,22688.05,1.037
8,2025-07-21,Prairies,Electronics,Display,CAD,59291,4729252,19271.69,0.004075,0.003668,0.012888,262.24,0.4073,5,0.5,impressions,1.0,8250000,1.05,1.0,29700,1.05,7708.67,30834.7,0.927
9,2025-07-28,Prairies,Electronics,Display,CAD,54987,3201377,12852.77,0.004015,0.003868,0.012924,247.53,0.4865,5,0.5,impressions,1.0,8250000,1.05,1.0,29700,1.05,5141.11,20564.43,1.03
10,2025-08-04,Prairies,Electronics,Display,CAD,52057,3613362,14636.47,0.004051,0.004087,0.011434,255.21,0.4576,5,0.5,impressions,1.0,8250000,1.05,1.0,29700,1.05,5854.59,23418.35,1.067
11,2025-08-11,Prairies,Electronics,Display,CAD,51883,3523557,12750.44,0.003619,0.00396,0.013169,247.01,0.4212,5,0.5,impressions,1.0,8250000,1.05,1.0,29700,1.05,5100.18,20400.71,1.047
12,2025-08-18,Prairies,Electronics,Display,CAD,51583,4377173,16320.47,0.003729,0.004305,0.011306,259.38,0.4375,5,0.5,impressions,1.0,8250000,1.05,1.0,29700,1.05,6528.19,26112.76,0.985
13,2025-08-25,Prairies,Electronics,Display,CAD,52103,3488699,13951.66,0.003999,0.003785,0.012398,257.2,0.4331,5,0.5,impressions,1.0,8250000,1.05,1.0,29700,1.05,5580.66,22322.66,1.087
1,2025-06-02,Prairies,Electronics,Social,CAD,53151,2919055,8359.18,0.002864,0.008035,0.014955,239.57,0.4075,2,0.6,impressions,1.0,5940000,1.1,1.0,26400,1.08,3343.67,13374.69,1.093
2,2025-06-09,Prairies,Electronics,Social,CAD,57113,3079736,8899.15,0.00289,0.007474,0.016941,243.09,0.4923,2,0.6,impressions,1.0,5940000,1.1,1.0,26400,1.08,3559.66,14238.64,1.039
3,2025-06-16,Prairies,Electronics,Social,CAD,58700,2995534,8271.09,0.002761,0.008786,0.016298,239.12,0.465,2,0.6,impressions,1.0,5940000,1.1,1.0,26400,1.08,3308.44,13233.74,0.922
4,2025-06-23,Prairies,Electronics,Social,CAD,56205,3742267,11562.61,0.00309,0.008712,0.016164,238.37,0.4915,2,0.6,impressions,1.0,5940000,1.1,1.0,26400,1.08,4625.04,18500.17,1.089
5,2025-06-30,Prairies,Electronics,Social,CAD,54175,2752900,8970.76,0.003259,0.008687,0.015105,255.92,0.4067,2,0.6,impressions,1.0,5940000,1.1,1.0,26400,1.08,3588.31,14353.22,1.017
6,2025-07-07,Prairies,Electronics,Social,CAD,59575,3148571,10081.79,0.003202,0.008322,0.015073,258.64,0.4621,2,0.6,impressions,1.0,5940000,1.1,1.0,26400,1.08,4032.72,16130.86,0.944
7,2025-07-14,Prairies,Electronics,Social,CAD,59047,2916874,8116.39,0.002783,0.008478,0.01745,261.97,0.4072,2,0.6,impressions,1.0,5940000,1.1,1.0,26400,1.08,3246.56,12986.22,1.058
8,2025-07-21,Prairies,Electronics,Social,CAD,60025,3766730,11641.38,0.003091,0.008375,0.016094,255.0,0.4495,2,0.6,impressions,1.0,5940000,1.1,1.0,26400,1.08,4656.55,18626.2,0.963
9,2025-07-28,Prairies,Electronics,Social,CAD,48917,2735687,8514.72,0.003112,0.008037,0.014427,242.38,0.4483,2,0.6,impressions,1.0,5940000,1.1,1.0,26400,1.08,3405.89,13623.55,0.997
10,2025-08-04,Prairies,Electronics,Social,CAD,58548,3131409,8847.12,0.002825,0.00788,0.01576,261.18,0.4053,2,0.6,impressions,1.0,5940000,1.1,1.0,26400,1.08,3538.85,14155.39,0.934
11,2025-08-11,Prairies,Electronics,Social,CAD,59430,2885532,8905.38,0.003086,0.007956,0.017564,240.68,0.4462,2,0.6,impressions,1.0,5940000,1.1,1.0,26400,1.08,3562.15,14248.61,1.083
12,2025-08-18,Prairies,Electronics,Social,CAD,54351,3976771,11449.37,0.002879,0.007332,0.015405,262.4,0.4553,2,0.6,impressions,1.0,5940000,1.1,1.0,26400,1.08,4579.75,18319.0,1.045
13,2025-08-25,Prairies,Electronics,Social,CAD,54069,3016445,8968.16,0.002973,0.007659,0.017318,257.59,0.428,2,0.6,impressions,1.0,5940000,1.1,1.0,26400,1.08,3587.26,14349.05,0.906
1,2025-06-02,Prairies,Electronics,Affiliate,CAD,54549,1546961,8635.31,0.005582,0.017687,0.0303,242.1,0.4468,4,0.4,impressions,1.0,1980000,1.0,1.0,19800,1.0,2590.59,15543.56,0.992
2,2025-06-09,Prairies,Electronics,Affiliate,CAD,61671,1571174,10083.48,0.006418,0.016704,0.028087,241.57,0.4649,4,0.4,impressions,1.0,1980000,1.0,1.0,19800,1.0,3025.04,18150.26,0.913
3,2025-06-16,Prairies,Electronics,Affiliate,CAD,53493,1537846,8314.25,0.005406,0.019189,0.029949,244.09,0.4417,4,0.4,impressions,1.0,1980000,1.0,1.0,19800,1.0,2494.27,14965.64,1.083
4,2025-06-23,Prairies,Electronics,Affiliate,CAD,55114,2115766,13357.59,0.006313,0.017499,0.029513,257.35,0.4126,4,0.4,impressions,1.0,1980000,1.0,1.0,19800,1.0,4007.28,24043.66,0.927
5,2025-06-30,Prairies,Electronics,Affiliate,CAD,58486,1622863,9465.0,0.005832,0.017153,0.02727,243.89,0.4394,4,0.4,impressions,1.0,1980000,1.0,1.0,19800,1.0,2839.5,17037.0,1.021
6,2025-07-07,Prairies,Electronics,Affiliate,CAD,55381,1517681,9786.9,0.006449,0.018642,0.032194,259.02,0.4188,4,0.4,impressions,1.0,1980000,1.0,1.0,19800,1.0,2936.07,17616.42,0.972
7,2025-07-14,Prairies,Electronics,Affiliate,CAD,58312,1439524,9458.41,0.006571,0.016674,0.028727,246.17,0.4427,4,0.4,impressions,1.0,1980000,1.0,1.0,19800,1.0,2837.52,17025.14,0.983
8,2025-07-21,Prairies,Electronics,Affiliate,CAD,58300,1995185,12635.35,0.006333,0.016571,0.032811,255.65,0.4912,4,0.4,impressions,1.0,1980000,1.0,1.0,19800,1.0,3790.6,22743.62,0.941
9,2025-07-28,Prairies,Electronics,Affiliate,CAD,55657,1585050,8799.51,0.005552,0.01871,0.027084,248.13,0.4061,4,0.4,impressions,1.0,1980000,1.0,1.0,19800,1.0,2639.85,15839.12,1.024
10,2025-08-04,Prairies,Electronics,Affiliate,CAD,59197,1610094,9879.44,0.006136,0.016561,0.028086,253.95,0.4073,4,0.4,impressions,1.0,1980000,1.0,1.0,19800,1.0,2963.83,17782.99,0.914
11,2025-08-11,Prairies,Electronics,Affiliate,CAD,53063,1724479,11202.9,0.006496,0.017687,0.028959,242.15,0.4337,4,0.4,impressions,1.0,1980000,1.0,1.0,19800,1.0,3360.87,20165.23,1.006
12,2025-08-18,Prairies,Electronics,Affiliate,CAD,55957,1859959,11885.02,0.00639,0.016319,0.032909,253.36,0.4105,4,0.4,impressions,1.0,1980000,1.0,1.0,19800,1.0,3565.51,21393.03,0.957
13,2025-08-25,Prairies,Electronics,Affiliate,CAD,55225,1685800,10799.88,0.006406,0.018442,0.030589,244.53,0.457,4,0.4,impressions,1.0,1980000,1.0,1.0,19800,1.0,3239.96,19439.78,1.066
1,2025-06-02,Prairies,Electronics,Email,CAD,57260,798637,1304.09,0.001633,0.046313,0.041871,245.8,0.438,6,0.2,impressions,1.0,990000,0.95,1.0,13200,0.95,260.82,3260.23,1.01
2,2025-06-09,Prairies,Electronics,Email,CAD,60427,862937,1379.65,0.001599,0.045403,0.042018,260.18,0.4541,6,0.2,impressions,1.0,990000,0.95,1.0,13200,0.95,275.93,3449.13,0.98
3,2025-06-16,Prairies,Electronics,Email,CAD,55096,858696,1255.11,0.001462,0.051554,0.040923,239.67,0.4069,6,0.2,impressions,1.0,990000,0.95,1.0,13200,0.95,251.02,3137.78,1.065
4,2025-06-23,Prairies,Electronics,Email,CAD,52908,1022988,1522.85,0.001489,0.049144,0.038249,243.45,0.4132,6,0.2,impressions,1.0,990000,0.95,1.0,13200,0.95,304.57,3807.12,0.903
5,2025-06-30,Prairies,Electronics,Email,CAD,49410,892539,1267.75,0.00142,0.047202,0.0423,240.27,0.4904,6,0.2,impressions,1.0,990000,0.95,1.0,13200,0.95,253.55,3169.37,0.912
6,2025-07-07,Prairies,Electronics,Email,CAD,54544,883747,1211.19,0.001371,0.051121,0.040321,243.11,0.4886,6,0.2,impressions,1.0,990000,0.95,1.0,13200,0.95,242.24,3027.97,0.95
7,2025-07-14,Prairies,Electronics,Email,CAD,54118,820289,1334.37,0.001627,0.046337,0.039221,238.72,0.4942,6,0.2,impressions,1.0,990000,0.95,1.0,13200,0.95,266.87,3335.93,0.909
8,2025-07-21,Prairies,Electronics,Email,CAD,48937,1161524,1800.38,0.00155,0.050848,0.039868,251.07,0.4408,6,0.2,impressions,1.0,990000,0.95,1.0,13200,0.95,360.08,4500.94,1.008
9,2025-07-28,Prairies,Electronics,Email,CAD,54201,938893,1490.34,0.001587,0.046139,0.039488,241.06,0.4892,6,0.2,impressions,1.0,990000,0.95,1.0,13200,0.95,298.07,3725.85,0.901
10,2025-08-04,Prairies,Electronics,Email,CAD,59373,866197,1214.77,0.001402,0.052897,0.043047,260.4,0.4873,6,0.2,impressions,1.0,990000,0.95,1.0,13200,0.95,242.95,3036.93,0.989
11,2025-08-11,Prairies,Electronics,Email,CAD,60273,885061,1237.17,0.001398,0.05064,0.038559,256.16,0.4051,6,0.2,impressions,1.0,990000,0.95,1.0,13200,0.95,247.43,3092.94,0.944
12,2025-08-18,Prairies,Electronics,Email,CAD,51652,1126898,1604.77,0.001424,0.048329,0.0407,258.69,0.438,6,0.2,impressions,1.0,990000,0.95,1.0,13200,0.95,320.95,4011.93,0.908
13,2025-08-25,Prairies,Electronics,Email,CAD,55154,799845,1192.23,0.001491,0.046737,0.03637,252.17,0.409,6,0.2,impressions,1.0,990000,0.95,1.0,13200,0.95,238.45,2980.58,1.06
1,2025-06-02,Prairies,Electronics,Online Video,CAD,55246,1931399,14567.69,0.007543,0.003077,0.008288,260.44,0.4342,3,0.7,impressions,1.0,4620000,1.15,1.0,36300,1.1,4370.31,24765.08,1.088
2,2025-06-09,Prairies,Electronics,Online Video,CAD,58484,1994668,13123.08,0.006579,0.003005,0.009828,246.14,0.4753,3,0.7,impressions,1.0,4620000,1.15,1.0,36300,1.1,3936.92,22309.24,1.072
3,2025-06-16,Prairies,Electronics,Online Video,CAD,54089,1932982,13419.72,0.006942,0.003122,0.009245,249.18,0.4416,3,0.7,impressions,1.0,4620000,1.15,1.0,36300,1.1,4025.92,22813.52,0.929
4,2025-06-23,Prairies,Electronics,Online Video,CAD,54078,2288490,14496.75,0.006335,0.002764,0.009764,240.14,0.4451,3,0.7,impressions,1.0,4620000,1.15,1.0,36300,1.1,4349.02,24644.47,0.923
5,2025-06-30,Prairies,Electronics,Online Video,CAD,58230,1928867,14201.77,0.007363,0.002779,0.009541,240.11,0.4651,3,0.7,impressions,1.0,4620000,1.15,1.0,36300,1.1,4260.53,24143.01,0.995
6,2025-07-07,Prairies,Electronics,Online Video,CAD,55023,1986989,13551.07,0.00682,0.002862,0.009295,242.97,0.4418,3,0.7,impressions,1.0,4620000,1.15,1.0,36300,1.1,4065.32,23036.81,0.96
7,2025-07-14,Prairies,Electronics,Online Video,CAD,57932,1720726,11884.28,0.006907,0.003199,0.009687,246.87,0.4601,3,0.7,impressions,1.0,4620000,1.15,1.0,36300,1.1,3565.28,20203.28,1.056
8,2025-07-21,Prairies,Electronics,Online Video,CAD,53815,2385049,15122.04,0.00634,0.002938,0.008414,253.43,0.4292,3,0.7,impressions,1.0,4620000,1.15,1.0,36300,1.1,4536.61,25707.46,0.935
9,2025-07-28,Prairies,Electronics,Online Video,CAD,58079,2006271,14392.6,0.007174,0.003005,0.008927,243.8,0.4243,3,0.7,impressions,1.0,4620000,1.15,1.0,36300,1.1,4317.78,24467.42,1.054
10,2025-08-04,Prairies,Electronics,Online Video,CAD,49185,2012902,14303.17,0.007106,0.002774,0.008503,258.93,0.4853,3,0.7,impressions,1.0,4620000,1.15,1.0,36300,1.1,4290.95,24315.38,1.064
11,2025-08-11,Prairies,Electronics,Online Video,CAD,60560,1893899,13035.32,0.006883,0.003239,0.008202,250.92,0.4259,3,0.7,impressions,1.0,4620000,1.15,1.0,36300,1.1,3910.59,22160.04,1.073
12,2025-08-18,Prairies,Electronics,Online Video,CAD,58318,2182313,15002.95,0.006875,0.003264,0.008971,254.14,0.4425,3,0.7,impressions,1.0,4620000,1.15,1.0,36300,1.1,4500.89,25505.02,0.956
13,2025-08-25,Prairies,Electronics,Online Video,CAD,54911,2057701,15646.56,0.007604,0.002729,0.008137,243.8,0.4453,3,0.7,impressions,1.0,4620000,1.15,1.0,36300,1.1,4693.97,26599.16,0.916
1,2025-06-02,Prairies,Apparel,Paid Search,CAD,55470,2706994,29853.3,0.011028,0.035364,0.05047,87.99,0.2395,4,0.3,impressions,1.0,3300000,1.1,1.0,39600,1.05,14926.65,44779.95,0.944
2,2025-06-09,Prairies,Apparel,Paid Search,CAD,49299,2697333,31378.91,0.011633,0.035125,0.050259,85.19,0.2364,4,0.3,impressions,1.0,3300000,1.1,1.0,39600,1.05,15689.45,47068.36,0.997
3,2025-06-16,Prairies,Apparel,Paid Search,CAD,61273,2500756,32257.27,0.012899,0.036505,0.054229,86.12,0.2729,4,0.3,impressions,1.0,3300000,1.1,1.0,39600,1.05,16128.64,48385.91,1.021
4,2025-06-23,Prairies,Apparel,Paid Search,CAD,54608,3392395,41125.57,0.012123,0.036716,0.059424,88.08,0.2521,4,0.3,impressions,1.0,3300000,1.1,1.0,39600,1.05,20562.79,61688.36,0.929
5,2025-06-30,Prairies,Apparel,Paid Search,CAD,50889,2534098,32155.79,0.012689,0.035375,0.060252,87.1,0.2572,4,0.3,impressions,1.0,3300000,1.1,1.0,39600,1.05,16077.9,48233.69,0.945
6,2025-07-07,Prairies,Apparel,Paid Search,CAD,52542,2527731,32224.79,0.012749,0.031544,0.056908,83.04,0.2296,4,0.3,impressions,1.0,3300000,1.1,1.0,39600,1.05,16112.4,48337.19,0.99
7,2025-07-14,Prairies,Apparel,Paid Search,CAD,53156,2679375,34773.28,0.012978,0.033349,0.053237,83.6,0.2643,4,0.3,impressions,1.0,3300000,1.1,1.0,39600,1.05,17386.64,52159.92,1.064
8,2025-07-21,Prairies,Apparel,Paid Search,CAD,50568,3263536,35784.5,0.010965,0.035666,0.049595,87.15,0.2473,4,0.3,impressions,1.0,3300000,1.1,1.0,39600,1.05,17892.25,53676.75,0.931
9,2025-07-28,Prairies,Apparel,Paid Search,CAD,59354,2678397,32526.47,0.012144,0.037084,0.058619,83.26,0.2716,4,0.3,impressions,1.0,3300000,1.1,1.0,39600,1.05,16263.23,48789.7,0.901
10,2025-08-04,Prairies,Apparel,Paid Search,CAD,59061,2431807,28237.56,0.011612,0.034652,0.05908,86.93,0.2579,4,0.3,impressions,1.0,3300000,1.1,1.0,39600,1.05,14118.78,42356.34,0.923
11,2025-08-11,Prairies,Apparel,Paid Search,CAD,58429,2704984,35433.01,0.013099,0.036595,0.060401,87.55,0.2517,4,0.3,impressions,1.0,3300000,1.1,1.0,39600,1.05,17716.5,53149.51,0.902
12,2025-08-18,Prairies,Apparel,Paid Search,CAD,53916,3165247,34234.31,0.010816,0.032217,0.056068,88.48,0.2495,4,0.3,impressions,1.0,3300000,1.1,1.0,39600,1.05,17117.15,51351.46,1.07
13,2025-08-25,Prairies,Apparel,Paid Search,CAD,51608,2759675,34957.09,0.012667,0.03799,0.050779,85.66,0.2543,4,0.3,impressions,1.0,3300000,1.1,1.0,39600,1.05,17478.55,52435.64,1.006
1,2025-06-02,Prairies,Apparel,Display,CAD,56296,3210079,11826.14,0.003684,0.003855,0.011027,81.91,0.2557,5,0.5,impressions,1.0,8250000,1.05,1.0,29700,1.05,4730.45,18921.82,1.018
2,2025-06-09,Prairies,Apparel,Display,CAD,58446,3154775,13844.64,0.004388,0.004323,0.012303,81.01,0.2602,5,0.5,impressions,1.0,8250000,1.05,1.0,29700,1.05,5537.85,22151.42,0.977
3,2025-06-16,Prairies,Apparel,Display,CAD,61029,3264269,12166.86,0.003727,0.004089,0.011543,86.9,0.2702,5,0.5,impressions,1.0,8250000,1.05,1.0,29700,1.05,4866.74,19466.97,0.928
4,2025-06-23,Prairies,Apparel,Display,CAD,58767,4336275,16121.82,0.003718,0.004189,0.013103,84.45,0.2419,5,0.5,impressions,1.0,8250000,1.05,1.0,29700,1.05,6448.73,25794.92,1.032
5,2025-06-30,Prairies,Apparel,Display,CAD,61953,3143721,12683.68,0.004035,0.004375,0.011245,84.57,0.2709,5,0.5,impressions,1.0,8250000,1.05,1.0,29700,1.05,5073.47,20293.89,0.996
6,2025-07-07,Prairies,Apparel,Display,CAD,53513,3588580,15366.38,0.004282,0.0041,0.011664,85.53,0.2581,5,0.5,impressions,1.0,8250000,1.05,1.0,29700,1.05,6146.55,24586.2,0.915
7,2025-07-14,Prairies,Apparel,Display,CAD,57314,3550486,15193.04,0.004279,0.004246,0.011495,85.92,0.2427,5,0.5,impressions,1.0,8250000,1.05,1.0,29700,1.05,6077.22,24308.87,1.041
8,2025-07-21,Prairies,Apparel,Display,CAD,48991,4187254,18236.81,0.004355,0.004258,0.011183,84.24,0.268,5,0.5,impressions,1.0,8250000,1.05,1.0,29700,1.05,7294.72,29178.9,1.015
9,2025-07-28,Prairies,Apparel,Display,CAD,56419,3287472,12109.61,0.003684,0.00386,0.013163,81.15,0.2273,5,0.5,impressions,1.0,8250000,1.05,1.0,29700,1.05,4843.84,19375.38,1.001
10,2025-08-04,Prairies,Apparel,Display,CAD,59089,3679911,13935.78,0.003787,0.00388,0.011013,82.32,0.2623,5,0.5,impressions,1.0,8250000,1.05,1.0,29700,1.05,5574.31,22297.26,1.094
11,2025-08-11,Prairies,Apparel,Display,CAD,56220,3341504,13138.62,0.003932,0.004307,0.011995,88.53,0.2556,5,0.5,impressions,1.0,8250000,1.05,1.0,29700,1.05,5255.45,21021.8,1.098
12,2025-08-18,Prairies,Apparel,Display,CAD,60523,4786106,20878.73,0.004362,0.00428,0.011475,89.09,0.2366,5,0.5,impressions,1.0,8250000,1.05,1.0,29700,1.05,8351.49,33405.97,0.908
13,2025-08-25,Prairies,Apparel,Display,CAD,61040,3425149,14179.06,0.00414,0.004136,0.011533,88.52,0.2499,5,0.5,impressions,1.0,8250000,1.05,1.0,29700,1.05,5671.62,22686.49,1.095
1,2025-06-02,Prairies,Apparel,Social,CAD,58398,3064903,8427.44,0.00275,0.0073,0.017353,83.62,0.2631,2,0.6,impressions,1.0,5940000,1.1,1.0,26400,1.08,3370.98,13483.91,0.908
2,2025-06-09,Prairies,Apparel,Social,CAD,53347,2986047,8208.28,0.002749,0.007413,0.017396,81.42,0.2668,2,0.6,impressions,1.0,5940000,1.1,1.0,26400,1.08,3283.31,13133.24,0.933
3,2025-06-16,Prairies,Apparel,Social,CAD,53271,3097050,8454.89,0.00273,0.008615,0.017563,85.46,0.2381,2,0.6,impressions,1.0,5940000,1.1,1.0,26400,1.08,3381.96,13527.83,1.043
4,2025-06-23,Prairies,Apparel,Social,CAD,50959,3595045,11557.35,0.003215,0.008063,0.016133,84.75,0.2673,2,0.6,impressions,1.0,5940000,1.1,1.0,26400,1.08,4622.94,18491.76,0.991
5,2025-06-30,Prairies,Apparel,Social,CAD,51633,2912238,9275.47,0.003185,0.007997,0.015931,85.55,0.2694,2,0.6,impressions,1.0,5940000,1.1,1.0,26400,1.08,3710.19,14840.76,0.926
6,2025-07-07,Prairies,Apparel,Social,CAD,48868,2922943,8098.21,0.002771,0.008589,0.01458,81.29,0.2462,2,0.6,impressions,1.0,5940000,1.1,1.0,26400,1.08,3239.28,12957.13,1.003
7,2025-07-14,Prairies,Apparel,Social,CAD,60036,2739139,8759.7,0.003198,0.00783,0.016876,86.57,0.2487,2,0.6,impressions,1.0,5940000,1.1,1.0,26400,1.08,3503.88,14015.51,0.968
8,2025-07-21,Prairies,Apparel,Social,CAD,58108,3968697,13038.59,0.003285,0.00777,0.017331,88.38,0.2749,2,0.6,impressions,1.0,5940000,1.1,1.0,26400,1.08,5215.44,20861.75,0.959
9,2025-07-28,Prairies,Apparel,Social,CAD,56332,3167281,9009.17,0.002844,0.008725,0.017205,84.91,0.2285,2,0.6,impressions,1.0,5940000,1.1,1.0,26400,1.08,3603.67,14414.67,0.949
10,2025-08-04,Prairies,Apparel,Social,CAD,49612,2670837,8197.78,0.003069,0.007668,0.017538,84.33,0.25,2,0.6,impressions,1.0,5940000,1.1,1.0,26400,1.08,3279.11,13116.45,1.019
11,2025-08-11,Prairies,Apparel,Social,CAD,49569,2784187,8463.01,0.00304,0.008019,0.015549,81.37,0.2722,2,0.6,impressions,1.0,5940000,1.1,1.0,26400,1.08,3385.2,13540.81,0.934
12,2025-08-18,Prairies,Apparel,Social,CAD,61138,3648636,10763.67,0.00295,0.007353,0.014972,87.02,0.2386,2,0.6,impressions,1.0,5940000,1.1,1.0,26400,1.08,4305.47,17221.87,0.959
13,2025-08-25,Prairies,Apparel,Social,CAD,49285,3138078,8808.56,0.002807,0.008472,0.014905,84.63,0.2367,2,0.6,impressions,1.0,5940000,1.1,1.0,26400,1.08,3523.43,14093.7,1.019
1,2025-06-02,Prairies,Apparel,Affiliate,CAD,52959,1701632,10684.68,0.006279,0.018375,0.027396,84.74,0.2612,4,0.4,impressions,1.0,1980000,1.0,1.0,19800,1.0,3205.4,19232.42,0.997
2,2025-06-09,Prairies,Apparel,Affiliate,CAD,48720,1441655,7785.97,0.005401,0.017139,0.028209,88.94,0.247,4,0.4,impressions,1.0,1980000,1.0,1.0,19800,1.0,2335.79,14014.74,0.958
3,2025-06-16,Prairies,Apparel,Affiliate,CAD,54126,1727161,9457.12,0.005476,0.01625,0.029247,81.08,0.2585,4,0.4,impressions,1.0,1980000,1.0,1.0,19800,1.0,2837.13,17022.81,1.067
4,2025-06-23,Prairies,Apparel,Affiliate,CAD,59680,2149065,11766.9,0.005475,0.016305,0.031666,87.88,0.2691,4,0.4,impressions,1.0,1980000,1.0,1.0,19800,1.0,3530.07,21180.43,1.012
5,2025-06-30,Prairies,Apparel,Affiliate,CAD,48787,1645495,9753.59,0.005927,0.017154,0.030859,80.8,0.2488,4,0.4,impressions,1.0,1980000,1.0,1.0,19800,1.0,2926.08,17556.46,1.024
6,2025-07-07,Prairies,Apparel,Affiliate,CAD,53322,1568712,9282.52,0.005917,0.018549,0.027949,88.95,0.2692,4,0.4,impressions,1.0,1980000,1.0,1.0,19800,1.0,2784.76,16708.54,0.925
7,2025-07-14,Prairies,Apparel,Affiliate,CAD,50538,1549547,10115.97,0.006528,0.016327,0.028785,88.9,0.2656,4,0.4,impressions,1.0,1980000,1.0,1.0,19800,1.0,3034.79,18208.75,1.019
8,2025-07-21,Prairies,Apparel,Affiliate,CAD,59287,2033734,12670.11,0.00623,0.018527,0.029547,87.1,0.2642,4,0.4,impressions,1.0,1980000,1.0,1.0,19800,1.0,3801.03,22806.21,0.905
9,2025-07-28,Prairies,Apparel,Affiliate,CAD,54207,1754367,10043.09,0.005725,0.018649,0.028414,81.53,0.2346,4,0.4,impressions,1.0,1980000,1.0,1.0,19800,1.0,3012.93,18077.57,1.086
10,2025-08-04,Prairies,Apparel,Affiliate,CAD,59556,1572298,9542.87,0.006069,0.016786,0.028224,83.72,0.2572,4,0.4,impressions,1.0,1980000,1.0,1.0,19800,1.0,2862.86,17177.16,0.986
11,2025-08-11,Prairies,Apparel,Affiliate,CAD,56890,1525655,9527.49,0.006245,0.01826,0.028926,86.32,0.2449,4,0.4,impressions,1.0,1980000,1.0,1.0,19800,1.0,2858.25,17149.47,1.089
12,2025-08-18,Prairies,Apparel,Affiliate,CAD,59811,2075844,12562.16,0.006052,0.016678,0.031795,85.22,0.2731,4,0.4,impressions,1.0,1980000,1.0,1.0,19800,1.0,3768.65,22611.88,1.003
13,2025-08-25,Prairies,Apparel,Affiliate,CAD,55577,1538707,10013.62,0.006508,0.017099,0.031167,87.9,0.2349,4,0.4,impressions,1.0,1980000,1.0,1.0,19800,1.0,3004.08,18024.51,1.014
1,2025-06-02,Prairies,Apparel,Email,CAD,52761,946633,1493.45,0.001578,0.046938,0.03784,86.96,0.267,6,0.2,impressions,1.0,990000,0.95,1.0,13200,0.95,298.69,3733.64,1.072
2,2025-06-09,Prairies,Apparel,Email,CAD,59731,945846,1354.09,0.001432,0.05166,0.043662,83.04,0.2602,6,0.2,impressions,1.0,990000,0.95,1.0,13200,0.95,270.82,3385.24,1.045
3,2025-06-16,Prairies,Apparel,Email,CAD,57506,792292,1260.0,0.00159,0.048873,0.041742,87.15,0.2588,6,0.2,impressions,1.0,990000,0.95,1.0,13200,0.95,252.0,3150.01,0.996
4,2025-06-23,Prairies,Apparel,Email,CAD,57457,1059195,1623.18,0.001532,0.054616,0.040858,89.2,0.2297,6,0.2,impressions,1.0,990000,0.95,1.0,13200,0.95,324.64,4057.96,0.963
5,2025-06-30,Prairies,Apparel,Email,CAD,56107,797332,1214.98,0.001524,0.048462,0.043141,81.62,0.2405,6,0.2,impressions,1.0,990000,0.95,1.0,13200,0.95,243.0,3037.45,0.935
6,2025-07-07,Prairies,Apparel,Email,CAD,55527,842537,1152.43,0.001368,0.053571,0.040619,83.31,0.2558,6,0.2,impressions,1.0,990000,0.95,1.0,13200,0.95,230.49,2881.08,1.082
7,2025-07-14,Prairies,Apparel,Email,CAD,61408,815607,1301.65,0.001596,0.0485,0.038687,83.46,0.2289,6,0.2,impressions,1.0,990000,0.95,1.0,13200,0.95,260.33,3254.12,1.087
8,2025-07-21,Prairies,Apparel,Email,CAD,59736,1008961,1403.68,0.001391,0.047248,0.040428,86.48,0.2343,6,0.2,impressions,1.0,990000,0.95,1.0,13200,0.95,280.74,3509.19,0.965
9,2025-07-28,Prairies,Apparel,Email,CAD,50328,869322,1372.42,0.001579,0.046085,0.042671,86.56,0.2706,6,0.2,impressions,1.0,990000,0.95,1.0,13200,0.95,274.48,3431.04,0.912
10,2025-08-04,Prairies,Apparel,Email,CAD,53571,815174,1231.44,0.001511,0.048184,0.036695,80.87,0.2472,6,0.2,impressions,1.0,990000,0.95,1.0,13200,0.95,246.29,3078.61,1.035
11,2025-08-11,Prairies,Apparel,Email,CAD,56972,885030,1457.84,0.001647,0.04851,0.038731,86.86,0.2507,6,0.2,impressions,1.0,990000,0.95,1.0,13200,0.95,291.57,3644.61,0.905
12,2025-08-18,Prairies,Apparel,Email,CAD,60970,1026811,1498.47,0.001459,0.045803,0.041194,81.22,0.2399,6,0.2,impressions,1.0,990000,0.95,1.0,13200,0.95,299.69,3746.17,0.941
13,2025-08-25,Prairies,Apparel,Email,CAD,59113,865479,1303.91,0.001507,0.046437,0.041009,85.65,0.2468,6,0.2,impressions,1.0,990000,0.95,1.0,13200,0.95,260.78,3259.77,0.944
1,2025-06-02,Prairies,Apparel,Online Video,CAD,52242,1706577,11205.35,0.006566,0.002938,0.009824,83.25,0.2346,3,0.7,impressions,1.0,4620000,1.15,1.0,36300,1.1,3361.61,19049.1,0.909
2,2025-06-09,Prairies,Apparel,Online Video,CAD,61892,1854156,11734.97,0.006329,0.002793,0.008753,87.15,0.2648,3,0.7,impressions,1.0,4620000,1.15,1.0,36300,1.1,3520.49,19949.45,1.036
3,2025-06-16,Prairies,Apparel,Online Video,CAD,58683,1957994,14630.94,0.007472,0.003146,0.008446,88.78,0.2368,3,0.7,impressions,1.0,4620000,1.15,1.0,36300,1.1,4389.28,24872.6,0.961
4,2025-06-23,Prairies,Apparel,Online Video,CAD,60967,2462586,16111.06,0.006542,0.002985,0.008276,81.27,0.253,3,0.7,impressions,1.0,4620000,1.15,1.0,36300,1.1,4833.32,27388.8,1.008
5,2025-06-30,Prairies,Apparel,Online Video,CAD,55189,1704370,12849.13,0.007539,0.002856,0.008207,84.82,0.2619,3,0.7,impressions,1.0,4620000,1.15,1.0,36300,1.1,3854.74,21843.53,0.965
6,2025-07-07,Prairies,Apparel,Online Video,CAD,48647,1867562,13106.67,0.007018,0.002718,0.009496,83.58,0.2653,3,0.7,impressions,1.0,4620000,1.15,1.0,36300,1.1,3932.0,22281.33,1.089
7,2025-07-14,Prairies,Apparel,Online Video,CAD,53386,1714015,12757.38,0.007443,0.002853,0.009595,82.13,0.2487,3,0.7,impressions,1.0,4620000,1.15,1.0,36300,1.1,3827.21,21687.55,1.046
8,2025-07-21,Prairies,Apparel,Online Video,CAD,57993,2526910,17713.57,0.00701,0.002842,0.008311,85.31,0.2588,3,0.7,impressions,1.0,4620000,1.15,1.0,36300,1.1,5314.07,30113.07,1.069
9,2025-07-28,Prairies,Apparel,Online Video,CAD,58982,2061151,14024.35,0.006804,0.002834,0.009126,88.93,0.247,3,0.7,impressions,1.0,4620000,1.15,1.0,36300,1.1,4207.3,23841.39,1.044
10,2025-08-04,Prairies,Apparel,Online Video,CAD,59418,1998715,14065.29,0.007037,0.002995,0.008898,83.25,0.2702,3,0.7,impressions,1.0,4620000,1.15,1.0,36300,1.1,4219.59,23911.0,0.987
11,2025-08-11,Prairies,Apparel,Online Video,CAD,56723,1753704,11967.59,0.006824,0.002743,0.00933,88.15,0.264,3,0.7,impressions,1.0,4620000,1.15,1.0,36300,1.1,3590.28,20344.9,1.038
12,2025-08-18,Prairies,Apparel,Online Video,CAD,59115,2171140,14370.79,0.006619,0.003041,0.009025,82.76,0.2634,3,0.7,impressions,1.0,4620000,1.15,1.0,36300,1.1,4311.24,24430.35,1.005
13,2025-08-25,Prairies,Apparel,Online Video,CAD,49939,1775935,12838.02,0.007229,0.003262,0.009895,84.25,0.2488,3,0.7,impressions,1.0,4620000,1.15,1.0,36300,1.1,3851.41,21824.63,1.016
1,2025-06-02,Prairies,Home & Garden,Paid Search,CAD,51797,2204277,26026.27,0.011807,0.037138,0.052379,160.88,0.3245,4,0.3,impressions,1.0,3000000,1.1,1.0,36000,1.05,13013.13,39039.4,1.084
2,2025-06-09,Prairies,Home & Garden,Paid Search,CAD,50827,2544657,31387.99,0.012335,0.031777,0.056717,158.13,0.2981,4,0.3,impressions,1.0,3000000,1.1,1.0,36000,1.05,15694.0,47081.99,0.946
3,2025-06-16,Prairies,Home & Garden,Paid Search,CAD,52678,2247704,27373.65,0.012178,0.035086,0.054007,166.73,0.325,4,0.3,impressions,1.0,3000000,1.1,1.0,36000,1.05,13686.82,41060.47,0.932
4,2025-06-23,Prairies,Home & Garden,Paid Search,CAD,54510,2794028,33191.08,0.011879,0.037995,0.053877,164.84,0.3008,4,0.3,impressions,1.0,3000000,1.1,1.0,36000,1.05,16595.54,49786.61,1.026
5,2025-06-30,Prairies,Home & Garden,Paid Search,CAD,49237,2556666,28343.29,0.011086,0.036534,0.056599,156.87,0.314,4,0.3,impressions,1.0,3000000,1.1,1.0,36000,1.05,14171.64,42514.93,0.908
6,2025-07-07,Prairies,Home & Garden,Paid Search,CAD,54663,2438203,27241.59,0.011173,0.036004,0.055529,160.77,0.3285,4,0.3,impressions,1.0,3000000,1.1,1.0,36000,1.05,13620.79,40862.38,1.066
7,2025-07-14,Prairies,Home & Garden,Paid Search,CAD,49362,2277475,27481.48,0.012067,0.03299,0.054058,160.07,0.3253,4,0.3,impressions,1.0,3000000,1.1,1.0,36000,1.05,13740.74,41222.22,1.083
8,2025-07-21,Prairies,Home & Garden,Paid Search,CAD,56479,2992395,36130.6,0.012074,0.033019,0.053669,167.61,0.3021,4,0.3,impressions,1.0,3000000,1.1,1.0,36000,1.05,18065.3,54195.89,1.094
9,2025-07-28,Prairies,Home & Garden,Paid Search,CAD,54551,2450717,31192.29,0.012728,0.037226,0.051359,165.46,0.3114,4,0.3,impressions,1.0,3000000,1.1,1.0,36000,1.05,15596.15,46788.44,1.028
10,2025-08-04,Prairies,Home & Garden,Paid Search,CAD,54685,2461537,28104.82,0.011418,0.036663,0.050851,155.11,0.3205,4,0.3,impressions,1.0,3000000,1.1,1.0,36000,1.05,14052.41,42157.24,1.065
11,2025-08-11,Prairies,Home & Garden,Paid Search,CAD,53016,2237000,24571.96,0.010984,0.036517,0.05955,160.15,0.3124,4,0.3,impressions,1.0,3000000,1.1,1.0,36000,1.05,12285.98,36857.94,0.984
12,2025-08-18,Prairies,Home & Garden,Paid Search,CAD,52890,3279873,39302.35,0.011983,0.03706,0.054929,158.89,0.2837,4,0.3,impressions,1.0,3000000,1.1,1.0,36000,1.05,19651.18,58953.53,1.013
13,2025-08-25,Prairies,Home & Garden,Paid Search,CAD,52845,2211576,28682.21,0.012969,0.032541,0.054277,167.93,0.2917,4,0.3,impressions,1.0,3000000,1.1,1.0,36000,1.05,14341.11,43023.32,0.965
1,2025-06-02,Prairies,Home & Garden,Display,CAD,60040,3348104,14111.48,0.004215,0.004116,0.011991,163.22,0.2851,5,0.5,impressions,1.0,7500000,1.05,1.0,27000,1.05,5644.59,22578.37,1.02
2,2025-06-09,Prairies,Home & Garden,Display,CAD,53409,3181426,12968.5,0.004076,0.004342,0.012679,166.5,0.306,5,0.5,impressions,1.0,7500000,1.05,1.0,27000,1.05,5187.4,20749.6,1.077
3,2025-06-16,Prairies,Home & Garden,Display,CAD,52067,3171672,12781.62,0.00403,0.003698,0.011936,160.88,0.3091,5,0.5,impressions,1.0,7500000,1.05,1.0,27000,1.05,5112.65,20450.59,1.071
4,2025-06-23,Prairies,Home & Garden,Display,CAD,59565,3937977,15046.36,0.003821,0.004126,0.01286,162.19,0.3129,5,0.5,impressions,1.0,7500000,1.05,1.0,27000,1.05,6018.54,24074.18,0.901
5,2025-06-30,Prairies,Home & Garden,Display,CAD,53133,3285077,13229.25,0.004027,0.004076,0.012273,162.08,0.28,5,0.5,impressions,1.0,7500000,1.05,1.0,27000,1.05,5291.7,21166.8,0.99
6,2025-07-07,Prairies,Home & Garden,Display,CAD,55187,3055994,12521.19,0.004097,0.003866,0.011937,165.41,0.299,5,0.5,impressions,1.0,7500000,1.05,1.0,27000,1.05,5008.48,20033.9,1.038
7,2025-07-14,Prairies,Home & Garden,Display,CAD,53360,2940152,11908.41,0.00405,0.003877,0.011794,156.7,0.2825,5,0.5,impressions,1.0,7500000,1.05,1.0,27000,1.05,4763.37,19053.46,0.91
8,2025-07-21,Prairies,Home & Garden,Display,CAD,57149,4314518,16834.89,0.003902,0.004067,0.011222,156.31,0.3078,5,0.5,impressions,1.0,7500000,1.05,1.0,27000,1.05,6733.95,26935.82,1.009
9,2025-07-28,Prairies,Home & Garden,Display,CAD,55782,3016242,11154.89,0.003698,0.004135,0.010872,153.52,0.2759,5,0.5,impressions,1.0,7500000,1.05,1.0,27000,1.05,4461.96,17847.83,0.923
10,2025-08-04,Prairies,Home & Garden,Display,CAD,60778,3360445,14709.73,0.004377,0.004348,0.01285,152.68,0.3211,5,0.5,impressions,1.0,7500000,1.05,1.0,27000,1.05,5883.89,23535.56,1.006
11,2025-08-11,Prairies,Home & Garden,Display,CAD,49952,2889956,10579.27,0.003661,0.00423,0.010923,153.9,0.3249,5,0.5,impressions,1.0,7500000,1.05,1.0,27000,1.05,4231.71,16926.83,1.086
12,2025-08-18,Prairies,Home & Garden,Display,CAD,62061,4059730,17178.41,0.004231,0.003686,0.012887,152.64,0.2713,5,0.5,impressions,1.0,7500000,1.05,1.0,27000,1.05,6871.36,27485.45,1.076
13,2025-08-25,Prairies,Home & Garden,Display,CAD,58685,2944844,11515.3,0.00391,0.003848,0.011727,163.75,0.2905,5,0.5,impressions,1.0,7500000,1.05,1.0,27000,1.05,4606.12,18424.47,0.992
1,2025-06-02,Prairies,Home & Garden,Social,CAD,57353,2642834,8063.78,0.003051,0.007323,0.016928,159.83,0.3104,2,0.6,impressions,1.0,5400000,1.1,1.0,24000,1.08,3225.51,12902.05,1.073
2,2025-06-09,Prairies,Home & Garden,Social,CAD,57956,2553237,7834.13,0.003068,0.008182,0.016511,160.5,0.2803,2,0.6,impressions,1.0,5400000,1.1,1.0,24000,1.08,3133.65,12534.61,0.985
3,2025-06-16,Prairies,Home & Garden,Social,CAD,53197,2574930,6960.91,0.002703,0.00785,0.01683,162.86,0.2994,2,0.6,impressions,1.0,5400000,1.1,1.0,24000,1.08,2784.37,11137.46,0.935
4,2025-06-23,Prairies,Home & Garden,Social,CAD,57236,3559103,10543.73,0.002962,0.007735,0.015653,162.76,0.2972,2,0.6,impressions,1.0,5400000,1.1,1.0,24000,1.08,4217.49,16869.97,0.938
5,2025-06-30,Prairies,Home & Garden,Social,CAD,61565,2679112,8753.82,0.003267,0.007643,0.014654,166.18,0.2751,2,0.6,impressions,1.0,5400000,1.1,1.0,24000,1.08,3501.53,14006.11,1.049
6,2025-07-07,Prairies,Home & Garden,Social,CAD,50232,2655150,7613.44,0.002867,0.007987,0.015172,163.78,0.3168,2,0.6,impressions,1.0,5400000,1.1,1.0,24000,1.08,3045.37,12181.5,1.087
7,2025-07-14,Prairies,Home & Garden,Social,CAD,49777,2525555,6904.96,0.002734,0.008552,0.01485,160.57,0.287,2,0.6,impressions,1.0,5400000,1.1,1.0,24000,1.08,2761.98,11047.94,1.091
8,2025-07-21,Prairies,Home & Garden,Social,CAD,56673,3609480,11644.04,0.003226,0.008528,0.014764,162.93,0.2895,2,0.6,impressions,1.0,5400000,1.1,1.0,24000,1.08,4657.61,18630.46,1.07
9,2025-07-28,Prairies,Home & Garden,Social,CAD,56701,2876047,8267.5,0.002875,0.007951,0.016002,158.2,0.3041,2,0.6,impressions,1.0,5400000,1.1,1.0,24000,1.08,3307.0,13228.0,0.929
10,2025-08-04,Prairies,Home & Garden,Social,CAD,58698,2875152,8391.4,0.002919,0.007211,0.017123,157.04,0.318,2,0.6,impressions,1.0,5400000,1.1,1.0,24000,1.08,3356.56,13426.25,0.935
11,2025-08-11,Prairies,Home & Garden,Social,CAD,49229,2810293,9117.03,0.003244,0.007826,0.01683,167.98,0.3007,2,0.6,impressions,1.0,5400000,1.1,1.0,24000,1.08,3646.81,14587.24,0.957
12,2025-08-18,Prairies,Home & Garden,Social,CAD,51638,3230087,8727.81,0.002702,0.007794,0.017522,156.93,0.3258,2,0.6,impressions,1.0,5400000,1.1,1.0,24000,1.08,3491.12,13964.5,1.046
13,2025-08-25,Prairies,Home & Garden,Social,CAD,53570,2774908,9068.82,0.003268,0.008393,0.015911,155.24,0.3248,2,0.6,impressions,1.0,5400000,1.1,1.0,24000,1.08,3627.53,14510.11,1.061
1,2025-06-02,Prairies,Home & Garden,Affiliate,CAD,50001,1419774,9251.14,0.006516,0.01668,0.027786,153.52,0.2702,4,0.4,impressions,1.0,1800000,1.0,1.0,18000,1.0,2775.34,16652.05,1.073
2,2025-06-09,Prairies,Home & Garden,Affiliate,CAD,49963,1393329,8235.36,0.005911,0.019522,0.029895,160.62,0.2836,4,0.4,impressions,1.0,1800000,1.0,1.0,18000,1.0,2470.61,14823.65,0.989
3,2025-06-16,Prairies,Home & Garden,Affiliate,CAD,61383,1564760,9837.47,0.006287,0.018402,0.032581,163.57,0.2885,4,0.4,impressions,1.0,1800000,1.0,1.0,18000,1.0,2951.24,17707.45,1.086
4,2025-06-23,Prairies,Home & Garden,Affiliate,CAD,51524,1770822,10929.28,0.006172,0.01634,0.030626,156.72,0.3295,4,0.4,impressions,1.0,1800000,1.0,1.0,18000,1.0,3278.79,19672.71,0.997
5,2025-06-30,Prairies,Home & Garden,Affiliate,CAD,58815,1330355,7886.47,0.005928,0.017363,0.032544,158.56,0.3076,4,0.4,impressions,1.0,1800000,1.0,1.0,18000,1.0,2365.94,14195.64,1.054
6,2025-07-07,Prairies,Home & Garden,Affiliate,CAD,54429,1500306,9144.68,0.006095,0.017906,0.032734,163.12,0.3255,4,0.4,impressions,1.0,1800000,1.0,1.0,18000,1.0,2743.4,16460.42,0.905
7,2025-07-14,Prairies,Home & Garden,Affiliate,CAD,48609,1518338,9055.8,0.005964,0.018822,0.032789,157.44,0.3012,4,0.4,impressions,1.0,1800000,1.0,1.0,18000,1.0,2716.74,16300.43,1.077
8,2025-07-21,Prairies,Home & Garden,Affiliate,CAD,49864,1850789,10266.06,0.005547,0.019391,0.030248,162.75,0.2783,4,0.4,impressions,1.0,1800000,1.0,1.0,18000,1.0,3079.82,18478.9,1.018
9,2025-07-28,Prairies,Home & Garden,Affiliate,CAD,54580,1324747,8425.31,0.00636,0.017345,0.031986,167.98,0.2855,4,0.4,impressions,1.0,1800000,1.0,1.0,18000,1.0,2527.59,15165.55,0.917
10,2025-08-04,Prairies,Home & Garden,Affiliate,CAD,52218,1460775,8926.15,0.006111,0.016843,0.030584,152.69,0.2966,4,0.4,impressions,1.0,1800000,1.0,1.0,18000,1.0,2677.84,16067.07,1.074
11,2025-08-11,Prairies,Home & Garden,Affiliate,CAD,58354,1387490,7753.84,0.005588,0.01678,0.028523,153.86,0.3227,4,0.4,impressions,1.0,1800000,1.0,1.0,18000,1.0,2326.15,13956.91,0.986
12,2025-08-18,Prairies,Home & Garden,Affiliate,CAD,53326,1830193,11738.0,0.006414,0.018489,0.032569,153.1,0.3207,4,0.4,impressions,1.0,1800000,1.0,1.0,18000,1.0,3521.4,21128.39,1.034
13,2025-08-25,Prairies,Home & Garden,Affiliate,CAD,55968,1560558,9865.37,0.006322,0.019621,0.027565,155.26,0.2928,4,0.4,impressions,1.0,1800000,1.0,1.0,18000,1.0,2959.61,17757.66,0.913
1,2025-06-02,Prairies,Home & Garden,Email,CAD,57485,859216,1296.27,0.001509,0.05008,0.042317,154.67,0.2967,6,0.2,impressions,1.0,900000,0.95,1.0,12000,0.95,259.25,3240.67,1.046
2,2025-06-09,Prairies,Home & Garden,Email,CAD,59145,744909,1135.58,0.001524,0.052859,0.036726,158.01,0.2783,6,0.2,impressions,1.0,900000,0.95,1.0,12000,0.95,227.12,2838.96,0.932
3,2025-06-16,Prairies,Home & Garden,Email,CAD,50119,716308,977.47,0.001365,0.048124,0.038279,159.39,0.316,6,0.2,impressions,1.0,900000,0.95,1.0,12000,0.95,195.49,2443.67,1.044
4,2025-06-23,Prairies,Home & Garden,Email,CAD,49844,1030236,1461.94,0.001419,0.050936,0.041722,164.86,0.2988,6,0.2,impressions,1.0,900000,0.95,1.0,12000,0.95,292.39,3654.84,0.941
5,2025-06-30,Prairies,Home & Garden,Email,CAD,56947,809090,1114.73,0.001378,0.052734,0.037791,161.56,0.3029,6,0.2,impressions,1.0,900000,0.95,1.0,12000,0.95,222.95,2786.83,1.0
6,2025-07-07,Prairies,Home & Garden,Email,CAD,48928,850781,1284.82,0.00151,0.049938,0.043393,161.88,0.286,6,0.2,impressions,1.0,900000,0.95,1.0,12000,0.95,256.96,3212.05,1.011
7,2025-07-14,Prairies,Home & Garden,Email,CAD,59822,777092,1133.04,0.001458,0.048839,0.040831,163.48,0.2712,6,0.2,impressions,1.0,900000,0.95,1.0,12000,0.95,226.61,2832.6,0.95
8,2025-07-21,Prairies,Home & Garden,Email,CAD,51975,1027175,1687.61,0.001643,0.045528,0.039972,153.03,0.2742,6,0.2,impressions,1.0,900000,0.95,1.0,12000,0.95,337.52,4219.02,0.982
9,2025-07-28,Prairies,Home & Garden,Email,CAD,55146,866917,1357.41,0.001566,0.053305,0.037591,160.07,0.3243,6,0.2,impressions,1.0,900000,0.95,1.0,12000,0.95,271.48,3393.52,1.017
10,2025-08-04,Prairies,Home & Garden,Email,CAD,59909,713051,1011.12,0.001418,0.052458,0.038549,167.43,0.296,6,0.2,impressions,1.0,900000,0.95,1.0,12000,0.95,202.22,2527.81,1.02
11,2025-08-11,Prairies,Home & Garden,Email,CAD,59885,762062,1095.42,0.001437,0.046686,0.036241,166.85,0.326,6,0.2,impressions,1.0,900000,0.95,1.0,12000,0.95,219.08,2738.56,0.988
12,2025-08-18,Prairies,Home & Garden,Email,CAD,52524,935298,1407.43,0.001505,0.051543,0.038676,156.7,0.2737,6,0.2,impressions,1.0,900000,0.95,1.0,12000,0.95,281.49,3518.57,1.095
13,2025-08-25,Prairies,Home & Garden,Email,CAD,49205,774096,1099.02,0.00142,0.054657,0.042621,159.07,0.2964,6,0.2,impressions,1.0,900000,0.95,1.0,12000,0.95,219.8,2747.56,1.007
1,2025-06-02,Prairies,Home & Garden,Online Video,CAD,52180,1624378,11805.7,0.007268,0.002744,0.009543,157.64,0.3088,3,0.7,impressions,1.0,4200000,1.15,1.0,33000,1.1,3541.71,20069.7,0.963
2,2025-06-09,Prairies,Home & Garden,Online Video,CAD,57307,1625217,11519.37,0.007088,0.003178,0.008479,155.21,0.2871,3,0.7,impressions,1.0,4200000,1.15,1.0,33000,1.1,3455.81,19582.92,1.005
3,2025-06-16,Prairies,Home & Garden,Online Video,CAD,52726,1628931,10283.13,0.006313,0.003133,0.008496,162.89,0.2769,3,0.7,impressions,1.0,4200000,1.15,1.0,33000,1.1,3084.94,17481.32,1.049
4,2025-06-23,Prairies,Home & Garden,Online Video,CAD,57766,2073032,14795.32,0.007137,0.003076,0.008432,163.33,0.2933,3,0.7,impressions,1.0,4200000,1.15,1.0,33000,1.1,4438.6,25152.04,1.022
5,2025-06-30,Prairies,Home & Garden,Online Video,CAD,55934,1633019,11404.88,0.006984,0.002747,0.0093,164.05,0.2814,3,0.7,impressions,1.0,4200000,1.15,1.0,33000,1.1,3421.46,19388.3,0.996
6,2025-07-07,Prairies,Home & Garden,Online Video,CAD,54830,1794588,12724.8,0.007091,0.002932,0.009443,163.36,0.2792,3,0.7,impressions,1.0,4200000,1.15,1.0,33000,1.1,3817.44,21632.16,0.907
7,2025-07-14,Prairies,Home & Garden,Online Video,CAD,59746,1842470,12786.05,0.00694,0.002841,0.008146,157.21,0.3292,3,0.7,impressions,1.0,4200000,1.15,1.0,33000,1.1,3835.81,21736.28,1.0
8,2025-07-21,Prairies,Home & Garden,Online Video,CAD,56135,1997317,14150.81,0.007085,0.003184,0.00858,158.29,0.2803,3,0.7,impressions,1.0,4200000,1.15,1.0,33000,1.1,4245.24,24056.38,0.92
9,2025-07-28,Prairies,Home & Garden,Online Video,CAD,61030,1642843,10722.75,0.006527,0.003131,0.009759,159.54,0.3143,3,0.7,impressions,1.0,4200000,1.15,1.0,33000,1.1,3216.83,18228.68,1.078
10,2025-08-04,Prairies,Home & Garden,Online Video,CAD,56954,1561753,11974.03,0.007667,0.002762,0.008149,167.3,0.2953,3,0.7,impressions,1.0,4200000,1.15,1.0,33000,1.1,3592.21,20355.84,0.959
11,2025-08-11,Prairies,Home & Garden,Online Video,CAD,49108,1643642,11849.72,0.007209,0.003262,0.00953,156.55,0.3121,3,0.7,impressions,1.0,4200000,1.15,1.0,33000,1.1,3554.92,20144.53,1.002
12,2025-08-18,Prairies,Home & Garden,Online Video,CAD,52977,2171070,16308.96,0.007512,0.002993,0.009473,157.67,0.297,3,0.7,impressions,1.0,4200000,1.15,1.0,33000,1.1,4892.69,27725.22,1.049
13,2025-08-25,Prairies,Home & Garden,Online Video,CAD,53283,1672202,12057.3,0.00721,0.003013,0.009745,155.39,0.2799,3,0.7,impressions,1.0,4200000,1.15,1.0,33000,1.1,3617.19,20497.42,0.981
1,2025-06-02,Prairies,Grocery,Paid Search,CAD,52773,2331787,25998.73,0.01115,0.032785,0.06026,45.69,0.1354,4,0.3,impressions,1.0,3000000,1.1,1.0,36000,1.05,12999.37,38998.1,0.976
2,2025-06-09,Prairies,Grocery,Paid Search,CAD,58552,2559767,31230.25,0.0122,0.034987,0.056104,45.59,0.1603,4,0.3,impressions,1.0,3000000,1.1,1.0,36000,1.05,15615.13,46845.38,0.916
3,2025-06-16,Prairies,Grocery,Paid Search,CAD,60451,2497818,31242.93,0.012508,0.038229,0.059921,45.08,0.1425,4,0.3,impressions,1.0,3000000,1.1,1.0,36000,1.05,15621.47,46864.4,1.033
4,2025-06-23,Prairies,Grocery,Paid Search,CAD,58950,3109436,36252.02,0.011659,0.035904,0.051623,46.0,0.1355,4,0.3,impressions,1.0,3000000,1.1,1.0,36000,1.05,18126.01,54378.03,0.967
5,2025-06-30,Prairies,Grocery,Paid Search,CAD,60242,2526631,28147.7,0.01114,0.032033,0.05851,44.42,0.1562,4,0.3,impressions,1.0,3000000,1.1,1.0,36000,1.05,14073.85,42221.55,1.006
6,2025-07-07,Prairies,Grocery,Paid Search,CAD,55087,2315561,28137.27,0.012151,0.034831,0.058831,45.35,0.148,4,0.3,impressions,1.0,3000000,1.1,1.0,36000,1.05,14068.64,42205.91,0.973
7,2025-07-14,Prairies,Grocery,Paid Search,CAD,60898,2419139,28078.73,0.011607,0.033905,0.06043,43.9,0.1456,4,0.3,impressions,1.0,3000000,1.1,1.0,36000,1.05,14039.37,42118.1,1.058
8,2025-07-21,Prairies,Grocery,Paid Search,CAD,53755,2954567,38436.75,0.013009,0.037396,0.058949,43.81,0.1488,4,0.3,impressions,1.0,3000000,1.1,1.0,36000,1.05,19218.38,57655.13,1.03
9,2025-07-28,Prairies,Grocery,Paid Search,CAD,56714,2520345,29532.07,0.011717,0.034313,0.05628,44.15,0.1456,4,0.3,impressions,1.0,3000000,1.1,1.0,36000,1.05,14766.03,44298.1,1.095
10,2025-08-04,Prairies,Grocery,Paid Search,CAD,51703,2358976,26849.16,0.011382,0.037329,0.054844,45.78,0.1568,4,0.3,impressions,1.0,3000000,1.1,1.0,36000,1.05,13424.58,40273.75,1.011
11,2025-08-11,Prairies,Grocery,Paid Search,CAD,58155,2478986,30514.64,0.012309,0.033277,0.05984,44.06,0.1415,4,0.3,impressions,1.0,3000000,1.1,1.0,36000,1.05,15257.32,45771.96,1.019
12,2025-08-18,Prairies,Grocery,Paid Search,CAD,53302,2733894,31888.82,0.011664,0.0358,0.056143,46.97,0.1494,4,0.3,impressions,1.0,3000000,1.1,1.0,36000,1.05,15944.41,47833.23,0.926
13,2025-08-25,Prairies,Grocery,Paid Search,CAD,52801,2278760,24734.56,0.010854,0.034044,0.056191,46.67,0.1533,4,0.3,impressions,1.0,3000000,1.1,1.0,36000,1.05,12367.28,37101.84,0.993
1,2025-06-02,Prairies,Grocery,Display,CAD,60200,2865369,10376.21,0.003621,0.003798,0.01081,44.36,0.1387,5,0.5,impressions,1.0,7500000,1.05,1.0,27000,1.05,4150.48,16601.93,0.955
2,2025-06-09,Prairies,Grocery,Display,CAD,56527,2867494,10430.17,0.003637,0.004002,0.011231,46.1,0.1387,5,0.5,impressions,1.0,7500000,1.05,1.0,27000,1.05,4172.07,16688.26,0.903
3,2025-06-16,Prairies,Grocery,Display,CAD,56328,3178747,12255.77,0.003856,0.003949,0.011493,42.77,0.1639,5,0.5,impressions,1.0,7500000,1.05,1.0,27000,1.05,4902.31,19609.23,1.033
4,2025-06-23,Prairies,Grocery,Display,CAD,60281,4292575,18070.7,0.00421,0.004238,0.012259,44.77,0.1461,5,0.5,impressions,1.0,7500000,1.05,1.0,27000,1.05,7228.28,28913.13,0.928
5,2025-06-30,Prairies,Grocery,Display,CAD,51006,3260161,11954.62,0.003667,0.004034,0.012441,46.93,0.1506,5,0.5,impressions,1.0,7500000,1.05,1.0,27000,1.05,4781.85,19127.39,0.953
6,2025-07-07,Prairies,Grocery,Display,CAD,49202,3006092,12006.08,0.003994,0.003697,0.011434,46.5,0.151,5,0.5,impressions,1.0,7500000,1.05,1.0,27000,1.05,4802.43,19209.73,1.024
7,2025-07-14,Prairies,Grocery,Display,CAD,51227,3344011,14124.46,0.004224,0.003936,0.013162,46.39,0.1354,5,0.5,impressions,1.0,7500000,1.05,1.0,27000,1.05,5649.78,22599.14,1.017
8,2025-07-21,Prairies,Grocery,Display,CAD,57479,3661861,13573.62,0.003707,0.003958,0.012172,44.81,0.1361,5,0.5,impressions,1.0,7500000,1.05,1.0,27000,1.05,5429.45,21717.79,1.09
9,2025-07-28,Prairies,Grocery,Display,CAD,53981,3469473,12645.18,0.003645,0.004222,0.011926,42.95,0.1397,5,0.5,impressions,1.0,7500000,1.05,1.0,27000,1.05,5058.07,20232.28,1.069
10,2025-08-04,Prairies,Grocery,Display,CAD,56048,3399088,14814.11,0.004358,0.004164,0.012253,43.79,0.1486,5,0.5,impressions,1.0,7500000,1.05,1.0,27000,1.05,5925.64,23702.58,0.949
11,2025-08-11,Prairies,Grocery,Display,CAD,56764,3250994,11736.84,0.00361,0.003767,0.012607,46.86,0.1356,5,0.5,impressions,1.0,7500000,1.05,1.0,27000,1.05,4694.74,18778.94,1.016
12,2025-08-18,Prairies,Grocery,Display,CAD,48985,3669038,15143.83,0.004127,0.003979,0.012846,46.27,0.1385,5,0.5,impressions,1.0,7500000,1.05,1.0,27000,1.05,6057.53,24230.13,0.929
13,2025-08-25,Prairies,Grocery,Display,CAD,61232,3414152,14345.59,0.004202,0.004134,0.011986,43.61,0.146,5,0.5,impressions,1.0,7500000,1.05,1.0,27000,1.05,5738.24,22952.94,1.084
1,2025-06-02,Prairies,Grocery,Social,CAD,61042,2389088,7760.25,0.003248,0.008509,0.016602,45.96,0.1636,2,0.6,impressions,1.0,5400000,1.1,1.0,24000,1.08,3104.1,12416.4,1.011
2,2025-06-09,Prairies,Grocery,Social,CAD,54168,2438056,7829.32,0.003211,0.007379,0.015088,45.03,0.1645,2,0.6,impressions,1.0,5400000,1.1,1.0,24000,1.08,3131.73,12526.91,0.966
3,2025-06-16,Prairies,Grocery,Social,CAD,60272,2394513,7415.75,0.003097,0.008026,0.016427,42.76,0.1377,2,0.6,impressions,1.0,5400000,1.1,1.0,24000,1.08,2966.3,11865.21,0.963
4,2025-06-23,Prairies,Grocery,Social,CAD,61612,3484429,11183.56,0.00321,0.007787,0.015841,42.81,0.1386,2,0.6,impressions,1.0,5400000,1.1,1.0,24000,1.08,4473.43,17893.7,1.029
5,2025-06-30,Prairies,Grocery,Social,CAD,61654,2578448,8470.17,0.003285,0.007618,0.016064,45.13,0.1462,2,0.6,impressions,1.0,5400000,1.1,1.0,24000,1.08,3388.07,13552.27,1.044
6,2025-07-07,Prairies,Grocery,Social,CAD,53772,2848851,8648.23,0.003036,0.008299,0.015143,44.36,0.1422,2,0.6,impressions,1.0,5400000,1.1,1.0,24000,1.08,3459.29,13837.17,0.957
7,2025-07-14,Prairies,Grocery,Social,CAD,58121,2815320,8860.66,0.003147,0.008691,0.015032,45.69,0.1626,2,0.6,impressions,1.0,5400000,1.1,1.0,24000,1.08,3544.27,14177.06,0.963
8,2025-07-21,Prairies,Grocery,Social,CAD,51735,3148331,8544.32,0.002714,0.007993,0.017422,46.32,0.1426,2,0.6,impressions,1.0,5400000,1.1,1.0,24000,1.08,3417.73,13670.92,0.912
9,2025-07-28,Prairies,Grocery,Social,CAD,60004,2804513,8448.97,0.003013,0.008787,0.017184,45.97,0.1517,2,0.6,impressions,1.0,5400000,1.1,1.0,24000,1.08,3379.59,13518.35,0.947
10,2025-08-04,Prairies,Grocery,Social,CAD,56457,2822747,9278.55,0.003287,0.007936,0.016432,45.82,0.1619,2,0.6,impressions,1.0,5400000,1.1,1.0,24000,1.08,3711.42,14845.68,1.079
11,2025-08-11,Prairies,Grocery,Social,CAD,54270,2697326,8546.69,0.003169,0.007804,0.015614,43.36,0.1442,2,0.6,impressions,1.0,5400000,1.1,1.0,24000,1.08,3418.68,13674.71,1.088
12,2025-08-18,Prairies,Grocery,Social,CAD,58684,3151746,9529.11,0.003023,0.008734,0.016008,46.01,0.1487,2,0.6,impressions,1.0,5400000,1.1,1.0,24000,1.08,3811.64,15246.57,1.048
13,2025-08-25,Prairies,Grocery,Social,CAD,52180,2499345,7668.46,0.003068,0.007592,0.017065,43.81,0.1546,2,0.6,impressions,1.0,5400000,1.1,1.0,24000,1.08,3067.39,12269.54,1.07
1,2025-06-02,Prairies,Grocery,Affiliate,CAD,51868,1323708,8622.19,0.006514,0.019546,0.028541,43.82,0.1385,4,0.4,impressions,1.0,1800000,1.0,1.0,18000,1.0,2586.66,15519.93,0.977
2,2025-06-09,Prairies,Grocery,Affiliate,CAD,54433,1505540,8790.18,0.005839,0.019539,0.028453,46.05,0.1441,4,0.4,impressions,1.0,1800000,1.0,1.0,18000,1.0,2637.05,15822.33,0.939
3,2025-06-16,Prairies,Grocery,Affiliate,CAD,54801,1504234,8650.55,0.005751,0.018843,0.027162,44.35,0.1487,4,0.4,impressions,1.0,1800000,1.0,1.0,18000,1.0,2595.17,15570.99,1.019
4,2025-06-23,Prairies,Grocery,Affiliate,CAD,55230,1689696,11018.11,0.006521,0.018345,0.02924,47.05,0.1525,4,0.4,impressions,1.0,1800000,1.0,1.0,18000,1.0,3305.43,19832.6,0.937
5,2025-06-30,Prairies,Grocery,Affiliate,CAD,57518,1363537,8514.78,0.006245,0.01794,0.028131,43.11,0.1636,4,0.4,impressions,1.0,1800000,1.0,1.0,18000,1.0,2554.43,15326.6,1.083
6,2025-07-07,Prairies,Grocery,Affiliate,CAD,59819,1361418,7986.64,0.005866,0.017092,0.032606,47.07,0.1641,4,0.4,impressions,1.0,1800000,1.0,1.0,18000,1.0,2395.99,14375.94,0.939
7,2025-07-14,Prairies,Grocery,Affiliate,CAD,53081,1536490,8585.67,0.005588,0.017015,0.027505,45.59,0.1485,4,0.4,impressions,1.0,1800000,1.0,1.0,18000,1.0,2575.7,15454.2,1.094
8,2025-07-21,Prairies,Grocery,Affiliate,CAD,52240,1844236,11511.08,0.006242,0.01638,0.027378,46.74,0.1589,4,0.4,impressions,1.0,1800000,1.0,1.0,18000,1.0,3453.32,20719.94,0.903
9,2025-07-28,Prairies,Grocery,Affiliate,CAD,52153,1510337,8779.73,0.005813,0.018034,0.029854,45.35,0.1569,4,0.4,impressions,1.0,1800000,1.0,1.0,18000,1.0,2633.92,15803.52,1.017
10,2025-08-04,Prairies,Grocery,Affiliate,CAD,60947,1351075,8569.91,0.006343,0.016736,0.02773,45.87,0.158,4,0.4,impressions,1.0,1800000,1.0,1.0,18000,1.0,2570.97,15425.83,0.927
11,2025-08-11,Prairies,Grocery,Affiliate,CAD,61421,1449290,8009.53,0.005527,0.019332,0.029114,44.04,0.1404,4,0.4,impressions,1.0,1800000,1.0,1.0,18000,1.0,2402.86,14417.16,0.966
12,2025-08-18,Prairies,Grocery,Affiliate,CAD,55663,1732468,10665.23,0.006156,0.018404,0.03235,44.38,0.1647,4,0.4,impressions,1.0,1800000,1.0,1.0,18000,1.0,3199.57,19197.41,1.059
13,2025-08-25,Prairies,Grocery,Affiliate,CAD,60641,1587563,9080.54,0.00572,0.016202,0.031212,43.51,0.1432,4,0.4,impressions,1.0,1800000,1.0,1.0,18000,1.0,2724.16,16344.97,0.943
1,2025-06-02,Prairies,Grocery,Email,CAD,56686,831782,1270.71,0.001528,0.04617,0.038913,46.65,0.164,6,0.2,impressions,1.0,900000,0.95,1.0,12000,0.95,254.14,3176.79,0.928
2,2025-06-09,Prairies,Grocery,Email,CAD,54320,719087,1087.06,0.001512,0.04574,0.040768,46.56,0.1447,6,0.2,impressions,1.0,900000,0.95,1.0,12000,0.95,217.41,2717.64,1.094
3,2025-06-16,Prairies,Grocery,Email,CAD,56634,767723,1237.88,0.001612,0.052956,0.03627,44.87,0.1459,6,0.2,impressions,1.0,900000,0.95,1.0,12000,0.95,247.58,3094.7,1.006
4,2025-06-23,Prairies,Grocery,Email,CAD,54653,1040912,1450.18,0.001393,0.051566,0.040589,43.91,0.1602,6,0.2,impressions,1.0,900000,0.95,1.0,12000,0.95,290.04,3625.45,0.937
5,2025-06-30,Prairies,Grocery,Email,CAD,60044,758007,1035.78,0.001366,0.045077,0.038495,44.92,0.1597,6,0.2,impressions,1.0,900000,0.95,1.0,12000,0.95,207.16,2589.45,1.041
6,2025-07-07,Prairies,Grocery,Email,CAD,56249,774973,1081.48,0.001396,0.046253,0.041156,45.7,0.1393,6,0.2,impressions,1.0,900000,0.95,1.0,12000,0.95,216.3,2703.69,0.91
7,2025-07-14,Prairies,Grocery,Email,CAD,55022,767839,1143.08,0.001489,0.046533,0.038563,46.61,0.1406,6,0.2,impressions,1.0,900000,0.95,1.0,12000,0.95,228.62,2857.7,0.959
8,2025-07-21,Prairies,Grocery,Email,CAD,56284,1033602,1634.85,0.001582,0.051257,0.038053,45.02,0.1376,6,0.2,impressions,1.0,900000,0.95,1.0,12000,0.95,326.97,4087.13,0.968
9,2025-07-28,Prairies,Grocery,Email,CAD,60156,825632,1215.09,0.001472,0.045112,0.037606,43.65,0.1523,6,0.2,impressions,1.0,900000,0.95,1.0,12000,0.95,243.02,3037.73,1.029
10,2025-08-04,Prairies,Grocery,Email,CAD,55156,732811,1205.95,0.001646,0.05189,0.040868,43.92,0.143,6,0.2,impressions,1.0,900000,0.95,1.0,12000,0.95,241.19,3014.87,0.919
11,2025-08-11,Prairies,Grocery,Email,CAD,60279,774457,1268.0,0.001637,0.047701,0.039861,47.09,0.1573,6,0.2,impressions,1.0,900000,0.95,1.0,12000,0.95,253.6,3170.0,1.075
12,2025-08-18,Prairies,Grocery,Email,CAD,52594,918398,1295.44,0.001411,0.054102,0.04112,43.16,0.1624,6,0.2,impressions,1.0,900000,0.95,1.0,12000,0.95,259.09,3238.59,0.997
13,2025-08-25,Prairies,Grocery,Email,CAD,60436,762124,1094.51,0.001436,0.04522,0.043255,42.88,0.1648,6,0.2,impressions,1.0,900000,0.95,1.0,12000,0.95,218.9,2736.28,0.991
1,2025-06-02,Prairies,Grocery,Online Video,CAD,52308,1565316,10963.51,0.007004,0.003098,0.008534,43.91,0.1635,3,0.7,impressions,1.0,4200000,1.15,1.0,33000,1.1,3289.05,18637.97,1.079
2,2025-06-09,Prairies,Grocery,Online Video,CAD,52265,1866267,13460.21,0.007212,0.002988,0.00918,43.07,0.1355,3,0.7,impressions,1.0,4200000,1.15,1.0,33000,1.1,4038.06,22882.36,0.976
3,2025-06-16,Prairies,Grocery,Online Video,CAD,51351,1639995,12015.1,0.007326,0.003109,0.008525,44.81,0.1607,3,0.7,impressions,1.0,4200000,1.15,1.0,33000,1.1,3604.53,20425.66,1.066
4,2025-06-23,Prairies,Grocery,Online Video,CAD,58916,2074752,15376.38,0.007411,0.002896,0.008841,45.61,0.1483,3,0.7,impressions,1.0,4200000,1.15,1.0,33000,1.1,4612.91,26139.85,0.936
5,2025-06-30,Prairies,Grocery,Online Video,CAD,51590,1682496,12495.74,0.007427,0.003257,0.008371,44.66,0.1406,3,0.7,impressions,1.0,4200000,1.15,1.0,33000,1.1,3748.72,21242.76,0.927
6,2025-07-07,Prairies,Grocery,Online Video,CAD,60162,1770307,11415.5,0.006448,0.002843,0.009661,47.13,0.1351,3,0.7,impressions,1.0,4200000,1.15,1.0,33000,1.1,3424.65,19406.36,1.087
7,2025-07-14,Prairies,Grocery,Online Video,CAD,52830,1663138,10727.72,0.00645,0.002786,0.009357,44.34,0.157,3,0.7,impressions,1.0,4200000,1.15,1.0,33000,1.1,3218.32,18237.12,0.923
8,2025-07-21,Prairies,Grocery,Online Video,CAD,56266,2301335,17319.08,0.007526,0.00274,0.008308,42.8,0.1558,3,0.7,impressions,1.0,4200000,1.15,1.0,33000,1.1,5195.72,29442.43,1.046
9,2025-07-28,Prairies,Grocery,Online Video,CAD,51263,1767916,12085.11,0.006836,0.003091,0.00892,46.99,0.1642,3,0.7,impressions,1.0,4200000,1.15,1.0,33000,1.1,3625.53,20544.69,0.99
10,2025-08-04,Prairies,Grocery,Online Video,CAD,59084,1552656,11233.29,0.007235,0.002998,0.009464,45.07,0.1554,3,0.7,impressions,1.0,4200000,1.15,1.0,33000,1.1,3369.99,19096.6,0.942
11,2025-08-11,Prairies,Grocery,Online Video,CAD,53486,1751884,11317.6,0.00646,0.003094,0.008305,42.91,0.1623,3,0.7,impressions,1.0,4200000,1.15,1.0,33000,1.1,3395.28,19239.92,1.058
12,2025-08-18,Prairies,Grocery,Online Video,CAD,57542,2013244,14056.19,0.006982,0.003076,0.009216,42.79,0.1428,3,0.7,impressions,1.0,4200000,1.15,1.0,33000,1.1,4216.86,23895.52,0.95
13,2025-08-25,Prairies,Grocery,Online Video,CAD,59769,1573437,10228.09,0.0065,0.00297,0.008736,47.06,0.163,3,0.7,impressions,1.0,4200000,1.15,1.0,33000,1.1,3068.43,17387.76,0.998
1,2025-06-02,Prairies,Beauty,Paid Search,CAD,60347,2359801,26234.99,0.011117,0.036916,0.051163,62.34,0.2375,4,0.3,impressions,1.0,3000000,1.1,1.0,36000,1.05,13117.49,39352.48,1.033
2,2025-06-09,Prairies,Beauty,Paid Search,CAD,57454,2398038,26681.88,0.011127,0.032795,0.053118,61.64,0.2414,4,0.3,impressions,1.0,3000000,1.1,1.0,36000,1.05,13340.94,40022.82,1.049
3,2025-06-16,Prairies,Beauty,Paid Search,CAD,54956,2259197,26634.96,0.01179,0.03307,0.053196,60.57,0.2354,4,0.3,impressions,1.0,3000000,1.1,1.0,36000,1.05,13317.48,39952.44,1.05
4,2025-06-23,Prairies,Beauty,Paid Search,CAD,60067,2864905,31933.7,0.011147,0.032112,0.055142,60.23,0.2318,4,0.3,impressions,1.0,3000000,1.1,1.0,36000,1.05,15966.85,47900.54,0.967
5,2025-06-30,Prairies,Beauty,Paid Search,CAD,53427,2448783,31595.62,0.012903,0.032835,0.054619,57.41,0.2124,4,0.3,impressions,1.0,3000000,1.1,1.0,36000,1.05,15797.81,47393.43,0.914
6,2025-07-07,Prairies,Beauty,Paid Search,CAD,57785,2188440,28719.53,0.013123,0.033824,0.058531,57.24,0.223,4,0.3,impressions,1.0,3000000,1.1,1.0,36000,1.05,14359.77,43079.3,0.902
7,2025-07-14,Prairies,Beauty,Paid Search,CAD,50778,2606589,28616.81,0.010979,0.031603,0.058046,58.83,0.2402,4,0.3,impressions,1.0,3000000,1.1,1.0,36000,1.05,14308.41,42925.22,1.012
8,2025-07-21,Prairies,Beauty,Paid Search,CAD,54463,2884635,37555.87,0.013019,0.035414,0.054476,61.52,0.2316,4,0.3,impressions,1.0,3000000,1.1,1.0,36000,1.05,18777.94,56333.81,0.997
9,2025-07-28,Prairies,Beauty,Paid Search,CAD,52048,2253522,25021.45,0.011103,0.033592,0.050543,58.08,0.207,4,0.3,impressions,1.0,3000000,1.1,1.0,36000,1.05,12510.72,37532.17,0.991
10,2025-08-04,Prairies,Beauty,Paid Search,CAD,50802,2577597,33450.79,0.012978,0.035067,0.052898,60.32,0.2326,4,0.3,impressions,1.0,3000000,1.1,1.0,36000,1.05,16725.4,50176.19,0.986
11,2025-08-11,Prairies,Beauty,Paid Search,CAD,59034,2611452,28259.5,0.010821,0.034532,0.053399,61.9,0.2029,4,0.3,impressions,1.0,3000000,1.1,1.0,36000,1.05,14129.75,42389.25,1.016
12,2025-08-18,Prairies,Beauty,Paid Search,CAD,54684,2951813,33729.37,0.011427,0.032582,0.055169,58.51,0.2345,4,0.3,impressions,1.0,3000000,1.1,1.0,36000,1.05,16864.68,50594.05,1.069
13,2025-08-25,Prairies,Beauty,Paid Search,CAD,54882,2586461,31523.06,0.012188,0.032115,0.056041,59.55,0.2345,4,0.3,impressions,1.0,3000000,1.1,1.0,36000,1.05,15761.53,47284.58,0.991
1,2025-06-02,Prairies,Beauty,Display,CAD,52124,3452647,14274.79,0.004134,0.004002,0.012535,58.34,0.2008,5,0.5,impressions,1.0,7500000,1.05,1.0,27000,1.05,5709.92,22839.66,1.028
2,2025-06-09,Prairies,Beauty,Display,CAD,54515,2888049,11865.11,0.004108,0.004263,0.011521,57.65,0.2407,5,0.5,impressions,1.0,7500000,1.05,1.0,27000,1.05,4746.04,18984.17,1.007
3,2025-06-16,Prairies,Beauty,Display,CAD,48673,3344640,13220.18,0.003953,0.004232,0.011091,58.8,0.2117,5,0.5,impressions,1.0,7500000,1.05,1.0,27000,1.05,5288.07,21152.29,1.05
4,2025-06-23,Prairies,Beauty,Display,CAD,60496,4410795,18090.9,0.004102,0.004248,0.012963,59.0,0.2168,5,0.5,impressions,1.0,7500000,1.05,1.0,27000,1.05,7236.36,28945.44,0.993
5,2025-06-30,Prairies,Beauty,Display,CAD,49842,3416223,14761.06,0.004321,0.004354,0.012775,61.1,0.2357,5,0.5,impressions,1.0,7500000,1.05,1.0,27000,1.05,5904.42,23617.7,1.093
6,2025-07-07,Prairies,Beauty,Display,CAD,53639,3105003,13145.1,0.004234,0.003867,0.011856,60.99,0.2373,5,0.5,impressions,1.0,7500000,1.05,1.0,27000,1.05,5258.04,21032.16,0.906
7,2025-07-14,Prairies,Beauty,Display,CAD,49416,3340838,12831.97,0.003841,0.00397,0.012538,59.78,0.2077,5,0.5,impressions,1.0,7500000,1.05,1.0,27000,1.05,5132.79,20531.15,1.041
8,2025-07-21,Prairies,Beauty,Display,CAD,57443,4219109,18069.5,0.004283,0.003903,0.0109,59.93,0.2244,5,0.5,impressions,1.0,7500000,1.05,1.0,27000,1.05,7227.8,28911.2,1.046
9,2025-07-28,Prairies,Beauty,Display,CAD,53428,3465744,13490.44,0.003893,0.00421,0.012214,58.46,0.2377,5,0.5,impressions,1.0,7500000,1.05,1.0,27000,1.05,5396.18,21584.71,0.922
10,2025-08-04,Prairies,Beauty,Display,CAD,48725,3461769,12941.29,0.003738,0.003778,0.01241,61.68,0.2386,5,0.5,impressions,1.0,7500000,1.05,1.0,27000,1.05,5176.52,20706.07,1.092
11,2025-08-11,Prairies,Beauty,Display,CAD,50324,2955199,11620.41,0.003932,0.004192,0.011002,61.2,0.2401,5,0.5,impressions,1.0,7500000,1.05,1.0,27000,1.05,4648.16,18592.66,0.994
12,2025-08-18,Prairies,Beauty,Display,CAD,61726,4221376,15966.64,0.003782,0.004374,0.013131,58.92,0.238,5,0.5,impressions,1.0,7500000,1.05,1.0,27000,1.05,6386.66,25546.63,1.079
13,2025-08-25,Prairies,Beauty,Display,CAD,61560,3456985,12579.46,0.003639,0.003772,0.012623,61.91,0.2245,5,0.5,impressions,1.0,7500000,1.05,1.0,27000,1.05,5031.78,20127.13,0.91
1,2025-06-02,Prairies,Beauty,Social,CAD,52063,2702348,8722.36,0.003228,0.007457,0.015949,61.89,0.2404,2,0.6,impressions,1.0,5400000,1.1,1.0,24000,1.08,3488.94,13955.77,0.905
2,2025-06-09,Prairies,Beauty,Social,CAD,52761,2584506,8414.54,0.003256,0.007557,0.016561,58.93,0.2365,2,0.6,impressions,1.0,5400000,1.1,1.0,24000,1.08,3365.82,13463.27,1.002
3,2025-06-16,Prairies,Beauty,Social,CAD,57350,2903339,8654.72,0.002981,0.007908,0.017324,58.66,0.2351,2,0.6,impressions,1.0,5400000,1.1,1.0,24000,1.08,3461.89,13847.55,0.95
4,2025-06-23,Prairies,Beauty,Social,CAD,58024,3349479,9198.93,0.002746,0.007582,0.014585,62.49,0.2022,2,0.6,impressions,1.0,5400000,1.1,1.0,24000,1.08,3679.57,14718.29,1.07
5,2025-06-30,Prairies,Beauty,Social,CAD,48823,2685997,7657.48,0.002851,0.007474,0.015801,58.53,0.2114,2,0.6,impressions,1.0,5400000,1.1,1.0,24000,1.08,3062.99,12251.96,0.982
6,2025-07-07,Prairies,Beauty,Social,CAD,54199,2803688,8550.23,0.00305,0.007499,0.017495,62.21,0.2066,2,0.6,impressions,1.0,5400000,1.1,1.0,24000,1.08,3420.09,13680.37,0.936
7,2025-07-14,Prairies,Beauty,Social,CAD,54698,2546303,8396.52,0.003298,0.008418,0.016838,61.69,0.2044,2,0.6,impressions,1.0,5400000,1.1,1.0,24000,1.08,3358.61,13434.43,0.925
8,2025-07-21,Prairies,Beauty,Social,CAD,50616,3071997,10035.2,0.003267,0.008461,0.016085,60.54,0.221,2,0.6,impressions,1.0,5400000,1.1,1.0,24000,1.08,4014.08,16056.32,1.07
9,2025-07-28,Prairies,Beauty,Social,CAD,55955,2501736,7970.66,0.003186,0.008785,0.015729,60.77,0.2402,2,0.6,impressions,1.0,5400000,1.1,1.0,24000,1.08,3188.26,12753.06,0.982
10,2025-08-04,Prairies,Beauty,Social,CAD,58138,2768297,8301.15,0.002999,0.008067,0.01526,60.75,0.2016,2,0.6,impressions,1.0,5400000,1.1,1.0,24000,1.08,3320.46,13281.84,1.076
11,2025-08-11,Prairies,Beauty,Social,CAD,53648,2400885,7147.14,0.002977,0.007881,0.014597,57.83,0.2265,2,0.6,impressions,1.0,5400000,1.1,1.0,24000,1.08,2858.86,11435.42,0.917
12,2025-08-18,Prairies,Beauty,Social,CAD,61060,3636258,11991.2,0.003298,0.007205,0.017474,60.33,0.2085,2,0.6,impressions,1.0,5400000,1.1,1.0,24000,1.08,4796.48,19185.92,1.071
13,2025-08-25,Prairies,Beauty,Social,CAD,53030,2605361,7172.72,0.002753,0.008071,0.014639,62.38,0.2365,2,0.6,impressions,1.0,5400000,1.1,1.0,24000,1.08,2869.09,11476.36,1.029
1,2025-06-02,Prairies,Beauty,Affiliate,CAD,59435,1517069,9312.87,0.006139,0.019105,0.03139,58.39,0.2096,4,0.4,impressions,1.0,1800000,1.0,1.0,18000,1.0,2793.86,16763.16,0.923
2,2025-06-09,Prairies,Beauty,Affiliate,CAD,59477,1532209,8989.14,0.005867,0.016874,0.031083,60.38,0.2251,4,0.4,impressions,1.0,1800000,1.0,1.0,18000,1.0,2696.74,16180.45,0.956
3,2025-06-16,Prairies,Beauty,Affiliate,CAD,49546,1353444,8676.14,0.00641,0.018149,0.027741,62.07,0.2112,4,0.4,impressions,1.0,1800000,1.0,1.0,18000,1.0,2602.84,15617.06,1.015
4,2025-06-23,Prairies,Beauty,Affiliate,CAD,60780,1803012,11203.47,0.006214,0.016529,0.031084,60.68,0.2366,4,0.4,impressions,1.0,1800000,1.0,1.0,18000,1.0,3361.04,20166.24,0.907
5,2025-06-30,Prairies,Beauty,Affiliate,CAD,60576,1396068,8533.87,0.006113,0.016606,0.029473,57.19,0.223,4,0.4,impressions,1.0,1800000,1.0,1.0,18000,1.0,2560.16,15360.97,1.007
6,2025-07-07,Prairies,Beauty,Affiliate,CAD,51302,1494957,9443.65,0.006317,0.018316,0.032674,59.63,0.219,4,0.4,impressions,1.0,1800000,1.0,1.0,18000,1.0,2833.1,16998.57,0.918
7,2025-07-14,Prairies,Beauty,Affiliate,CAD,56888,1503973,8585.86,0.005709,0.01732,0.03167,57.78,0.2076,4,0.4,impressions,1.0,1800000,1.0,1.0,18000,1.0,2575.76,15454.55,1.038
8,2025-07-21,Prairies,Beauty,Affiliate,CAD,57530,2025140,12033.63,0.005942,0.017359,0.032405,60.08,0.2397,4,0.4,impressions,1.0,1800000,1.0,1.0,18000,1.0,3610.09,21660.54,1.089
9,2025-07-28,Prairies,Beauty,Affiliate,CAD,60530,1434464,8288.49,0.005778,0.018149,0.028844,60.35,0.2246,4,0.4,impressions,1.0,1800000,1.0,1.0,18000,1.0,2486.55,14919.29,0.985
10,2025-08-04,Prairies,Beauty,Affiliate,CAD,59538,1547989,10162.06,0.006565,0.017184,0.027048,61.95,0.2251,4,0.4,impressions,1.0,1800000,1.0,1.0,18000,1.0,3048.62,18291.7,1.086
11,2025-08-11,Prairies,Beauty,Affiliate,CAD,54730,1535950,8475.92,0.005518,0.01759,0.030329,62.79,0.2413,4,0.4,impressions,1.0,1800000,1.0,1.0,18000,1.0,2542.77,15256.65,0.999
12,2025-08-18,Prairies,Beauty,Affiliate,CAD,61119,1819928,10980.26,0.006033,0.017767,0.02876,57.32,0.2416,4,0.4,impressions,1.0,1800000,1.0,1.0,18000,1.0,3294.08,19764.47,1.045
13,2025-08-25,Prairies,Beauty,Affiliate,CAD,58008,1326386,8747.26,0.006595,0.017244,0.028332,61.63,0.209,4,0.4,impressions,1.0,1800000,1.0,1.0,18000,1.0,2624.18,15745.08,0.961
1,2025-06-02,Prairies,Beauty,Email,CAD,60661,820454,1274.8,0.001554,0.047213,0.041879,59.89,0.2395,6,0.2,impressions,1.0,900000,0.95,1.0,12000,0.95,254.96,3187.01,0.938
2,2025-06-09,Prairies,Beauty,Email,CAD,55634,833245,1201.02,0.001441,0.047966,0.036836,62.83,0.2404,6,0.2,impressions,1.0,900000,0.95,1.0,12000,0.95,240.2,3002.54,1.056
3,2025-06-16,Prairies,Beauty,Email,CAD,52296,745001,1117.85,0.0015,0.050535,0.036028,60.59,0.2097,6,0.2,impressions,1.0,900000,0.95,1.0,12000,0.95,223.57,2794.62,1.025
4,2025-06-23,Prairies,Beauty,Email,CAD,53708,1009222,1490.42,0.001477,0.046461,0.041763,59.12,0.2335,6,0.2,impressions,1.0,900000,0.95,1.0,12000,0.95,298.08,3726.05,1.076
5,2025-06-30,Prairies,Beauty,Email,CAD,50586,757995,1137.95,0.001501,0.048683,0.042872,58.25,0.225,6,0.2,impressions,1.0,900000,0.95,1.0,12000,0.95,227.59,2844.87,0.917
6,2025-07-07,Prairies,Beauty,Email,CAD,51709,817498,1309.14,0.001601,0.047417,0.041892,62.17,0.2099,6,0.2,impressions,1.0,900000,0.95,1.0,12000,0.95,261.83,3272.85,1.025
7,2025-07-14,Prairies,Beauty,Email,CAD,58998,822311,1353.17,0.001646,0.053872,0.036327,61.96,0.2315,6,0.2,impressions,1.0,900000,0.95,1.0,12000,0.95,270.63,3382.92,1.099
8,2025-07-21,Prairies,Beauty,Email,CAD,56262,1088668,1670.21,0.001534,0.052702,0.038813,59.02,0.2407,6,0.2,impressions,1.0,900000,0.95,1.0,12000,0.95,334.04,4175.52,1.056
9,2025-07-28,Prairies,Beauty,Email,CAD,58171,772846,1177.7,0.001524,0.054097,0.037949,59.89,0.232,6,0.2,impressions,1.0,900000,0.95,1.0,12000,0.95,235.54,2944.24,0.981
10,2025-08-04,Prairies,Beauty,Email,CAD,50310,819229,1135.22,0.001386,0.046111,0.036857,57.2,0.2215,6,0.2,impressions,1.0,900000,0.95,1.0,12000,0.95,227.04,2838.05,1.022
11,2025-08-11,Prairies,Beauty,Email,CAD,62043,736076,1082.93,0.001471,0.050977,0.037177,61.53,0.1987,6,0.2,impressions,1.0,900000,0.95,1.0,12000,0.95,216.59,2707.33,1.047
12,2025-08-18,Prairies,Beauty,Email,CAD,57213,1006244,1613.88,0.001604,0.049641,0.041038,62.05,0.2123,6,0.2,impressions,1.0,900000,0.95,1.0,12000,0.95,322.78,4034.7,0.914
13,2025-08-25,Prairies,Beauty,Email,CAD,57847,719018,1050.67,0.001461,0.054458,0.039462,62.44,0.2032,6,0.2,impressions,1.0,900000,0.95,1.0,12000,0.95,210.13,2626.68,0.977
1,2025-06-02,Prairies,Beauty,Online Video,CAD,54782,1622364,11092.52,0.006837,0.003159,0.008223,58.41,0.2305,3,0.7,impressions,1.0,4200000,1.15,1.0,33000,1.1,3327.76,18857.29,1.064
2,2025-06-09,Prairies,Beauty,Online Video,CAD,60595,1844676,12729.96,0.006901,0.003249,0.009401,60.43,0.2283,3,0.7,impressions,1.0,4200000,1.15,1.0,33000,1.1,3818.99,21640.93,1.086
3,2025-06-16,Prairies,Beauty,Online Video,CAD,55473,1861797,13678.06,0.007347,0.003186,0.008364,61.89,0.2366,3,0.7,impressions,1.0,4200000,1.15,1.0,33000,1.1,4103.42,23252.69,1.031
4,2025-06-23,Prairies,Beauty,Online Video,CAD,49369,2313993,16111.12,0.006962,0.002706,0.009131,62.77,0.2377,3,0.7,impressions,1.0,4200000,1.15,1.0,33000,1.1,4833.34,27388.91,0.98
5,2025-06-30,Prairies,Beauty,Online Video,CAD,56437,1562031,10356.48,0.00663,0.003118,0.008153,62.33,0.2037,3,0.7,impressions,1.0,4200000,1.15,1.0,33000,1.1,3106.94,17606.02,1.089
6,2025-07-07,Prairies,Beauty,Online Video,CAD,53326,1690820,12435.87,0.007355,0.003201,0.009855,59.62,0.2397,3,0.7,impressions,1.0,4200000,1.15,1.0,33000,1.1,3730.76,21140.97,0.99
7,2025-07-14,Prairies,Beauty,Online Video,CAD,59182,1560545,10612.88,0.006801,0.003188,0.009752,59.77,0.2375,3,0.7,impressions,1.0,4200000,1.15,1.0,33000,1.1,3183.87,18041.9,0.991
8,2025-07-21,Prairies,Beauty,Online Video,CAD,59841,2180267,15013.68,0.006886,0.002926,0.008904,61.54,0.2388,3,0.7,impressions,1.0,4200000,1.15,1.0,33000,1.1,4504.1,25523.26,1.046
9,2025-07-28,Prairies,Beauty,Online Video,CAD,57202,1885073,13635.75,0.007234,0.002898,0.009157,57.14,0.2154,3,0.7,impressions,1.0,4200000,1.15,1.0,33000,1.1,4090.73,23180.78,0.967
10,2025-08-04,Prairies,Beauty,Online Video,CAD,56794,1669346,11455.55,0.006862,0.00285,0.008477,58.16,0.2039,3,0.7,impressions,1.0,4200000,1.15,1.0,33000,1.1,3436.66,19474.43,0.929
11,2025-08-11,Prairies,Beauty,Online Video,CAD,52984,1700803,11351.73,0.006674,0.002727,0.008162,58.14,0.2217,3,0.7,impressions,1.0,4200000,1.15,1.0,33000,1.1,3405.52,19297.95,1.067
12,2025-08-18,Prairies,Beauty,Online Video,CAD,50857,2076840,13944.05,0.006714,0.003003,0.008265,62.84,0.241,3,0.7,impressions,1.0,4200000,1.15,1.0,33000,1.1,4183.21,23704.88,0.999
13,2025-08-25,Prairies,Beauty,Online Video,CAD,61190,1740182,12252.8,0.007041,0.002989,0.008838,58.39,0.2031,3,0.7,impressions,1.0,4200000,1.15,1.0,33000,1.1,3675.84,20829.75,0.928
1,2025-06-02,Prairies,Sporting Goods,Paid Search,CAD,54581,2415589,27792.67,0.011506,0.036434,0.054317,144.94,0.2776,4,0.3,impressions,1.0,3000000,1.1,1.0,36000,1.05,13896.33,41689.0,0.916
2,2025-06-09,Prairies,Sporting Goods,Paid Search,CAD,59144,2237488,24630.75,0.011008,0.035664,0.054107,141.34,0.2526,4,0.3,impressions,1.0,3000000,1.1,1.0,36000,1.05,12315.38,36946.13,0.908
3,2025-06-16,Prairies,Sporting Goods,Paid Search,CAD,56975,2352437,26372.85,0.011211,0.036027,0.059947,138.84,0.2842,4,0.3,impressions,1.0,3000000,1.1,1.0,36000,1.05,13186.42,39559.27,0.981
4,2025-06-23,Prairies,Sporting Goods,Paid Search,CAD,49267,3170982,39912.08,0.012587,0.03254,0.050479,136.34,0.2995,4,0.3,impressions,1.0,3000000,1.1,1.0,36000,1.05,19956.04,59868.13,0.94
5,2025-06-30,Prairies,Sporting Goods,Paid Search,CAD,51075,2317174,29529.1,0.012744,0.033544,0.056039,133.84,0.266,4,0.3,impressions,1.0,3000000,1.1,1.0,36000,1.05,14764.55,44293.66,1.009
6,2025-07-07,Prairies,Sporting Goods,Paid Search,CAD,55895,2264515,27265.96,0.012041,0.034846,0.052981,137.98,0.2712,4,0.3,impressions,1.0,3000000,1.1,1.0,36000,1.05,13632.98,40898.94,0.989
7,2025-07-14,Prairies,Sporting Goods,Paid Search,CAD,54276,2245366,25063.29,0.011162,0.032874,0.049643,133.6,0.2762,4,0.3,impressions,1.0,3000000,1.1,1.0,36000,1.05,12531.65,37594.94,0.966
8,2025-07-21,Prairies,Sporting Goods,Paid Search,CAD,54337,2850562,34065.22,0.01195,0.035266,0.057463,133.87,0.253,4,0.3,impressions,1.0,3000000,1.1,1.0,36000,1.05,17032.61,51097.84,0.909
9,2025-07-28,Prairies,Sporting Goods,Paid Search,CAD,60259,2533662,27910.94,0.011016,0.033794,0.059257,146.28,0.3,4,0.3,impressions,1.0,3000000,1.1,1.0,36000,1.05,13955.47,41866.4,0.916
10,2025-08-04,Prairies,Sporting Goods,Paid Search,CAD,51896,2258132,24990.7,0.011067,0.032558,0.050978,137.59,0.2985,4,0.3,impressions,1.0,3000000,1.1,1.0,36000,1.05,12495.35,37486.05,1.035
11,2025-08-11,Prairies,Sporting Goods,Paid Search,CAD,50341,2445604,28146.51,0.011509,0.032178,0.053463,144.86,0.2808,4,0.3,impressions,1.0,3000000,1.1,1.0,36000,1.05,14073.26,42219.77,1.086
12,2025-08-18,Prairies,Sporting Goods,Paid Search,CAD,53868,2792512,36557.06,0.013091,0.033757,0.057275,140.12,0.2804,4,0.3,impressions,1.0,3000000,1.1,1.0,36000,1.05,18278.53,54835.59,1.07
13,2025-08-25,Prairies,Sporting Goods,Paid Search,CAD,51536,2209915,27406.36,0.012402,0.032446,0.059593,138.89,0.2826,4,0.3,impressions,1.0,3000000,1.1,1.0,36000,1.05,13703.18,41109.53,0.957
1,2025-06-02,Prairies,Sporting Goods,Display,CAD,56163,3317512,12918.57,0.003894,0.003908,0.012997,140.33,0.2611,5,0.5,impressions,1.0,7500000,1.05,1.0,27000,1.05,5167.43,20669.72,0.988
2,2025-06-09,Prairies,Sporting Goods,Display,CAD,54127,3375147,13931.29,0.004128,0.004358,0.012938,145.91,0.2836,5,0.5,impressions,1.0,7500000,1.05,1.0,27000,1.05,5572.51,22290.06,0.917
3,2025-06-16,Prairies,Sporting Goods,Display,CAD,56714,3034487,11534.72,0.003801,0.004395,0.011198,135.28,0.2709,5,0.5,impressions,1.0,7500000,1.05,1.0,27000,1.05,4613.89,18455.55,1.099
4,2025-06-23,Prairies,Sporting Goods,Display,CAD,50980,4333041,16042.62,0.003702,0.003642,0.012668,133.28,0.2878,5,0.5,impressions,1.0,7500000,1.05,1.0,27000,1.05,6417.05,25668.2,0.968
5,2025-06-30,Prairies,Sporting Goods,Display,CAD,61193,3201497,12217.84,0.003816,0.003735,0.012976,139.23,0.3021,5,0.5,impressions,1.0,7500000,1.05,1.0,27000,1.05,4887.13,19548.54,1.085
6,2025-07-07,Prairies,Sporting Goods,Display,CAD,52825,3347503,12667.79,0.003784,0.003969,0.012198,146.87,0.2676,5,0.5,impressions,1.0,7500000,1.05,1.0,27000,1.05,5067.12,20268.47,0.963
7,2025-07-14,Prairies,Sporting Goods,Display,CAD,55405,3010292,11426.66,0.003796,0.003683,0.012144,135.08,0.2647,5,0.5,impressions,1.0,7500000,1.05,1.0,27000,1.05,4570.67,18282.66,0.977
8,2025-07-21,Prairies,Sporting Goods,Display,CAD,59685,3708754,15688.76,0.00423,0.00366,0.012086,141.04,0.3066,5,0.5,impressions,1.0,7500000,1.05,1.0,27000,1.05,6275.51,25102.02,1.001
9,2025-07-28,Prairies,Sporting Goods,Display,CAD,56548,2879563,11115.85,0.00386,0.004017,0.012046,137.54,0.2874,5,0.5,impressions,1.0,7500000,1.05,1.0,27000,1.05,4446.34,17785.36,1.045
10,2025-08-04,Prairies,Sporting Goods,Display,CAD,48858,2956813,11149.28,0.003771,0.003885,0.011322,134.15,0.257,5,0.5,impressions,1.0,7500000,1.05,1.0,27000,1.05,4459.71,17838.85,0.953
11,2025-08-11,Prairies,Sporting Goods,Display,CAD,50608,3162871,13895.6,0.004393,0.003845,0.013189,135.62,0.2639,5,0.5,impressions,1.0,7500000,1.05,1.0,27000,1.05,5558.24,22232.96,1.001
12,2025-08-18,Prairies,Sporting Goods,Display,CAD,60591,3808698,16217.76,0.004258,0.00392,0.011579,144.59,0.3073,5,0.5,impressions,1.0,7500000,1.05,1.0,27000,1.05,6487.1,25948.41,1.008
13,2025-08-25,Prairies,Sporting Goods,Display,CAD,56903,3161453,13765.3,0.004354,0.004073,0.012951,143.18,0.2715,5,0.5,impressions,1.0,7500000,1.05,1.0,27000,1.05,5506.12,22024.48,1.066
1,2025-06-02,Prairies,Sporting Goods,Social,CAD,56429,2422526,7148.22,0.002951,0.008253,0.015569,133.71,0.3038,2,0.6,impressions,1.0,5400000,1.1,1.0,24000,1.08,2859.29,11437.15,1.074
2,2025-06-09,Prairies,Sporting Goods,Social,CAD,54301,2740861,8722.21,0.003182,0.007873,0.01696,133.84,0.2751,2,0.6,impressions,1.0,5400000,1.1,1.0,24000,1.08,3488.89,13955.54,1.009
3,2025-06-16,Prairies,Sporting Goods,Social,CAD,56343,2646470,7799.65,0.002947,0.008151,0.014884,133.4,0.2604,2,0.6,impressions,1.0,5400000,1.1,1.0,24000,1.08,3119.86,12479.43,0.929
4,2025-06-23,Prairies,Sporting Goods,Social,CAD,56265,3533356,11491.85,0.003252,0.008409,0.015594,138.43,0.2604,2,0.6,impressions,1.0,5400000,1.1,1.0,24000,1.08,4596.74,18386.96,0.977
5,2025-06-30,Prairies,Sporting Goods,Social,CAD,59336,2849470,8276.29,0.002905,0.00777,0.014882,133.41,0.2801,2,0.6,impressions,1.0,5400000,1.1,1.0,24000,1.08,3310.52,13242.06,0.906
6,2025-07-07,Prairies,Sporting Goods,Social,CAD,50777,2509752,7063.78,0.002815,0.00861,0.015847,143.53,0.2701,2,0.6,impressions,1.0,5400000,1.1,1.0,24000,1.08,2825.51,11302.06,0.997
7,2025-07-14,Prairies,Sporting Goods,Social,CAD,55253,2807832,8374.09,0.002982,0.007349,0.016914,139.26,0.2521,2,0.6,impressions,1.0,5400000,1.1,1.0,24000,1.08,3349.64,13398.55,0.988
8,2025-07-21,Prairies,Sporting Goods,Social,CAD,52640,3146061,9186.52,0.00292,0.008418,0.014601,141.06,0.2778,2,0.6,impressions,1.0,5400000,1.1,1.0,24000,1.08,3674.61,14698.44,0.96
9,2025-07-28,Prairies,Sporting Goods,Social,CAD,56010,2610360,7369.33,0.002823,0.008787,0.015444,144.52,0.2756,2,0.6,impressions,1.0,5400000,1.1,1.0,24000,1.08,2947.73,11790.93,1.019
10,2025-08-04,Prairies,Sporting Goods,Social,CAD,58955,2467570,7874.77,0.003191,0.008145,0.01451,135.73,0.2684,2,0.6,impressions,1.0,5400000,1.1,1.0,24000,1.08,3149.91,12599.63,1.017
11,2025-08-11,Prairies,Sporting Goods,Social,CAD,51398,2537010,7008.48,0.002762,0.008408,0.016491,137.22,0.2804,2,0.6,impressions,1.0,5400000,1.1,1.0,24000,1.08,2803.39,11213.56,1.074
12,2025-08-18,Prairies,Sporting Goods,Social,CAD,52521,3279536,10360.08,0.003159,0.008396,0.015505,141.79,0.2522,2,0.6,impressions,1.0,5400000,1.1,1.0,24000,1.08,4144.03,16576.13,0.944
13,2025-08-25,Prairies,Sporting Goods,Social,CAD,60598,2468085,7383.99,0.002992,0.007603,0.017416,144.87,0.264,2,0.6,impressions,1.0,5400000,1.1,1.0,24000,1.08,2953.6,11814.39,0.999
1,2025-06-02,Prairies,Sporting Goods,Affiliate,CAD,59358,1505254,9783.73,0.0065,0.019423,0.027378,138.82,0.2607,4,0.4,impressions,1.0,1800000,1.0,1.0,18000,1.0,2935.12,17610.72,0.909
2,2025-06-09,Prairies,Sporting Goods,Affiliate,CAD,55271,1370852,7931.31,0.005786,0.019754,0.031182,135.12,0.274,4,0.4,impressions,1.0,1800000,1.0,1.0,18000,1.0,2379.39,14276.37,1.056
3,2025-06-16,Prairies,Sporting Goods,Affiliate,CAD,57314,1387483,7690.45,0.005543,0.018576,0.029616,146.4,0.2671,4,0.4,impressions,1.0,1800000,1.0,1.0,18000,1.0,2307.13,13842.81,1.054
4,2025-06-23,Prairies,Sporting Goods,Affiliate,CAD,48832,1879220,12208.38,0.006497,0.019743,0.032815,139.09,0.2613,4,0.4,impressions,1.0,1800000,1.0,1.0,18000,1.0,3662.51,21975.08,0.939
5,2025-06-30,Prairies,Sporting Goods,Affiliate,CAD,57712,1548108,9241.75,0.00597,0.016209,0.028083,138.51,0.2727,4,0.4,impressions,1.0,1800000,1.0,1.0,18000,1.0,2772.53,16635.16,1.087
6,2025-07-07,Prairies,Sporting Goods,Affiliate,CAD,60463,1360157,7545.09,0.005547,0.017803,0.028633,142.41,0.2991,4,0.4,impressions,1.0,1800000,1.0,1.0,18000,1.0,2263.53,13581.17,1.005
7,2025-07-14,Prairies,Sporting Goods,Affiliate,CAD,56098,1534702,9245.14,0.006024,0.016719,0.030857,133.39,0.2744,4,0.4,impressions,1.0,1800000,1.0,1.0,18000,1.0,2773.54,16641.26,0.956
8,2025-07-21,Prairies,Sporting Goods,Affiliate,CAD,57809,1850818,10555.74,0.005703,0.019543,0.028427,137.96,0.3021,4,0.4,impressions,1.0,1800000,1.0,1.0,18000,1.0,3166.72,19000.33,1.095
9,2025-07-28,Prairies,Sporting Goods,Affiliate,CAD,58186,1401281,8892.56,0.006346,0.01902,0.028036,143.48,0.265,4,0.4,impressions,1.0,1800000,1.0,1.0,18000,1.0,2667.77,16006.61,0.948
10,2025-08-04,Prairies,Sporting Goods,Affiliate,CAD,57729,1483123,9576.1,0.006457,0.016949,0.031221,134.05,0.277,4,0.4,impressions,1.0,1800000,1.0,1.0,18000,1.0,2872.83,17236.98,1.099
11,2025-08-11,Prairies,Sporting Goods,Affiliate,CAD,53441,1469622,9681.4,0.006588,0.018658,0.030721,133.85,0.2562,4,0.4,impressions,1.0,1800000,1.0,1.0,18000,1.0,2904.42,17426.52,0.919
12,2025-08-18,Prairies,Sporting Goods,Affiliate,CAD,57608,1772644,11445.5,0.006457,0.017303,0.031046,134.32,0.2822,4,0.4,impressions,1.0,1800000,1.0,1.0,18000,1.0,3433.65,20601.9,1.01
13,2025-08-25,Prairies,Sporting Goods,Affiliate,CAD,60902,1554679,9272.18,0.005964,0.019536,0.027226,135.7,0.2821,4,0.4,impressions,1.0,1800000,1.0,1.0,18000,1.0,2781.65,16689.92,0.98
1,2025-06-02,Prairies,Sporting Goods,Email,CAD,53376,715589,967.4,0.001352,0.053118,0.038244,144.97,0.2587,6,0.2,impressions,1.0,900000,0.95,1.0,12000,0.95,193.48,2418.5,0.976
2,2025-06-09,Prairies,Sporting Goods,Email,CAD,58950,793822,1168.25,0.001472,0.045772,0.042513,139.86,0.2668,6,0.2,impressions,1.0,900000,0.95,1.0,12000,0.95,233.65,2920.63,1.081
3,2025-06-16,Prairies,Sporting Goods,Email,CAD,51008,834390,1374.25,0.001647,0.054705,0.039414,137.13,0.2524,6,0.2,impressions,1.0,900000,0.95,1.0,12000,0.95,274.85,3435.62,0.91
4,2025-06-23,Prairies,Sporting Goods,Email,CAD,55939,1089708,1504.67,0.001381,0.05424,0.042334,143.88,0.2993,6,0.2,impressions,1.0,900000,0.95,1.0,12000,0.95,300.93,3761.67,1.041
5,2025-06-30,Prairies,Sporting Goods,Email,CAD,53157,870586,1344.23,0.001544,0.052622,0.041509,140.67,0.2788,6,0.2,impressions,1.0,900000,0.95,1.0,12000,0.95,268.85,3360.57,0.918
6,2025-07-07,Prairies,Sporting Goods,Email,CAD,58356,862330,1301.95,0.00151,0.05265,0.037711,134.34,0.2867,6,0.2,impressions,1.0,900000,0.95,1.0,12000,0.95,260.39,3254.88,0.943
7,2025-07-14,Prairies,Sporting Goods,Email,CAD,58005,723712,1071.81,0.001481,0.054711,0.038457,139.97,0.3075,6,0.2,impressions,1.0,900000,0.95,1.0,12000,0.95,214.36,2679.52,0.972
8,2025-07-21,Prairies,Sporting Goods,Email,CAD,59784,1060726,1619.68,0.001527,0.045783,0.04348,143.55,0.2655,6,0.2,impressions,1.0,900000,0.95,1.0,12000,0.95,323.94,4049.21,0.986
9,2025-07-28,Prairies,Sporting Goods,Email,CAD,48928,837022,1342.6,0.001604,0.05072,0.043775,139.23,0.2892,6,0.2,impressions,1.0,900000,0.95,1.0,12000,0.95,268.52,3356.5,1.018
10,2025-08-04,Prairies,Sporting Goods,Email,CAD,51609,809350,1294.74,0.0016,0.054845,0.043577,134.49,0.3077,6,0.2,impressions,1.0,900000,0.95,1.0,12000,0.95,258.95,3236.86,1.035
11,2025-08-11,Prairies,Sporting Goods,Email,CAD,61382,855410,1389.98,0.001625,0.053565,0.036899,145.88,0.2528,6,0.2,impressions,1.0,900000,0.95,1.0,12000,0.95,278.0,3474.96,0.908
12,2025-08-18,Prairies,Sporting Goods,Email,CAD,62032,1100046,1600.2,0.001455,0.047942,0.038985,143.63,0.2721,6,0.2,impressions,1.0,900000,0.95,1.0,12000,0.95,320.04,4000.5,0.963
13,2025-08-25,Prairies,Sporting Goods,Email,CAD,50035,721442,1099.35,0.001524,0.050088,0.040462,138.24,0.2613,6,0.2,impressions,1.0,900000,0.95,1.0,12000,0.95,219.87,2748.37,1.08
1,2025-06-02,Prairies,Sporting Goods,Online Video,CAD,56583,1757722,12608.04,0.007173,0.002868,0.008238,134.05,0.2559,3,0.7,impressions,1.0,4200000,1.15,1.0,33000,1.1,3782.41,21433.66,0.908
2,2025-06-09,Prairies,Sporting Goods,Online Video,CAD,59302,1692930,11961.17,0.007065,0.002976,0.008884,143.33,0.2678,3,0.7,impressions,1.0,4200000,1.15,1.0,33000,1.1,3588.35,20333.99,1.085
3,2025-06-16,Prairies,Sporting Goods,Online Video,CAD,52805,1832667,12882.21,0.007029,0.003235,0.00896,140.41,0.3006,3,0.7,impressions,1.0,4200000,1.15,1.0,33000,1.1,3864.66,21899.75,0.933
4,2025-06-23,Prairies,Sporting Goods,Online Video,CAD,49767,2358492,17997.87,0.007631,0.002927,0.008619,136.72,0.2621,3,0.7,impressions,1.0,4200000,1.15,1.0,33000,1.1,5399.36,30596.38,0.952
5,2025-06-30,Prairies,Sporting Goods,Online Video,CAD,54105,1741490,11770.28,0.006759,0.002963,0.009171,139.95,0.2631,3,0.7,impressions,1.0,4200000,1.15,1.0,33000,1.1,3531.08,20009.48,1.07
6,2025-07-07,Prairies,Sporting Goods,Online Video,CAD,52291,1815609,12943.56,0.007129,0.002949,0.008899,134.72,0.2608,3,0.7,impressions,1.0,4200000,1.15,1.0,33000,1.1,3883.07,22004.05,1.037
7,2025-07-14,Prairies,Sporting Goods,Online Video,CAD,60671,1696338,13033.85,0.007684,0.002758,0.009579,138.23,0.2803,3,0.7,impressions,1.0,4200000,1.15,1.0,33000,1.1,3910.15,22157.54,0.902
8,2025-07-21,Prairies,Sporting Goods,Online Video,CAD,49492,2315242,15825.46,0.006835,0.003092,0.009274,136.07,0.2654,3,0.7,impressions,1.0,4200000,1.15,1.0,33000,1.1,4747.64,26903.29,1.013
9,2025-07-28,Prairies,Sporting Goods,Online Video,CAD,56709,1815051,12719.94,0.007008,0.002884,0.008577,145.57,0.2866,3,0.7,impressions,1.0,4200000,1.15,1.0,33000,1.1,3815.98,21623.89,1.04
10,2025-08-04,Prairies,Sporting Goods,Online Video,CAD,51721,1652916,11574.9,0.007003,0.002959,0.009767,140.72,0.2814,3,0.7,impressions,1.0,4200000,1.15,1.0,33000,1.1,3472.47,19677.33,0.915
11,2025-08-11,Prairies,Sporting Goods,Online Video,CAD,59394,1577717,10799.28,0.006845,0.003131,0.008621,145.88,0.2837,3,0.7,impressions,1.0,4200000,1.15,1.0,33000,1.1,3239.78,18358.77,0.951
12,2025-08-18,Prairies,Sporting Goods,Online Video,CAD,52320,2008117,13320.46,0.006633,0.003032,0.009018,134.62,0.2638,3,0.7,impressions,1.0,4200000,1.15,1.0,33000,1.1,3996.14,22644.79,1.099
13,2025-08-25,Prairies,Sporting Goods,Online Video,CAD,55490,1638713,11583.81,0.007069,0.002941,0.009655,142.33,0.2608,3,0.7,impressions,1.0,4200000,1.15,1.0,33000,1.1,3475.14,19692.48,1.076
1,2025-06-02,Atlantic,Electronics,Paid Search,CAD,42058,2284601,24953.39,0.010922,0.0318,0.055076,248.92,0.4616,4,0.3,impressions,1.0,2750000,1.1,1.0,33000,1.05,12476.7,37430.09,0.933
2,2025-06-09,Atlantic,Electronics,Paid Search,CAD,49209,1995353,23254.87,0.011655,0.03479,0.060478,248.19,0.4439,4,0.3,impressions,1.0,2750000,1.1,1.0,33000,1.05,11627.43,34882.3,0.951
3,2025-06-16,Atlantic,Electronics,Paid Search,CAD,48038,2066424,25351.45,0.012268,0.036426,0.054726,238.85,0.4851,4,0.3,impressions,1.0,2750000,1.1,1.0,33000,1.05,12675.73,38027.18,1.06
4,2025-06-23,Atlantic,Electronics,Paid Search,CAD,44878,2581410,33937.71,0.013147,0.03528,0.053211,244.46,0.4904,4,0.3,impressions,1.0,2750000,1.1,1.0,33000,1.05,16968.86,50906.57,0.928
5,2025-06-30,Atlantic,Electronics,Paid Search,CAD,43016,1961813,21598.2,0.011009,0.031516,0.052363,262.16,0.4735,4,0.3,impressions,1.0,2750000,1.1,1.0,33000,1.05,10799.1,32397.3,1.034
6,2025-07-07,Atlantic,Electronics,Paid Search,CAD,43088,2238186,26884.34,0.012012,0.03429,0.05865,253.84,0.4587,4,0.3,impressions,1.0,2750000,1.1,1.0,33000,1.05,13442.17,40326.51,0.975
7,2025-07-14,Atlantic,Electronics,Paid Search,CAD,42533,2150475,25595.43,0.011902,0.031854,0.055964,256.52,0.4236,4,0.3,impressions,1.0,2750000,1.1,1.0,33000,1.05,12797.71,38393.14,1.023
8,2025-07-21,Atlantic,Electronics,Paid Search,CAD,42966,2653805,34674.82,0.013066,0.037436,0.05792,261.79,0.4745,4,0.3,impressions,1.0,2750000,1.1,1.0,33000,1.05,17337.41,52012.22,0.99
9,2025-07-28,Atlantic,Electronics,Paid Search,CAD,49366,2261155,25500.77,0.011278,0.038457,0.054039,261.11,0.4397,4,0.3,impressions,1.0,2750000,1.1,1.0,33000,1.05,12750.39,38251.16,1.069
10,2025-08-04,Atlantic,Electronics,Paid Search,CAD,44444,2324681,28831.55,0.012402,0.037249,0.058699,247.6,0.4651,4,0.3,impressions,1.0,2750000,1.1,1.0,33000,1.05,14415.77,43247.32,0.959
11,2025-08-11,Atlantic,Electronics,Paid Search,CAD,42723,2018064,22049.1,0.010926,0.033906,0.055564,256.97,0.4175,4,0.3,impressions,1.0,2750000,1.1,1.0,33000,1.05,11024.55,33073.64,1.015
12,2025-08-18,Atlantic,Electronics,Paid Search,CAD,50247,2815044,36696.79,0.013036,0.033499,0.053549,258.68,0.4817,4,0.3,impressions,1.0,2750000,1.1,1.0,33000,1.05,18348.4,55045.19,1.056
13,2025-08-25,Atlantic,Electronics,Paid Search,CAD,45293,2223984,24172.36,0.010869,0.038173,0.050208,241.88,0.4886,4,0.3,impressions,1.0,2750000,1.1,1.0,33000,1.05,12086.18,36258.54,1.003
1,2025-06-02,Atlantic,Electronics,Display,CAD,50458,2884854,12069.53,0.004184,0.004264,0.01303,256.5,0.4338,5,0.5,impressions,1.0,6875000,1.05,1.0,24750,1.05,4827.81,19311.25,1.057
2,2025-06-09,Atlantic,Electronics,Display,CAD,51105,2925133,10622.93,0.003632,0.004147,0.010957,240.76,0.4573,5,0.5,impressions,1.0,6875000,1.05,1.0,24750,1.05,4249.17,16996.69,1.039
3,2025-06-16,Atlantic,Electronics,Display,CAD,41708,2941835,12589.96,0.00428,0.003835,0.011188,248.99,0.4638,5,0.5,impressions,1.0,6875000,1.05,1.0,24750,1.05,5035.98,20143.93,0.911
4,2025-06-23,Atlantic,Electronics,Display,CAD,46086,3960707,16393.52,0.004139,0.003902,0.011668,253.31,0.4922,5,0.5,impressions,1.0,6875000,1.05,1.0,24750,1.05,6557.41,26229.63,1.0
5,2025-06-30,Atlantic,Electronics,Display,CAD,47043,3175440,13971.66,0.0044,0.004139,0.011074,250.47,0.4869,5,0.5,impressions,1.0,6875000,1.05,1.0,24750,1.05,5588.66,22354.65,0.921
6,2025-07-07,Atlantic,Electronics,Display,CAD,51652,3149544,13326.84,0.004231,0.004059,0.012234,238.71,0.447,5,0.5,impressions,1.0,6875000,1.05,1.0,24750,1.05,5330.73,21322.94,0.938
7,2025-07-14,Atlantic,Electronics,Display,CAD,44989,3017544,12893.78,0.004273,0.004296,0.011151,244.43,0.4914,5,0.5,impressions,1.0,6875000,1.05,1.0,24750,1.05,5157.51,20630.05,0.956
8,2025-07-21,Atlantic,Electronics,Display,CAD,51515,3903998,16852.13,0.004317,0.003788,0.012434,256.37,0.4801,5,0.5,impressions,1.0,6875000,1.05,1.0,24750,1.05,6740.85,26963.4,1.052
9,2025-07-28,Atlantic,Electronics,Display,CAD,43191,2783654,10738.38,0.003858,0.003768,0.0127,262.39,0.4389,5,0.5,impressions,1.0,6875000,1.05,1.0,24750,1.05,4295.35,17181.41,1.032
10,2025-08-04,Atlantic,Electronics,Display,CAD,45213,2756486,10572.36,0.003835,0.003687,0.013089,244.89,0.4091,5,0.5,impressions,1.0,6875000,1.05,1.0,24750,1.05,4228.95,16915.78,0.974
11,2025-08-11,Atlantic,Electronics,Display,CAD,43928,2782482,10686.03,0.00384,0.003818,0.010898,256.96,0.4445,5,0.5,impressions,1.0,6875000,1.05,1.0,24750,1.05,4274.41,17097.64,1.011
12,2025-08-18,Atlantic,Electronics,Display,CAD,45529,3458796,15189.52,0.004392,0.003842,0.012314,238.53,0.4202,5,0.5,impressions,1.0,6875000,1.05,1.0,24750,1.05,6075.81,24303.24,0.908
13,2025-08-25,Atlantic,Electronics,Display,CAD,41372,2703330,9757.0,0.003609,0.003982,0.013029,246.62,0.4735,5,0.5,impressions,1.0,6875000,1.05,1.0,24750,1.05,3902.8,15611.2,1.026
1,2025-06-02,Atlantic,Electronics,Social,CAD,41664,2295133,6288.92,0.00274,0.007216,0.016966,250.61,0.4716,2,0.6,impressions,1.0,4950000,1.1,1.0,22000,1.08,2515.57,10062.27,0.935
2,2025-06-09,Atlantic,Electronics,Social,CAD,44905,2660898,7500.7,0.002819,0.008567,0.016658,255.4,0.4688,2,0.6,impressions,1.0,4950000,1.1,1.0,22000,1.08,3000.28,12001.11,1.073
3,2025-06-16,Atlantic,Electronics,Social,CAD,43936,2574541,7092.76,0.002755,0.007914,0.017273,241.88,0.4815,2,0.6,impressions,1.0,4950000,1.1,1.0,22000,1.08,2837.1,11348.41,1.019
4,2025-06-23,Atlantic,Electronics,Social,CAD,42119,2944004,7994.92,0.002716,0.007812,0.014433,238.86,0.4585,2,0.6,impressions,1.0,4950000,1.1,1.0,22000,1.08,3197.97,12791.87,1.088
5,2025-06-30,Atlantic,Electronics,Social,CAD,46220,2455725,7947.94,0.003236,0.007394,0.016557,241.6,0.4243,2,0.6,impressions,1.0,4950000,1.1,1.0,22000,1.08,3179.18,12716.71,1.004
6,2025-07-07,Atlantic,Electronics,Social,CAD,41504,2358859,6445.12,0.002732,0.008087,0.01744,256.51,0.4259,2,0.6,impressions,1.0,4950000,1.1,1.0,22000,1.08,2578.05,10312.19,0.989
7,2025-07-14,Atlantic,Electronics,Social,CAD,49353,2546961,7297.97,0.002865,0.008487,0.014716,246.83,0.4144,2,0.6,impressions,1.0,4950000,1.1,1.0,22000,1.08,2919.19,11676.75,1.067
8,2025-07-21,Atlantic,Electronics,Social,CAD,51392,3369998,9629.88,0.002858,0.008134,0.016023,253.88,0.445,2,0.6,impressions,1.0,4950000,1.1,1.0,22000,1.08,3851.95,15407.8,1.081
9,2025-07-28,Atlantic,Electronics,Social,CAD,49875,2313331,7429.5,0.003212,0.007776,0.015578,255.73,0.4684,2,0.6,impressions,1.0,4950000,1.1,1.0,22000,1.08,2971.8,11887.2,1.016
10,2025-08-04,Atlantic,Electronics,Social,CAD,40956,2464885,7238.2,0.002937,0.007915,0.017169,253.85,0.4469,2,0.6,impressions,1.0,4950000,1.1,1.0,22000,1.08,2895.28,11581.12,0.992
11,2025-08-11,Atlantic,Electronics,Social,CAD,48313,2373275,7614.53,0.003208,0.00809,0.015977,245.28,0.4846,2,0.6,impressions,1.0,4950000,1.1,1.0,22000,1.08,3045.81,12183.24,0.917
12,2025-08-18,Atlantic,Electronics,Social,CAD,46304,3327203,9008.06,0.002707,0.00752,0.016836,261.71,0.4222,2,0.6,impressions,1.0,4950000,1.1,1.0,22000,1.08,3603.22,14412.9,1.013
13,2025-08-25,Atlantic,Electronics,Social,CAD,50380,2521478,7044.33,0.002794,0.007335,0.015569,250.65,0.4546,2,0.6,impressions,1.0,4950000,1.1,1.0,22000,1.08,2817.73,11270.93,0.994
1,2025-06-02,Atlantic,Electronics,Affiliate,CAD,43263,1201383,7708.68,0.006417,0.01704,0.029001,241.15,0.4615,4,0.4,impressions,1.0,1650000,1.0,1.0,16500,1.0,2312.61,13875.63,1.018
2,2025-06-09,Atlantic,Electronics,Affiliate,CAD,46555,1380102,8546.52,0.006193,0.017843,0.029961,243.36,0.4303,4,0.4,impressions,1.0,1650000,1.0,1.0,16500,1.0,2563.96,15383.74,0.903
3,2025-06-16,Atlantic,Electronics,Affiliate,CAD,46792,1252403,6881.11,0.005494,0.018613,0.030721,256.19,0.452,4,0.4,impressions,1.0,1650000,1.0,1.0,16500,1.0,2064.33,12386.01,1.019
4,2025-06-23,Atlantic,Electronics,Affiliate,CAD,42472,1811247,10436.97,0.005762,0.019512,0.031453,240.45,0.4818,4,0.4,impressions,1.0,1650000,1.0,1.0,16500,1.0,3131.09,18786.54,0.912
5,2025-06-30,Atlantic,Electronics,Affiliate,CAD,44150,1267276,7112.68,0.005613,0.018763,0.031335,254.21,0.4301,4,0.4,impressions,1.0,1650000,1.0,1.0,16500,1.0,2133.8,12802.82,1.004
6,2025-07-07,Atlantic,Electronics,Affiliate,CAD,49324,1410085,8118.78,0.005758,0.019096,0.029992,259.6,0.41,4,0.4,impressions,1.0,1650000,1.0,1.0,16500,1.0,2435.63,14613.8,0.951
7,2025-07-14,Atlantic,Electronics,Affiliate,CAD,44349,1290805,7836.02,0.006071,0.016914,0.032248,238.65,0.4852,4,0.4,impressions,1.0,1650000,1.0,1.0,16500,1.0,2350.81,14104.84,1.029
8,2025-07-21,Atlantic,Electronics,Affiliate,CAD,45949,1816043,10118.87,0.005572,0.018581,0.02912,251.31,0.4613,4,0.4,impressions,1.0,1650000,1.0,1.0,16500,1.0,3035.66,18213.97,1.029
9,2025-07-28,Atlantic,Electronics,Affiliate,CAD,47674,1413661,8188.86,0.005793,0.016396,0.032367,253.31,0.4874,4,0.4,impressions,1.0,1650000,1.0,1.0,16500,1.0,2456.66,14739.94,1.041
10,2025-08-04,Atlantic,Electronics,Affiliate,CAD,43886,1323058,8112.77,0.006132,0.019515,0.031873,253.97,0.4183,4,0.4,impressions,1.0,1650000,1.0,1.0,16500,1.0,2433.83,14602.98,0.986
11,2025-08-11,Atlantic,Electronics,Affiliate,CAD,50976,1309819,7100.33,0.005421,0.018584,0.027895,247.42,0.434,4,0.4,impressions,1.0,1650000,1.0,1.0,16500,1.0,2130.1,12780.6,1.041
12,2025-08-18,Atlantic,Electronics,Affiliate,CAD,40821,1596683,9807.1,0.006142,0.017379,0.028076,253.94,0.4485,4,0.4,impressions,1.0,1650000,1.0,1.0,16500,1.0,2942.13,17652.79,0.953
13,2025-08-25,Atlantic,Electronics,Affiliate,CAD,48561,1462330,9394.75,0.006425,0.017846,0.031728,247.82,0.4767,4,0.4,impressions,1.0,1650000,1.0,1.0,16500,1.0,2818.42,16910.54,1.046
1,2025-06-02,Atlantic,Electronics,Email,CAD,49640,767480,1038.68,0.001353,0.054095,0.038705,262.17,0.4491,6,0.2,impressions,1.0,825000,0.95,1.0,11000,0.95,207.74,2596.69,0.98
2,2025-06-09,Atlantic,Electronics,Email,CAD,44393,670844,949.96,0.001416,0.050413,0.040319,240.44,0.4539,6,0.2,impressions,1.0,825000,0.95,1.0,11000,0.95,189.99,2374.9,0.937
3,2025-06-16,Atlantic,Electronics,Email,CAD,43923,656479,1000.06,0.001523,0.052069,0.042976,247.75,0.4947,6,0.2,impressions,1.0,825000,0.95,1.0,11000,0.95,200.01,2500.16,0.956
4,2025-06-23,Atlantic,Electronics,Email,CAD,47691,903867,1291.88,0.001429,0.048562,0.037845,243.94,0.4505,6,0.2,impressions,1.0,825000,0.95,1.0,11000,0.95,258.38,3229.69,1.003
5,2025-06-30,Atlantic,Electronics,Email,CAD,48408,769119,1147.26,0.001492,0.046834,0.04248,241.33,0.42,6,0.2,impressions,1.0,825000,0.95,1.0,11000,0.95,229.45,2868.16,1.001
6,2025-07-07,Atlantic,Electronics,Email,CAD,40980,693581,1068.77,0.001541,0.048061,0.039684,259.48,0.455,6,0.2,impressions,1.0,825000,0.95,1.0,11000,0.95,213.75,2671.93,0.935
7,2025-07-14,Atlantic,Electronics,Email,CAD,47037,750554,1121.67,0.001494,0.051502,0.037283,254.97,0.4327,6,0.2,impressions,1.0,825000,0.95,1.0,11000,0.95,224.33,2804.19,0.988
8,2025-07-21,Atlantic,Electronics,Email,CAD,47710,977903,1425.96,0.001458,0.053972,0.041536,257.61,0.4714,6,0.2,impressions,1.0,825000,0.95,1.0,11000,0.95,285.19,3564.89,0.976
9,2025-07-28,Atlantic,Electronics,Email,CAD,46114,744930,1034.91,0.001389,0.048486,0.041233,258.0,0.4383,6,0.2,impressions,1.0,825000,0.95,1.0,11000,0.95,206.98,2587.27,1.004
10,2025-08-04,Atlantic,Electronics,Email,CAD,42350,781886,1114.26,0.001425,0.05238,0.041013,239.36,0.4806,6,0.2,impressions,1.0,825000,0.95,1.0,11000,0.95,222.85,2785.65,0.962
11,2025-08-11,Atlantic,Electronics,Email,CAD,50490,759377,1071.81,0.001411,0.047823,0.0435,241.66,0.4214,6,0.2,impressions,1.0,825000,0.95,1.0,11000,0.95,214.36,2679.52,0.979
12,2025-08-18,Atlantic,Electronics,Email,CAD,51478,992531,1402.43,0.001413,0.046361,0.040686,239.1,0.4848,6,0.2,impressions,1.0,825000,0.95,1.0,11000,0.95,280.49,3506.07,0.995
13,2025-08-25,Atlantic,Electronics,Email,CAD,48710,791575,1111.49,0.001404,0.04794,0.042158,243.58,0.428,6,0.2,impressions,1.0,825000,0.95,1.0,11000,0.95,222.3,2778.72,0.927
1,2025-06-02,Atlantic,Electronics,Online Video,CAD,47280,1566797,11630.62,0.007423,0.002756,0.009617,254.27,0.4226,3,0.7,impressions,1.0,3850000,1.15,1.0,30250,1.1,3489.19,19772.06,1.086
2,2025-06-09,Atlantic,Electronics,Online Video,CAD,43365,1678764,10946.97,0.006521,0.002802,0.009028,248.6,0.423,3,0.7,impressions,1.0,3850000,1.15,1.0,30250,1.1,3284.09,18609.85,0.983
3,2025-06-16,Atlantic,Electronics,Online Video,CAD,45311,1589106,11697.28,0.007361,0.002945,0.009659,238.94,0.411,3,0.7,impressions,1.0,3850000,1.15,1.0,30250,1.1,3509.18,19885.37,0.955
4,2025-06-23,Atlantic,Electronics,Online Video,CAD,46227,1926451,14763.7,0.007664,0.003176,0.008332,238.1,0.4156,3,0.7,impressions,1.0,3850000,1.15,1.0,30250,1.1,4429.11,25098.3,0.943
5,2025-06-30,Atlantic,Electronics,Online Video,CAD,49573,1610300,10231.77,0.006354,0.003142,0.008744,259.44,0.4899,3,0.7,impressions,1.0,3850000,1.15,1.0,30250,1.1,3069.53,17394.01,0.924
6,2025-07-07,Atlantic,Electronics,Online Video,CAD,40587,1535306,11737.5,0.007645,0.002861,0.008685,250.31,0.4057,3,0.7,impressions,1.0,3850000,1.15,1.0,30250,1.1,3521.25,19953.75,0.948
7,2025-07-14,Atlantic,Electronics,Online Video,CAD,45051,1634537,10372.49,0.006346,0.002973,0.008682,240.41,0.4546,3,0.7,impressions,1.0,3850000,1.15,1.0,30250,1.1,3111.75,17633.23,1.046
8,2025-07-21,Atlantic,Electronics,Online Video,CAD,45271,2181211,16305.07,0.007475,0.002798,0.00832,245.98,0.4439,3,0.7,impressions,1.0,3850000,1.15,1.0,30250,1.1,4891.52,27718.61,0.901
9,2025-07-28,Atlantic,Electronics,Online Video,CAD,45095,1587875,11475.89,0.007227,0.003263,0.008125,245.57,0.4473,3,0.7,impressions,1.0,3850000,1.15,1.0,30250,1.1,3442.77,19509.02,1.055
10,2025-08-04,Atlantic,Electronics,Online Video,CAD,46004,1716404,12736.33,0.00742,0.003258,0.008256,240.72,0.4122,3,0.7,impressions,1.0,3850000,1.15,1.0,30250,1.1,3820.9,21651.75,0.931
11,2025-08-11,Atlantic,Electronics,Online Video,CAD,42909,1416669,9845.9,0.00695,0.003042,0.008574,253.12,0.4832,3,0.7,impressions,1.0,3850000,1.15,1.0,30250,1.1,2953.77,16738.02,0.919
12,2025-08-18,Atlantic,Electronics,Online Video,CAD,41157,2141327,16296.6,0.007611,0.002758,0.009802,256.23,0.4629,3,0.7,impressions,1.0,3850000,1.15,1.0,30250,1.1,4888.98,27704.23,0.924
13,2025-08-25,Atlantic,Electronics,Online Video,CAD,50488,1619682,11274.81,0.006961,0.00289,0.009598,250.09,0.4256,3,0.7,impressions,1.0,3850000,1.15,1.0,30250,1.1,3382.44,19167.18,0.966
1,2025-06-02,Atlantic,Apparel,Paid Search,CAD,41526,2143173,27223.71,0.012703,0.035834,0.053151,84.79,0.242,4,0.3,impressions,1.0,2750000,1.1,1.0,33000,1.05,13611.86,40835.57,1.073
2,2025-06-09,Atlantic,Apparel,Paid Search,CAD,40932,2070101,23456.75,0.011331,0.038206,0.054752,86.4,0.2476,4,0.3,impressions,1.0,2750000,1.1,1.0,33000,1.05,11728.37,35185.12,1.078
3,2025-06-16,Atlantic,Apparel,Paid Search,CAD,49980,2123452,25174.83,0.011856,0.037077,0.058619,87.15,0.2541,4,0.3,impressions,1.0,2750000,1.1,1.0,33000,1.05,12587.42,37762.25,1.1
4,2025-06-23,Atlantic,Apparel,Paid Search,CAD,42544,2768164,34862.31,0.012594,0.037795,0.058038,86.28,0.2677,4,0.3,impressions,1.0,2750000,1.1,1.0,33000,1.05,17431.16,52293.47,1.054
5,2025-06-30,Atlantic,Apparel,Paid Search,CAD,46904,2257915,28628.47,0.012679,0.037937,0.053255,83.08,0.2721,4,0.3,impressions,1.0,2750000,1.1,1.0,33000,1.05,14314.23,42942.7,1.056
6,2025-07-07,Atlantic,Apparel,Paid Search,CAD,51143,2320032,30073.85,0.012963,0.037193,0.059316,81.2,0.2311,4,0.3,impressions,1.0,2750000,1.1,1.0,33000,1.05,15036.92,45110.77,0.962
7,2025-07-14,Atlantic,Apparel,Paid Search,CAD,50557,2052826,24056.81,0.011719,0.03156,0.05305,87.22,0.2274,4,0.3,impressions,1.0,2750000,1.1,1.0,33000,1.05,12028.4,36085.21,0.931
8,2025-07-21,Atlantic,Apparel,Paid Search,CAD,50143,2730303,33829.5,0.01239,0.036815,0.053474,81.38,0.2393,4,0.3,impressions,1.0,2750000,1.1,1.0,33000,1.05,16914.75,50744.26,1.013
9,2025-07-28,Atlantic,Apparel,Paid Search,CAD,41313,2172740,23749.9,0.010931,0.031817,0.058321,88.69,0.2356,4,0.3,impressions,1.0,2750000,1.1,1.0,33000,1.05,11874.95,35624.85,1.012
10,2025-08-04,Atlantic,Apparel,Paid Search,CAD,46937,2235947,24339.12,0.010885,0.034981,0.054013,88.22,0.2651,4,0.3,impressions,1.0,2750000,1.1,1.0,33000,1.05,12169.56,36508.68,1.039
11,2025-08-11,Atlantic,Apparel,Paid Search,CAD,50388,2237509,25693.8,0.011483,0.032508,0.059759,86.33,0.2553,4,0.3,impressions,1.0,2750000,1.1,1.0,33000,1.05,12846.9,38540.7,0.959
12,2025-08-18,Atlantic,Apparel,Paid Search,CAD,45925,2669628,29319.31,0.010983,0.036743,0.056082,84.27,0.2669,4,0.3,impressions,1.0,2750000,1.1,1.0,33000,1.05,14659.65,43978.96,0.998
13,2025-08-25,Atlantic,Apparel,Paid Search,CAD,50845,2089102,23432.4,0.011216,0.035826,0.059224,85.04,0.2462,4,0.3,impressions,1.0,2750000,1.1,1.0,33000,1.05,11716.2,35148.6,0.902
1,2025-06-02,Atlantic,Apparel,Display,CAD,42659,2761480,10523.32,0.003811,0.003698,0.01256,86.9,0.2666,5,0.5,impressions,1.0,6875000,1.05,1.0,24750,1.05,4209.33,16837.31,0.929
2,2025-06-09,Atlantic,Apparel,Display,CAD,41386,3121288,13405.93,0.004295,0.00376,0.011441,87.3,0.2251,5,0.5,impressions,1.0,6875000,1.05,1.0,24750,1.05,5362.37,21449.49,1.031
3,2025-06-16,Atlantic,Apparel,Display,CAD,41255,2860645,12037.07,0.004208,0.003721,0.010949,84.72,0.255,5,0.5,impressions,1.0,6875000,1.05,1.0,24750,1.05,4814.83,19259.31,1.048
4,2025-06-23,Atlantic,Apparel,Display,CAD,48295,3753770,14641.86,0.003901,0.004256,0.010899,85.49,0.2553,5,0.5,impressions,1.0,6875000,1.05,1.0,24750,1.05,5856.74,23426.97,1.093
5,2025-06-30,Atlantic,Apparel,Display,CAD,47813,2976065,12378.24,0.004159,0.003912,0.012136,85.79,0.2443,5,0.5,impressions,1.0,6875000,1.05,1.0,24750,1.05,4951.29,19805.18,1.017
6,2025-07-07,Atlantic,Apparel,Display,CAD,42224,3018531,13002.28,0.004307,0.003764,0.012014,88.13,0.2625,5,0.5,impressions,1.0,6875000,1.05,1.0,24750,1.05,5200.91,20803.65,0.992
7,2025-07-14,Atlantic,Apparel,Display,CAD,48980,3131961,12004.29,0.003833,0.003689,0.012761,87.27,0.2657,5,0.5,impressions,1.0,6875000,1.05,1.0,24750,1.05,4801.72,19206.86,1.013
8,2025-07-21,Atlantic,Apparel,Display,CAD,42349,4016777,15029.16,0.003742,0.004079,0.011569,81.86,0.2341,5,0.5,impressions,1.0,6875000,1.05,1.0,24750,1.05,6011.66,24046.66,1.045
9,2025-07-28,Atlantic,Apparel,Display,CAD,42955,3087799,12021.63,0.003893,0.003748,0.013141,84.25,0.2452,5,0.5,impressions,1.0,6875000,1.05,1.0,24750,1.05,4808.65,19234.6,1.066
10,2025-08-04,Atlantic,Apparel,Display,CAD,41960,3129970,11431.67,0.003652,0.004126,0.011329,87.34,0.2359,5,0.5,impressions,1.0,6875000,1.05,1.0,24750,1.05,4572.67,18290.67,1.023
11,2025-08-11,Atlantic,Apparel,Display,CAD,47287,2909927,11211.44,0.003853,0.004154,0.012378,88.19,0.2635,5,0.5,impressions,1.0,6875000,1.05,1.0,24750,1.05,4484.57,17938.3,1.013
12,2025-08-18,Atlantic,Apparel,Display,CAD,51226,3501265,13264.18,0.003788,0.004357,0.012951,82.98,0.2741,5,0.5,impressions,1.0,6875000,1.05,1.0,24750,1.05,5305.67,21222.7,1.03
13,2025-08-25,Atlantic,Apparel,Display,CAD,50852,2793983,11122.63,0.003981,0.00364,0.011606,87.83,0.2414,5,0.5,impressions,1.0,6875000,1.05,1.0,24750,1.05,4449.05,17796.21,0.916
1,2025-06-02,Atlantic,Apparel,Social,CAD,45878,2242934,6133.08,0.002734,0.008082,0.016014,81.5,0.2441,2,0.6,impressions,1.0,4950000,1.1,1.0,22000,1.08,2453.23,9812.93,1.022
2,2025-06-09,Atlantic,Apparel,Social,CAD,50896,2381000,6971.08,0.002928,0.008306,0.016149,81.85,0.2374,2,0.6,impressions,1.0,4950000,1.1,1.0,22000,1.08,2788.43,11153.73,0.941
3,2025-06-16,Atlantic,Apparel,Social,CAD,44126,2185995,6827.13,0.003123,0.007861,0.016743,88.96,0.2345,2,0.6,impressions,1.0,4950000,1.1,1.0,22000,1.08,2730.85,10923.41,0.93
4,2025-06-23,Atlantic,Apparel,Social,CAD,45985,3333453,10376.83,0.003113,0.008078,0.017276,81.9,0.2308,2,0.6,impressions,1.0,4950000,1.1,1.0,22000,1.08,4150.73,16602.92,1.085
5,2025-06-30,Atlantic,Apparel,Social,CAD,43122,2406074,7754.14,0.003223,0.008378,0.017579,84.27,0.2629,2,0.6,impressions,1.0,4950000,1.1,1.0,22000,1.08,3101.66,12406.63,0.948
6,2025-07-07,Atlantic,Apparel,Social,CAD,45095,2457600,6897.65,0.002807,0.007836,0.014757,85.01,0.2727,2,0.6,impressions,1.0,4950000,1.1,1.0,22000,1.08,2759.06,11036.24,0.949
7,2025-07-14,Atlantic,Apparel,Social,CAD,41155,2520055,8086.84,0.003209,0.007513,0.016507,84.14,0.2525,2,0.6,impressions,1.0,4950000,1.1,1.0,22000,1.08,3234.74,12938.95,0.97
8,2025-07-21,Atlantic,Apparel,Social,CAD,49662,2939192,8029.9,0.002732,0.008368,0.016591,82.77,0.259,2,0.6,impressions,1.0,4950000,1.1,1.0,22000,1.08,3211.96,12847.84,0.906
9,2025-07-28,Atlantic,Apparel,Social,CAD,49753,2391191,7783.74,0.003255,0.007505,0.0153,87.52,0.2692,2,0.6,impressions,1.0,4950000,1.1,1.0,22000,1.08,3113.5,12453.99,1.071
10,2025-08-04,Atlantic,Apparel,Social,CAD,51118,2553682,8199.22,0.003211,0.00784,0.017582,89.03,0.2683,2,0.6,impressions,1.0,4950000,1.1,1.0,22000,1.08,3279.69,13118.75,0.984
11,2025-08-11,Atlantic,Apparel,Social,CAD,45150,2589309,8129.59,0.00314,0.008453,0.015081,87.43,0.2608,2,0.6,impressions,1.0,4950000,1.1,1.0,22000,1.08,3251.84,13007.35,1.009
12,2025-08-18,Atlantic,Apparel,Social,CAD,44370,2921974,9018.72,0.003087,0.007217,0.014867,85.53,0.2349,2,0.6,impressions,1.0,4950000,1.1,1.0,22000,1.08,3607.49,14429.95,1.043
13,2025-08-25,Atlantic,Apparel,Social,CAD,51726,2237707,7062.12,0.003156,0.008176,0.014623,82.98,0.2586,2,0.6,impressions,1.0,4950000,1.1,1.0,22000,1.08,2824.85,11299.39,0.916
1,2025-06-02,Atlantic,Apparel,Affiliate,CAD,40962,1411452,7767.4,0.005503,0.01887,0.030248,80.98,0.2431,4,0.4,impressions,1.0,1650000,1.0,1.0,16500,1.0,2330.22,13981.32,1.041
2,2025-06-09,Atlantic,Apparel,Affiliate,CAD,48167,1227550,6742.92,0.005493,0.018559,0.028593,88.53,0.24,4,0.4,impressions,1.0,1650000,1.0,1.0,16500,1.0,2022.88,12137.26,0.943
3,2025-06-16,Atlantic,Apparel,Affiliate,CAD,44413,1300566,8572.79,0.006592,0.017912,0.027302,84.55,0.275,4,0.4,impressions,1.0,1650000,1.0,1.0,16500,1.0,2571.84,15431.01,1.083
4,2025-06-23,Atlantic,Apparel,Affiliate,CAD,46559,1785877,9811.13,0.005494,0.017386,0.029592,88.87,0.2293,4,0.4,impressions,1.0,1650000,1.0,1.0,16500,1.0,2943.34,17660.04,0.912
5,2025-06-30,Atlantic,Apparel,Affiliate,CAD,48148,1261418,7935.09,0.006291,0.016206,0.032613,86.58,0.2469,4,0.4,impressions,1.0,1650000,1.0,1.0,16500,1.0,2380.53,14283.16,1.022
6,2025-07-07,Atlantic,Apparel,Affiliate,CAD,47786,1441972,9494.39,0.006584,0.018815,0.029195,81.32,0.229,4,0.4,impressions,1.0,1650000,1.0,1.0,16500,1.0,2848.32,17089.9,0.965
7,2025-07-14,Atlantic,Apparel,Affiliate,CAD,43034,1228602,6665.59,0.005425,0.018943,0.029717,86.28,0.2372,4,0.4,impressions,1.0,1650000,1.0,1.0,16500,1.0,1999.68,11998.06,0.995
8,2025-07-21,Atlantic,Apparel,Affiliate,CAD,47406,1797075,10911.66,0.006072,0.016379,0.032299,83.24,0.2594,4,0.4,impressions,1.0,1650000,1.0,1.0,16500,1.0,3273.5,19640.99,0.94
9,2025-07-28,Atlantic,Apparel,Affiliate,CAD,51648,1238598,7037.25,0.005682,0.016597,0.032159,80.92,0.2571,4,0.4,impressions,1.0,1650000,1.0,1.0,16500,1.0,2111.17,12667.05,1.074
10,2025-08-04,Atlantic,Apparel,Affiliate,CAD,51173,1205525,7190.53,0.005965,0.01839,0.032003,87.45,0.2573,4,0.4,impressions,1.0,1650000,1.0,1.0,16500,1.0,2157.16,12942.95,1.072
11,2025-08-11,Atlantic,Apparel,Affiliate,CAD,42981,1236476,7288.37,0.005894,0.019632,0.031388,82.51,0.234,4,0.4,impressions,1.0,1650000,1.0,1.0,16500,1.0,2186.51,13119.07,1.01
12,2025-08-18,Atlantic,Apparel,Affiliate,CAD,48251,1859499,11265.77,0.006058,0.018661,0.028884,83.65,0.2598,4,0.4,impressions,1.0,1650000,1.0,1.0,16500,1.0,3379.73,20278.38,0.912
13,2025-08-25,Atlantic,Apparel,Affiliate,CAD,42983,1275405,7717.08,0.006051,0.017918,0.031622,88.83,0.2277,4,0.4,impressions,1.0,1650000,1.0,1.0,16500,1.0,2315.12,13890.74,1.054
1,2025-06-02,Atlantic,Apparel,Email,CAD,42264,706295,1014.01,0.001436,0.050238,0.037107,85.19,0.2748,6,0.2,impressions,1.0,825000,0.95,1.0,11000,0.95,202.8,2535.03,0.999
2,2025-06-09,Atlantic,Apparel,Email,CAD,49738,682514,1016.95,0.00149,0.048102,0.040528,86.61,0.2707,6,0.2,impressions,1.0,825000,0.95,1.0,11000,0.95,203.39,2542.39,1.09
3,2025-06-16,Atlantic,Apparel,Email,CAD,47002,718046,1146.41,0.001597,0.048736,0.036909,86.71,0.2356,6,0.2,impressions,1.0,825000,0.95,1.0,11000,0.95,229.28,2866.03,0.934
4,2025-06-23,Atlantic,Apparel,Email,CAD,43580,946062,1528.97,0.001616,0.052149,0.041519,85.57,0.2537,6,0.2,impressions,1.0,825000,0.95,1.0,11000,0.95,305.79,3822.42,1.052
5,2025-06-30,Atlantic,Apparel,Email,CAD,44631,786860,1243.69,0.001581,0.051625,0.042713,86.18,0.233,6,0.2,impressions,1.0,825000,0.95,1.0,11000,0.95,248.74,3109.23,1.093
6,2025-07-07,Atlantic,Apparel,Email,CAD,50391,666382,1076.51,0.001615,0.049019,0.037168,87.51,0.2643,6,0.2,impressions,1.0,825000,0.95,1.0,11000,0.95,215.3,2691.27,1.019
7,2025-07-14,Atlantic,Apparel,Email,CAD,50608,745836,1155.91,0.00155,0.049704,0.043305,81.88,0.251,6,0.2,impressions,1.0,825000,0.95,1.0,11000,0.95,231.18,2889.76,0.956
8,2025-07-21,Atlantic,Apparel,Email,CAD,46737,977495,1357.17,0.001388,0.052942,0.042399,80.9,0.2541,6,0.2,impressions,1.0,825000,0.95,1.0,11000,0.95,271.43,3392.92,1.063
9,2025-07-28,Atlantic,Apparel,Email,CAD,46599,764164,1038.08,0.001358,0.051223,0.041226,81.5,0.2613,6,0.2,impressions,1.0,825000,0.95,1.0,11000,0.95,207.62,2595.19,1.018
10,2025-08-04,Atlantic,Apparel,Email,CAD,49083,735168,1139.78,0.00155,0.051144,0.03684,84.82,0.2551,6,0.2,impressions,1.0,825000,0.95,1.0,11000,0.95,227.96,2849.46,0.964
11,2025-08-11,Atlantic,Apparel,Email,CAD,46050,796137,1256.89,0.001579,0.048735,0.039133,84.41,0.2339,6,0.2,impressions,1.0,825000,0.95,1.0,11000,0.95,251.38,3142.23,0.922
12,2025-08-18,Atlantic,Apparel,Email,CAD,42320,899592,1349.45,0.0015,0.051703,0.041913,86.24,0.2336,6,0.2,impressions,1.0,825000,0.95,1.0,11000,0.95,269.89,3373.62,0.977
13,2025-08-25,Atlantic,Apparel,Email,CAD,43342,674224,1030.19,0.001528,0.050628,0.03954,85.01,0.2409,6,0.2,impressions,1.0,825000,0.95,1.0,11000,0.95,206.04,2575.48,0.94
1,2025-06-02,Atlantic,Apparel,Online Video,CAD,47307,1639376,11981.45,0.007309,0.003124,0.009576,86.22,0.2404,3,0.7,impressions,1.0,3850000,1.15,1.0,30250,1.1,3594.44,20368.47,0.909
2,2025-06-09,Atlantic,Apparel,Online Video,CAD,51071,1702951,11927.11,0.007004,0.003245,0.008244,85.11,0.2669,3,0.7,impressions,1.0,3850000,1.15,1.0,30250,1.1,3578.13,20276.09,1.014
3,2025-06-16,Atlantic,Apparel,Online Video,CAD,42757,1437594,10038.84,0.006983,0.003107,0.008259,88.38,0.2478,3,0.7,impressions,1.0,3850000,1.15,1.0,30250,1.1,3011.65,17066.02,0.986
4,2025-06-23,Atlantic,Apparel,Online Video,CAD,48292,2155238,14582.66,0.006766,0.002843,0.008806,83.46,0.2296,3,0.7,impressions,1.0,3850000,1.15,1.0,30250,1.1,4374.8,24790.52,1.025
5,2025-06-30,Atlantic,Apparel,Online Video,CAD,48093,1440615,10736.39,0.007453,0.003064,0.008814,88.66,0.2253,3,0.7,impressions,1.0,3850000,1.15,1.0,30250,1.1,3220.92,18251.86,0.947
6,2025-07-07,Atlantic,Apparel,Online Video,CAD,50438,1460047,9951.11,0.006816,0.003247,0.009301,84.28,0.2595,3,0.7,impressions,1.0,3850000,1.15,1.0,30250,1.1,2985.33,16916.88,0.901
7,2025-07-14,Atlantic,Apparel,Online Video,CAD,41290,1613996,11845.05,0.007339,0.003287,0.008402,81.09,0.2466,3,0.7,impressions,1.0,3850000,1.15,1.0,30250,1.1,3553.51,20136.58,0.989
8,2025-07-21,Atlantic,Apparel,Online Video,CAD,45021,1834920,12856.2,0.007006,0.002882,0.008997,87.42,0.2312,3,0.7,impressions,1.0,3850000,1.15,1.0,30250,1.1,3856.86,21855.53,1.078
9,2025-07-28,Atlantic,Apparel,Online Video,CAD,43888,1469215,11084.17,0.007544,0.003213,0.009108,87.6,0.2389,3,0.7,impressions,1.0,3850000,1.15,1.0,30250,1.1,3325.25,18843.1,0.945
10,2025-08-04,Atlantic,Apparel,Online Video,CAD,45815,1552118,11078.73,0.007138,0.003074,0.009153,82.36,0.2646,3,0.7,impressions,1.0,3850000,1.15,1.0,30250,1.1,3323.62,18833.84,1.099
11,2025-08-11,Atlantic,Apparel,Online Video,CAD,50830,1646945,11935.49,0.007247,0.002869,0.008809,88.23,0.2313,3,0.7,impressions,1.0,3850000,1.15,1.0,30250,1.1,3580.65,20290.33,0.985
12,2025-08-18,Atlantic,Apparel,Online Video,CAD,41568,2038169,13542.62,0.006645,0.002872,0.00932,84.02,0.2698,3,0.7,impressions,1.0,3850000,1.15,1.0,30250,1.1,4062.79,23022.45,0.966
13,2025-08-25,Atlantic,Apparel,Online Video,CAD,50790,1726195,12470.85,0.007224,0.003076,0.008967,87.22,0.249,3,0.7,impressions,1.0,3850000,1.15,1.0,30250,1.1,3741.26,21200.45,0.912
1,2025-06-02,Atlantic,Home & Garden,Paid Search,CAD,41932,1802414,20263.27,0.011242,0.033365,0.052806,156.99,0.2955,4,0.3,impressions,1.0,2500000,1.1,1.0,30000,1.05,10131.64,30394.91,0.919
2,2025-06-09,Atlantic,Home & Garden,Paid Search,CAD,41473,2148709,24927.45,0.011601,0.031824,0.054796,166.97,0.2762,4,0.3,impressions,1.0,2500000,1.1,1.0,30000,1.05,12463.72,37391.17,1.024
3,2025-06-16,Atlantic,Home & Garden,Paid Search,CAD,45722,1877480,20553.79,0.010948,0.033234,0.058595,167.24,0.2728,4,0.3,impressions,1.0,2500000,1.1,1.0,30000,1.05,10276.89,30830.68,1.051
4,2025-06-23,Atlantic,Home & Garden,Paid Search,CAD,40928,2616223,33010.31,0.012618,0.038158,0.054208,163.63,0.3043,4,0.3,impressions,1.0,2500000,1.1,1.0,30000,1.05,16505.15,49515.46,0.988
5,2025-06-30,Atlantic,Home & Garden,Paid Search,CAD,43246,1833478,23645.29,0.012896,0.037001,0.054716,165.34,0.3218,4,0.3,impressions,1.0,2500000,1.1,1.0,30000,1.05,11822.64,35467.93,0.906
6,2025-07-07,Atlantic,Home & Garden,Paid Search,CAD,41604,1885458,22024.08,0.011681,0.03838,0.052098,156.4,0.2724,4,0.3,impressions,1.0,2500000,1.1,1.0,30000,1.05,11012.04,33036.12,0.979
7,2025-07-14,Atlantic,Home & Garden,Paid Search,CAD,51317,2141680,26763.64,0.012497,0.038268,0.057181,159.25,0.3187,4,0.3,impressions,1.0,2500000,1.1,1.0,30000,1.05,13381.82,40145.46,0.92
8,2025-07-21,Atlantic,Home & Garden,Paid Search,CAD,41727,2569353,30198.74,0.011753,0.037658,0.051976,157.53,0.3105,4,0.3,impressions,1.0,2500000,1.1,1.0,30000,1.05,15099.37,45298.11,1.057
9,2025-07-28,Atlantic,Home & Garden,Paid Search,CAD,51677,1841849,21724.26,0.011795,0.034578,0.049524,160.26,0.2741,4,0.3,impressions,1.0,2500000,1.1,1.0,30000,1.05,10862.13,32586.38,1.074
10,2025-08-04,Atlantic,Home & Garden,Paid Search,CAD,44048,1801066,21090.81,0.01171,0.032433,0.055883,160.7,0.2982,4,0.3,impressions,1.0,2500000,1.1,1.0,30000,1.05,10545.41,31636.22,0.925
11,2025-08-11,Atlantic,Home & Garden,Paid Search,CAD,48706,1788037,23582.92,0.013189,0.034923,0.05948,167.11,0.3291,4,0.3,impressions,1.0,2500000,1.1,1.0,30000,1.05,11791.46,35374.38,0.955
12,2025-08-18,Atlantic,Home & Garden,Paid Search,CAD,51538,2413557,28520.57,0.011817,0.037559,0.058451,159.57,0.2859,4,0.3,impressions,1.0,2500000,1.1,1.0,30000,1.05,14260.28,42780.85,1.078
13,2025-08-25,Atlantic,Home & Garden,Paid Search,CAD,48295,2000630,22128.48,0.011061,0.032843,0.052531,167.82,0.3244,4,0.3,impressions,1.0,2500000,1.1,1.0,30000,1.05,11064.24,33192.72,1.05
1,2025-06-02,Atlantic,Home & Garden,Display,CAD,44469,2693669,10832.3,0.004021,0.003763,0.013043,153.48,0.2938,5,0.5,impressions,1.0,6250000,1.05,1.0,22500,1.05,4332.92,17331.69,1.04
2,2025-06-09,Atlantic,Home & Garden,Display,CAD,43795,2616211,10763.42,0.004114,0.004306,0.012653,160.19,0.2853,5,0.5,impressions,1.0,6250000,1.05,1.0,22500,1.05,4305.37,17221.48,1.087
3,2025-06-16,Atlantic,Home & Garden,Display,CAD,48624,2620625,11158.87,0.004258,0.004326,0.011174,163.25,0.3285,5,0.5,impressions,1.0,6250000,1.05,1.0,22500,1.05,4463.55,17854.2,1.004
4,2025-06-23,Atlantic,Home & Garden,Display,CAD,48554,3513435,12991.59,0.003698,0.003656,0.010912,156.74,0.2855,5,0.5,impressions,1.0,6250000,1.05,1.0,22500,1.05,5196.64,20786.54,1.094
5,2025-06-30,Atlantic,Home & Garden,Display,CAD,42434,2747054,11236.22,0.00409,0.003848,0.013052,159.92,0.3101,5,0.5,impressions,1.0,6250000,1.05,1.0,22500,1.05,4494.49,17977.95,1.05
6,2025-07-07,Atlantic,Home & Garden,Display,CAD,51380,2875480,12449.56,0.00433,0.00418,0.013194,162.95,0.3127,5,0.5,impressions,1.0,6250000,1.05,1.0,22500,1.05,4979.82,19919.29,1.065
7,2025-07-14,Atlantic,Home & Garden,Display,CAD,44388,2590036,11044.58,0.004264,0.004214,0.011067,156.05,0.3038,5,0.5,impressions,1.0,6250000,1.05,1.0,22500,1.05,4417.83,17671.33,0.962
8,2025-07-21,Atlantic,Home & Garden,Display,CAD,46699,3291143,13226.31,0.004019,0.004284,0.012646,162.63,0.3291,5,0.5,impressions,1.0,6250000,1.05,1.0,22500,1.05,5290.52,21162.1,1.007
9,2025-07-28,Atlantic,Home & Garden,Display,CAD,45294,2477045,10871.76,0.004389,0.004349,0.011644,156.88,0.2765,5,0.5,impressions,1.0,6250000,1.05,1.0,22500,1.05,4348.7,17394.82,1.03
10,2025-08-04,Atlantic,Home & Garden,Display,CAD,51215,2759448,11174.73,0.00405,0.004013,0.011703,165.42,0.3203,5,0.5,impressions,1.0,6250000,1.05,1.0,22500,1.05,4469.89,17879.57,1.018
11,2025-08-11,Atlantic,Home & Garden,Display,CAD,43111,2818524,10886.77,0.003863,0.003606,0.011498,160.76,0.3243,5,0.5,impressions,1.0,6250000,1.05,1.0,22500,1.05,4354.71,17418.83,1.004
12,2025-08-18,Atlantic,Home & Garden,Display,CAD,44220,3680682,13342.63,0.003625,0.004127,0.01317,159.42,0.3293,5,0.5,impressions,1.0,6250000,1.05,1.0,22500,1.05,5337.05,21348.2,0.9
13,2025-08-25,Atlantic,Home & Garden,Display,CAD,48623,2698186,10413.48,0.003859,0.004069,0.012881,166.95,0.29,5,0.5,impressions,1.0,6250000,1.05,1.0,22500,1.05,4165.39,16661.57,0.969
1,2025-06-02,Atlantic,Home & Garden,Social,CAD,46776,2278033,7292.29,0.003201,0.007764,0.015904,153.61,0.3079,2,0.6,impressions,1.0,4500000,1.1,1.0,20000,1.08,2916.92,11667.66,1.087
2,2025-06-09,Atlantic,Home & Garden,Social,CAD,40978,2373481,7262.51,0.00306,0.008163,0.016431,163.55,0.2781,2,0.6,impressions,1.0,4500000,1.1,1.0,20000,1.08,2905.0,11620.02,1.028
3,2025-06-16,Atlantic,Home & Garden,Social,CAD,50127,2368126,6451.79,0.002724,0.008185,0.015066,154.22,0.2863,2,0.6,impressions,1.0,4500000,1.1,1.0,20000,1.08,2580.71,10322.86,0.913
4,2025-06-23,Atlantic,Home & Garden,Social,CAD,45191,2933903,8338.14,0.002842,0.007663,0.017246,167.94,0.2854,2,0.6,impressions,1.0,4500000,1.1,1.0,20000,1.08,3335.26,13341.02,0.927
5,2025-06-30,Atlantic,Home & Garden,Social,CAD,46262,2177375,6319.25,0.002902,0.007608,0.01656,161.67,0.2823,2,0.6,impressions,1.0,4500000,1.1,1.0,20000,1.08,2527.7,10110.8,0.983
6,2025-07-07,Atlantic,Home & Garden,Social,CAD,43567,2051047,6390.53,0.003116,0.007517,0.015877,167.44,0.3174,2,0.6,impressions,1.0,4500000,1.1,1.0,20000,1.08,2556.21,10224.85,0.916
7,2025-07-14,Atlantic,Home & Garden,Social,CAD,41912,2112298,5956.08,0.00282,0.007417,0.015202,155.42,0.2838,2,0.6,impressions,1.0,4500000,1.1,1.0,20000,1.08,2382.43,9529.73,0.956
8,2025-07-21,Atlantic,Home & Garden,Social,CAD,41163,2991510,8385.51,0.002803,0.008301,0.015156,153.08,0.3,2,0.6,impressions,1.0,4500000,1.1,1.0,20000,1.08,3354.2,13416.82,1.008
9,2025-07-28,Atlantic,Home & Garden,Social,CAD,48046,2138815,6901.04,0.003227,0.008241,0.016296,165.86,0.2734,2,0.6,impressions,1.0,4500000,1.1,1.0,20000,1.08,2760.42,11041.67,1.09
10,2025-08-04,Atlantic,Home & Garden,Social,CAD,47351,2220813,6368.24,0.002868,0.008487,0.014965,164.22,0.2983,2,0.6,impressions,1.0,4500000,1.1,1.0,20000,1.08,2547.29,10189.18,0.921
11,2025-08-11,Atlantic,Home & Garden,Social,CAD,41766,2063477,6151.11,0.002981,0.00857,0.017162,162.03,0.3096,2,0.6,impressions,1.0,4500000,1.1,1.0,20000,1.08,2460.44,9841.77,0.904
12,2025-08-18,Atlantic,Home & Garden,Social,CAD,45999,2567740,7065.13,0.002751,0.008661,0.015506,159.45,0.2745,2,0.6,impressions,1.0,4500000,1.1,1.0,20000,1.08,2826.05,11304.21,1.002
13,2025-08-25,Atlantic,Home & Garden,Social,CAD,45464,2114085,6555.69,0.003101,0.008128,0.0165,158.93,0.3086,2,0.6,impressions,1.0,4500000,1.1,1.0,20000,1.08,2622.28,10489.11,0.979
1,2025-06-02,Atlantic,Home & Garden,Affiliate,CAD,51478,1170349,6430.07,0.005494,0.017385,0.028431,160.09,0.3022,4,0.4,impressions,1.0,1500000,1.0,1.0,15000,1.0,1929.02,11574.13,1.011
2,2025-06-09,Atlantic,Home & Garden,Affiliate,CAD,43234,1203048,6770.63,0.005628,0.0194,0.030421,167.59,0.3231,4,0.4,impressions,1.0,1500000,1.0,1.0,15000,1.0,2031.19,12187.14,0.945
3,2025-06-16,Atlantic,Home & Garden,Affiliate,CAD,48435,1259588,7766.21,0.006166,0.019102,0.027415,162.24,0.2809,4,0.4,impressions,1.0,1500000,1.0,1.0,15000,1.0,2329.86,13979.17,0.97
4,2025-06-23,Atlantic,Home & Garden,Affiliate,CAD,51728,1432076,8632.24,0.006028,0.01794,0.031997,161.89,0.2948,4,0.4,impressions,1.0,1500000,1.0,1.0,15000,1.0,2589.67,15538.04,1.006
5,2025-06-30,Atlantic,Home & Garden,Affiliate,CAD,47314,1106158,6797.33,0.006145,0.017411,0.031283,155.73,0.3226,4,0.4,impressions,1.0,1500000,1.0,1.0,15000,1.0,2039.2,12235.19,0.996
6,2025-07-07,Atlantic,Home & Garden,Affiliate,CAD,44378,1317060,8149.35,0.006188,0.017346,0.031958,164.15,0.2949,4,0.4,impressions,1.0,1500000,1.0,1.0,15000,1.0,2444.81,14668.83,1.006
7,2025-07-14,Atlantic,Home & Garden,Affiliate,CAD,45947,1275751,7055.63,0.005531,0.019561,0.027499,167.91,0.3283,4,0.4,impressions,1.0,1500000,1.0,1.0,15000,1.0,2116.69,12700.14,1.001
8,2025-07-21,Atlantic,Home & Garden,Affiliate,CAD,47990,1533776,9076.3,0.005918,0.017126,0.029596,152.58,0.2972,4,0.4,impressions,1.0,1500000,1.0,1.0,15000,1.0,2722.89,16337.34,1.003
9,2025-07-28,Atlantic,Home & Garden,Affiliate,CAD,48219,1184226,6977.06,0.005892,0.019302,0.029205,161.14,0.2822,4,0.4,impressions,1.0,1500000,1.0,1.0,15000,1.0,2093.12,12558.7,0.982
10,2025-08-04,Atlantic,Home & Garden,Affiliate,CAD,50459,1244689,6950.99,0.005585,0.019464,0.030692,159.8,0.3159,4,0.4,impressions,1.0,1500000,1.0,1.0,15000,1.0,2085.3,12511.79,1.05
11,2025-08-11,Atlantic,Home & Garden,Affiliate,CAD,46990,1280716,7914.44,0.00618,0.016422,0.027675,155.81,0.3053,4,0.4,impressions,1.0,1500000,1.0,1.0,15000,1.0,2374.33,14245.99,0.983
12,2025-08-18,Atlantic,Home & Garden,Affiliate,CAD,49472,1471874,9225.48,0.006268,0.018527,0.027862,163.15,0.3009,4,0.4,impressions,1.0,1500000,1.0,1.0,15000,1.0,2767.65,16605.87,1.002
13,2025-08-25,Atlantic,Home & Garden,Affiliate,CAD,49218,1321295,8352.25,0.006321,0.016413,0.032512,161.36,0.2962,4,0.4,impressions,1.0,1500000,1.0,1.0,15000,1.0,2505.67,15034.05,1.007
1,2025-06-02,Atlantic,Home & Garden,Email,CAD,42075,691645,974.33,0.001409,0.051532,0.038246,156.37,0.2876,6,0.2,impressions,1.0,750000,0.95,1.0,10000,0.95,194.87,2435.83,1.056
2,2025-06-09,Atlantic,Home & Garden,Email,CAD,48813,650687,937.07,0.00144,0.050234,0.039077,160.21,0.2891,6,0.2,impressions,1.0,750000,0.95,1.0,10000,0.95,187.41,2342.67,1.025
3,2025-06-16,Atlantic,Home & Garden,Email,CAD,48580,656801,1047.28,0.001595,0.05248,0.041704,155.23,0.3297,6,0.2,impressions,1.0,750000,0.95,1.0,10000,0.95,209.46,2618.21,1.036
4,2025-06-23,Atlantic,Home & Garden,Email,CAD,48520,786548,1113.12,0.001415,0.050662,0.043967,158.75,0.2777,6,0.2,impressions,1.0,750000,0.95,1.0,10000,0.95,222.62,2782.8,0.901
5,2025-06-30,Atlantic,Home & Garden,Email,CAD,48513,715646,1060.78,0.001482,0.053898,0.041065,157.3,0.2776,6,0.2,impressions,1.0,750000,0.95,1.0,10000,0.95,212.16,2651.95,0.967
6,2025-07-07,Atlantic,Home & Garden,Email,CAD,50465,659757,927.22,0.001405,0.045709,0.038605,164.58,0.3132,6,0.2,impressions,1.0,750000,0.95,1.0,10000,0.95,185.44,2318.04,0.936
7,2025-07-14,Atlantic,Home & Garden,Email,CAD,45902,642418,880.33,0.00137,0.04952,0.041685,157.96,0.3043,6,0.2,impressions,1.0,750000,0.95,1.0,10000,0.95,176.07,2200.83,1.022
8,2025-07-21,Atlantic,Home & Garden,Email,CAD,49884,905492,1260.29,0.001392,0.048684,0.036848,160.43,0.2805,6,0.2,impressions,1.0,750000,0.95,1.0,10000,0.95,252.06,3150.73,0.97
9,2025-07-28,Atlantic,Home & Garden,Email,CAD,44037,605073,845.72,0.001398,0.05331,0.040266,161.83,0.3108,6,0.2,impressions,1.0,750000,0.95,1.0,10000,0.95,169.14,2114.3,0.901
10,2025-08-04,Atlantic,Home & Garden,Email,CAD,49788,635663,978.33,0.001539,0.048164,0.038684,155.18,0.2718,6,0.2,impressions,1.0,750000,0.95,1.0,10000,0.95,195.67,2445.81,0.98
11,2025-08-11,Atlantic,Home & Garden,Email,CAD,42613,621244,978.79,0.001576,0.049151,0.039752,159.68,0.2755,6,0.2,impressions,1.0,750000,0.95,1.0,10000,0.95,195.76,2446.98,1.002
12,2025-08-18,Atlantic,Home & Garden,Email,CAD,51516,821725,1259.01,0.001532,0.045299,0.038269,157.67,0.3125,6,0.2,impressions,1.0,750000,0.95,1.0,10000,0.95,251.8,3147.53,1.093
13,2025-08-25,Atlantic,Home & Garden,Email,CAD,44706,689738,973.52,0.001411,0.052998,0.043635,164.01,0.2893,6,0.2,impressions,1.0,750000,0.95,1.0,10000,0.95,194.7,2433.8,0.958
1,2025-06-02,Atlantic,Home & Garden,Online Video,CAD,42108,1418086,10439.94,0.007362,0.003275,0.008478,162.79,0.2882,3,0.7,impressions,1.0,3500000,1.15,1.0,27500,1.1,3131.98,17747.9,1.084
2,2025-06-09,Atlantic,Home & Garden,Online Video,CAD,46855,1381611,10347.15,0.007489,0.003281,0.009418,153.32,0.293,3,0.7,impressions,1.0,3500000,1.15,1.0,27500,1.1,3104.14,17590.15,0.937
3,2025-06-16,Atlantic,Home & Garden,Online Video,CAD,44223,1504615,9757.87,0.006485,0.003038,0.009278,154.11,0.2721,3,0.7,impressions,1.0,3500000,1.15,1.0,27500,1.1,2927.36,16588.38,0.945
4,2025-06-23,Atlantic,Home & Garden,Online Video,CAD,42271,1839656,12690.05,0.006898,0.003167,0.008358,163.92,0.3044,3,0.7,impressions,1.0,3500000,1.15,1.0,27500,1.1,3807.02,21573.09,0.936
5,2025-06-30,Atlantic,Home & Garden,Online Video,CAD,50362,1360911,10229.65,0.007517,0.00305,0.008142,157.61,0.295,3,0.7,impressions,1.0,3500000,1.15,1.0,27500,1.1,3068.89,17390.4,1.029
6,2025-07-07,Atlantic,Home & Garden,Online Video,CAD,44043,1404452,9595.94,0.006833,0.00297,0.009154,159.45,0.2915,3,0.7,impressions,1.0,3500000,1.15,1.0,27500,1.1,2878.78,16313.1,0.916
7,2025-07-14,Atlantic,Home & Garden,Online Video,CAD,44321,1561072,10384.71,0.006652,0.002722,0.008413,166.25,0.3067,3,0.7,impressions,1.0,3500000,1.15,1.0,27500,1.1,3115.41,17654.0,0.98
8,2025-07-21,Atlantic,Home & Garden,Online Video,CAD,48015,1916729,13491.92,0.007039,0.003132,0.00914,161.21,0.305,3,0.7,impressions,1.0,3500000,1.15,1.0,27500,1.1,4047.58,22936.26,1.091
9,2025-07-28,Atlantic,Home & Garden,Online Video,CAD,44700,1308420,8308.48,0.00635,0.003269,0.008859,152.18,0.2774,3,0.7,impressions,1.0,3500000,1.15,1.0,27500,1.1,2492.54,14124.42,0.911
10,2025-08-04,Atlantic,Home & Garden,Online Video,CAD,44847,1510068,10600.0,0.00702,0.003075,0.008442,153.65,0.3197,3,0.7,impressions,1.0,3500000,1.15,1.0,27500,1.1,3180.0,18020.0,1.082
11,2025-08-11,Atlantic,Home & Garden,Online Video,CAD,50207,1335994,9437.73,0.007064,0.002811,0.009565,157.27,0.2751,3,0.7,impressions,1.0,3500000,1.15,1.0,27500,1.1,2831.32,16044.13,1.021
12,2025-08-18,Atlantic,Home & Garden,Online Video,CAD,44567,1804659,11641.8,0.006451,0.002842,0.008993,153.58,0.3245,3,0.7,impressions,1.0,3500000,1.15,1.0,27500,1.1,3492.54,19791.07,1.09
13,2025-08-25,Atlantic,Home & Garden,Online Video,CAD,47858,1291631,8630.91,0.006682,0.002939,0.008705,161.04,0.3035,3,0.7,impressions,1.0,3500000,1.15,1.0,27500,1.1,2589.27,14672.55,1.058
1,2025-06-02,Atlantic,Grocery,Paid Search,CAD,41524,1856669,21283.74,0.011463,0.035812,0.059069,43.61,0.1559,4,0.3,impressions,1.0,2500000,1.1,1.0,30000,1.05,10641.87,31925.61,0.919
2,2025-06-09,Atlantic,Grocery,Paid Search,CAD,42811,1981383,22775.4,0.011495,0.036879,0.049816,43.33,0.1576,4,0.3,impressions,1.0,2500000,1.1,1.0,30000,1.05,11387.7,34163.09,1.05
3,2025-06-16,Atlantic,Grocery,Paid Search,CAD,43503,1802448,20659.73,0.011462,0.036753,0.055253,45.39,0.163,4,0.3,impressions,1.0,2500000,1.1,1.0,30000,1.05,10329.87,30989.6,0.957
4,2025-06-23,Atlantic,Grocery,Paid Search,CAD,51010,2649174,29922.84,0.011295,0.035923,0.056663,43.72,0.1628,4,0.3,impressions,1.0,2500000,1.1,1.0,30000,1.05,14961.42,44884.25,1.066
5,2025-06-30,Atlantic,Grocery,Paid Search,CAD,51035,1950648,24014.27,0.012311,0.034315,0.050841,44.33,0.1478,4,0.3,impressions,1.0,2500000,1.1,1.0,30000,1.05,12007.14,36021.41,0.914
6,2025-07-07,Atlantic,Grocery,Paid Search,CAD,44582,1795686,23202.09,0.012921,0.032852,0.056187,46.88,0.1518,4,0.3,impressions,1.0,2500000,1.1,1.0,30000,1.05,11601.05,34803.14,1.084
7,2025-07-14,Atlantic,Grocery,Paid Search,CAD,51640,2112652,24181.55,0.011446,0.035,0.057493,42.86,0.1524,4,0.3,impressions,1.0,2500000,1.1,1.0,30000,1.05,12090.78,36272.33,1.069
8,2025-07-21,Atlantic,Grocery,Paid Search,CAD,51210,2535735,32401.61,0.012778,0.035378,0.056196,42.84,0.1635,4,0.3,impressions,1.0,2500000,1.1,1.0,30000,1.05,16200.8,48602.41,1.053
9,2025-07-28,Atlantic,Grocery,Paid Search,CAD,45411,2021145,23543.81,0.011649,0.032566,0.051318,43.94,0.1482,4,0.3,impressions,1.0,2500000,1.1,1.0,30000,1.05,11771.91,35315.72,0.911
10,2025-08-04,Atlantic,Grocery,Paid Search,CAD,48143,1850668,23767.35,0.012843,0.038329,0.054176,43.08,0.1593,4,0.3,impressions,1.0,2500000,1.1,1.0,30000,1.05,11883.68,35651.03,1.032
11,2025-08-11,Atlantic,Grocery,Paid Search,CAD,45969,1874083,20730.18,0.011062,0.037869,0.053027,46.64,0.1449,4,0.3,impressions,1.0,2500000,1.1,1.0,30000,1.05,10365.09,31095.26,0.929
12,2025-08-18,Atlantic,Grocery,Paid Search,CAD,50832,2658393,30479.57,0.011465,0.033579,0.053738,44.78,0.1465,4,0.3,impressions,1.0,2500000,1.1,1.0,30000,1.05,15239.79,45719.36,0.92
13,2025-08-25,Atlantic,Grocery,Paid Search,CAD,48079,2110802,26274.99,0.012448,0.037263,0.059749,47.23,0.1451,4,0.3,impressions,1.0,2500000,1.1,1.0,30000,1.05,13137.5,39412.49,0.965
1,2025-06-02,Atlantic,Grocery,Display,CAD,46471,2751899,10322.87,0.003751,0.004164,0.012023,43.53,0.1564,5,0.5,impressions,1.0,6250000,1.05,1.0,22500,1.05,4129.15,16516.59,1.0
2,2025-06-09,Atlantic,Grocery,Display,CAD,50548,2902604,12472.83,0.004297,0.003744,0.01183,46.6,0.1548,5,0.5,impressions,1.0,6250000,1.05,1.0,22500,1.05,4989.13,19956.53,0.929
3,2025-06-16,Atlantic,Grocery,Display,CAD,46901,2840862,11286.38,0.003973,0.003919,0.011117,46.24,0.1397,5,0.5,impressions,1.0,6250000,1.05,1.0,22500,1.05,4514.55,18058.21,1.05
4,2025-06-23,Atlantic,Grocery,Display,CAD,42760,3486584,14283.45,0.004097,0.003636,0.011025,46.52,0.1612,5,0.5,impressions,1.0,6250000,1.05,1.0,22500,1.05,5713.38,22853.52,0.939
5,2025-06-30,Atlantic,Grocery,Display,CAD,51133,2608496,10822.28,0.004149,0.004305,0.011072,45.15,0.1476,5,0.5,impressions,1.0,6250000,1.05,1.0,22500,1.05,4328.91,17315.64,1.072
6,2025-07-07,Atlantic,Grocery,Display,CAD,43476,2648227,9760.27,0.003686,0.004292,0.011776,47.24,0.1394,5,0.5,impressions,1.0,6250000,1.05,1.0,22500,1.05,3904.11,15616.42,1.002
7,2025-07-14,Atlantic,Grocery,Display,CAD,44737,2726241,11926.41,0.004375,0.003844,0.012953,44.6,0.1371,5,0.5,impressions,1.0,6250000,1.05,1.0,22500,1.05,4770.57,19082.26,1.097
8,2025-07-21,Atlantic,Grocery,Display,CAD,43985,3210321,13353.45,0.00416,0.003671,0.011086,46.16,0.1491,5,0.5,impressions,1.0,6250000,1.05,1.0,22500,1.05,5341.38,21365.53,0.968
9,2025-07-28,Atlantic,Grocery,Display,CAD,50377,2378019,8684.67,0.003652,0.00378,0.012842,44.58,0.1574,5,0.5,impressions,1.0,6250000,1.05,1.0,22500,1.05,3473.87,13895.48,1.041
10,2025-08-04,Atlantic,Grocery,Display,CAD,45098,2841253,11336.16,0.00399,0.003659,0.012948,45.69,0.1615,5,0.5,impressions,1.0,6250000,1.05,1.0,22500,1.05,4534.46,18137.85,0.948
11,2025-08-11,Atlantic,Grocery,Display,CAD,44849,2810509,12207.57,0.004344,0.003806,0.012638,43.08,0.1355,5,0.5,impressions,1.0,6250000,1.05,1.0,22500,1.05,4883.03,19532.11,0.955
12,2025-08-18,Atlantic,Grocery,Display,CAD,43873,3671599,16071.23,0.004377,0.003751,0.011632,47.15,0.1449,5,0.5,impressions,1.0,6250000,1.05,1.0,22500,1.05,6428.49,25713.97,1.071
13,2025-08-25,Atlantic,Grocery,Display,CAD,51658,2489089,9665.09,0.003883,0.00377,0.012784,43.63,0.163,5,0.5,impressions,1.0,6250000,1.05,1.0,22500,1.05,3866.04,15464.15,0.922
1,2025-06-02,Atlantic,Grocery,Social,CAD,44929,2232952,6814.89,0.003052,0.007216,0.017187,44.65,0.1375,2,0.6,impressions,1.0,4500000,1.1,1.0,20000,1.08,2725.95,10903.82,0.997
2,2025-06-09,Atlantic,Grocery,Social,CAD,45868,2125038,6962.39,0.003276,0.008209,0.016448,45.7,0.1452,2,0.6,impressions,1.0,4500000,1.1,1.0,20000,1.08,2784.96,11139.82,0.952
3,2025-06-16,Atlantic,Grocery,Social,CAD,47653,2167923,6971.73,0.003216,0.007802,0.017095,45.58,0.1525,2,0.6,impressions,1.0,4500000,1.1,1.0,20000,1.08,2788.69,11154.77,1.061
4,2025-06-23,Atlantic,Grocery,Social,CAD,49363,2604138,8173.55,0.003139,0.008381,0.014513,45.99,0.138,2,0.6,impressions,1.0,4500000,1.1,1.0,20000,1.08,3269.42,13077.68,1.012
5,2025-06-30,Atlantic,Grocery,Social,CAD,50149,2210248,6008.27,0.002718,0.008515,0.014991,43.48,0.1486,2,0.6,impressions,1.0,4500000,1.1,1.0,20000,1.08,2403.31,9613.23,1.043
6,2025-07-07,Atlantic,Grocery,Social,CAD,48190,2097418,5826.91,0.002778,0.008785,0.014652,43.13,0.1512,2,0.6,impressions,1.0,4500000,1.1,1.0,20000,1.08,2330.76,9323.05,0.927
7,2025-07-14,Atlantic,Grocery,Social,CAD,49638,2031668,5943.72,0.002926,0.007365,0.015873,46.48,0.1601,2,0.6,impressions,1.0,4500000,1.1,1.0,20000,1.08,2377.49,9509.96,1.013
8,2025-07-21,Atlantic,Grocery,Social,CAD,46471,2573441,8090.33,0.003144,0.008006,0.014703,43.02,0.1433,2,0.6,impressions,1.0,4500000,1.1,1.0,20000,1.08,3236.13,12944.53,1.029
9,2025-07-28,Atlantic,Grocery,Social,CAD,45651,2220937,7277.26,0.003277,0.008625,0.016748,46.17,0.1439,2,0.6,impressions,1.0,4500000,1.1,1.0,20000,1.08,2910.9,11643.62,1.013
10,2025-08-04,Atlantic,Grocery,Social,CAD,46337,1991531,5476.36,0.00275,0.008115,0.016647,46.11,0.1393,2,0.6,impressions,1.0,4500000,1.1,1.0,20000,1.08,2190.55,8762.18,1.016
11,2025-08-11,Atlantic,Grocery,Social,CAD,49437,2072527,6260.57,0.003021,0.007256,0.016049,42.99,0.1563,2,0.6,impressions,1.0,4500000,1.1,1.0,20000,1.08,2504.23,10016.91,0.962
12,2025-08-18,Atlantic,Grocery,Social,CAD,47314,2546959,8108.77,0.003184,0.007965,0.017254,46.27,0.1398,2,0.6,impressions,1.0,4500000,1.1,1.0,20000,1.08,3243.51,12974.04,0.982
13,2025-08-25,Atlantic,Grocery,Social,CAD,51095,2098051,6181.55,0.002946,0.008655,0.015519,45.12,0.1589,2,0.6,impressions,1.0,4500000,1.1,1.0,20000,1.08,2472.62,9890.48,1.008
1,2025-06-02,Atlantic,Grocery,Affiliate,CAD,45555,1215798,7691.61,0.006326,0.019228,0.030154,42.98,0.159,4,0.4,impressions,1.0,1500000,1.0,1.0,15000,1.0,2307.48,13844.91,0.922
2,2025-06-09,Atlantic,Grocery,Affiliate,CAD,43546,1249183,7033.88,0.005631,0.01887,0.027787,43.32,0.1352,4,0.4,impressions,1.0,1500000,1.0,1.0,15000,1.0,2110.16,12660.98,0.93
3,2025-06-16,Atlantic,Grocery,Affiliate,CAD,49754,1192416,7159.38,0.006004,0.017352,0.029995,44.4,0.1498,4,0.4,impressions,1.0,1500000,1.0,1.0,15000,1.0,2147.81,12886.88,0.906
4,2025-06-23,Atlantic,Grocery,Affiliate,CAD,49149,1575526,9872.46,0.006266,0.019325,0.028463,44.57,0.1438,4,0.4,impressions,1.0,1500000,1.0,1.0,15000,1.0,2961.74,17770.44,0.99
5,2025-06-30,Atlantic,Grocery,Affiliate,CAD,44024,1274118,8292.97,0.006509,0.01788,0.027353,46.56,0.1469,4,0.4,impressions,1.0,1500000,1.0,1.0,15000,1.0,2487.89,14927.35,1.046
6,2025-07-07,Atlantic,Grocery,Affiliate,CAD,43930,1280999,7004.28,0.005468,0.01806,0.029765,47.09,0.1601,4,0.4,impressions,1.0,1500000,1.0,1.0,15000,1.0,2101.28,12607.71,0.958
7,2025-07-14,Atlantic,Grocery,Affiliate,CAD,43046,1264184,8244.44,0.006522,0.018263,0.032077,43.96,0.1532,4,0.4,impressions,1.0,1500000,1.0,1.0,15000,1.0,2473.33,14840.0,0.981
8,2025-07-21,Atlantic,Grocery,Affiliate,CAD,47936,1492922,9609.26,0.006437,0.016875,0.031193,46.7,0.1551,4,0.4,impressions,1.0,1500000,1.0,1.0,15000,1.0,2882.78,17296.66,1.073
9,2025-07-28,Atlantic,Grocery,Affiliate,CAD,44930,1307572,8504.14,0.006504,0.018453,0.029477,46.51,0.1615,4,0.4,impressions,1.0,1500000,1.0,1.0,15000,1.0,2551.24,15307.45,1.072
10,2025-08-04,Atlantic,Grocery,Affiliate,CAD,41119,1323832,8158.78,0.006163,0.018253,0.027229,44.87,0.1433,4,0.4,impressions,1.0,1500000,1.0,1.0,15000,1.0,2447.63,14685.81,1.089
11,2025-08-11,Atlantic,Grocery,Affiliate,CAD,48926,1327636,7833.96,0.005901,0.016773,0.029262,46.04,0.1415,4,0.4,impressions,1.0,1500000,1.0,1.0,15000,1.0,2350.19,14101.12,1.058
12,2025-08-18,Atlantic,Grocery,Affiliate,CAD,50966,1535501,10034.09,0.006535,0.016583,0.029858,43.97,0.1394,4,0.4,impressions,1.0,1500000,1.0,1.0,15000,1.0,3010.23,18061.36,0.997
13,2025-08-25,Atlantic,Grocery,Affiliate,CAD,41459,1121126,7314.52,0.006524,0.017657,0.030902,42.97,0.1396,4,0.4,impressions,1.0,1500000,1.0,1.0,15000,1.0,2194.36,13166.13,0.96
1,2025-06-02,Atlantic,Grocery,Email,CAD,44870,614546,889.98,0.001448,0.047293,0.04039,44.57,0.1633,6,0.2,impressions,1.0,750000,0.95,1.0,10000,0.95,178.0,2224.94,0.951
2,2025-06-09,Atlantic,Grocery,Email,CAD,42266,697629,1112.79,0.001595,0.050492,0.041891,45.07,0.1606,6,0.2,impressions,1.0,750000,0.95,1.0,10000,0.95,222.56,2781.96,0.949
3,2025-06-16,Atlantic,Grocery,Email,CAD,48345,620348,907.47,0.001463,0.051717,0.043798,43.78,0.1611,6,0.2,impressions,1.0,750000,0.95,1.0,10000,0.95,181.49,2268.67,0.907
4,2025-06-23,Atlantic,Grocery,Email,CAD,46504,777627,1202.96,0.001547,0.04519,0.039613,43.39,0.1579,6,0.2,impressions,1.0,750000,0.95,1.0,10000,0.95,240.59,3007.4,0.962
5,2025-06-30,Atlantic,Grocery,Email,CAD,45863,648860,888.83,0.00137,0.052523,0.042433,43.62,0.1618,6,0.2,impressions,1.0,750000,0.95,1.0,10000,0.95,177.77,2222.07,0.934
6,2025-07-07,Atlantic,Grocery,Email,CAD,45414,650830,879.02,0.001351,0.054949,0.043384,45.23,0.1612,6,0.2,impressions,1.0,750000,0.95,1.0,10000,0.95,175.8,2197.54,0.976
7,2025-07-14,Atlantic,Grocery,Email,CAD,49429,697503,1037.21,0.001487,0.045288,0.042322,45.14,0.1427,6,0.2,impressions,1.0,750000,0.95,1.0,10000,0.95,207.44,2593.03,1.011
8,2025-07-21,Atlantic,Grocery,Email,CAD,43886,778227,1234.26,0.001586,0.054046,0.036927,45.26,0.1419,6,0.2,impressions,1.0,750000,0.95,1.0,10000,0.95,246.85,3085.65,1.071
9,2025-07-28,Atlantic,Grocery,Email,CAD,49534,674123,928.33,0.001377,0.052876,0.041161,47.05,0.1442,6,0.2,impressions,1.0,750000,0.95,1.0,10000,0.95,185.67,2320.83,0.927
10,2025-08-04,Atlantic,Grocery,Email,CAD,43293,652542,900.86,0.001381,0.051522,0.036258,46.0,0.1397,6,0.2,impressions,1.0,750000,0.95,1.0,10000,0.95,180.17,2252.15,0.984
11,2025-08-11,Atlantic,Grocery,Email,CAD,50247,648989,891.52,0.001374,0.045772,0.042039,46.52,0.1549,6,0.2,impressions,1.0,750000,0.95,1.0,10000,0.95,178.3,2228.81,0.937
12,2025-08-18,Atlantic,Grocery,Email,CAD,47833,895604,1311.59,0.001464,0.047646,0.037097,47.19,0.1398,6,0.2,impressions,1.0,750000,0.95,1.0,10000,0.95,262.32,3278.96,0.903
13,2025-08-25,Atlantic,Grocery,Email,CAD,47409,645646,1050.77,0.001627,0.054449,0.043769,45.01,0.1416,6,0.2,impressions,1.0,750000,0.95,1.0,10000,0.95,210.15,2626.92,0.976
1,2025-06-02,Atlantic,Grocery,Online Video,CAD,44397,1358444,8956.43,0.006593,0.003125,0.009532,44.57,0.1637,3,0.7,impressions,1.0,3500000,1.15,1.0,27500,1.1,2686.93,15225.92,0.907
2,2025-06-09,Atlantic,Grocery,Online Video,CAD,40700,1373236,8843.32,0.00644,0.002899,0.008768,42.76,0.1523,3,0.7,impressions,1.0,3500000,1.15,1.0,27500,1.1,2653.0,15033.65,1.072
3,2025-06-16,Atlantic,Grocery,Online Video,CAD,42518,1542865,11588.99,0.007511,0.003051,0.008408,43.89,0.1418,3,0.7,impressions,1.0,3500000,1.15,1.0,27500,1.1,3476.7,19701.29,1.076
4,2025-06-23,Atlantic,Grocery,Online Video,CAD,45045,1962250,12456.67,0.006348,0.003182,0.008658,43.12,0.1383,3,0.7,impressions,1.0,3500000,1.15,1.0,27500,1.1,3737.0,21176.34,0.907
5,2025-06-30,Atlantic,Grocery,Online Video,CAD,45438,1287175,8532.91,0.006629,0.003034,0.008474,43.47,0.1579,3,0.7,impressions,1.0,3500000,1.15,1.0,27500,1.1,2559.87,14505.95,0.917
6,2025-07-07,Atlantic,Grocery,Online Video,CAD,49112,1357829,8608.22,0.00634,0.003031,0.008723,44.82,0.1521,3,0.7,impressions,1.0,3500000,1.15,1.0,27500,1.1,2582.47,14633.97,0.974
7,2025-07-14,Atlantic,Grocery,Online Video,CAD,49309,1522261,11442.77,0.007517,0.00315,0.009142,45.21,0.1406,3,0.7,impressions,1.0,3500000,1.15,1.0,27500,1.1,3432.83,19452.7,1.094
8,2025-07-21,Atlantic,Grocery,Online Video,CAD,48214,1831747,12800.86,0.006988,0.002756,0.009164,45.77,0.1644,3,0.7,impressions,1.0,3500000,1.15,1.0,27500,1.1,3840.26,21761.47,0.969
9,2025-07-28,Atlantic,Grocery,Online Video,CAD,45684,1417824,9008.93,0.006354,0.002879,0.008704,44.03,0.1402,3,0.7,impressions,1.0,3500000,1.15,1.0,27500,1.1,2702.68,15315.17,1.053
10,2025-08-04,Atlantic,Grocery,Online Video,CAD,45855,1567936,10386.44,0.006624,0.003001,0.008934,46.59,0.1377,3,0.7,impressions,1.0,3500000,1.15,1.0,27500,1.1,3115.93,17656.95,0.937
11,2025-08-11,Atlantic,Grocery,Online Video,CAD,48104,1324031,8650.07,0.006533,0.002913,0.008128,44.26,0.1516,3,0.7,impressions,1.0,3500000,1.15,1.0,27500,1.1,2595.02,14705.12,1.069
12,2025-08-18,Atlantic,Grocery,Online Video,CAD,45858,1866766,12077.88,0.00647,0.003043,0.008634,42.82,0.157,3,0.7,impressions,1.0,3500000,1.15,1.0,27500,1.1,3623.36,20532.4,0.92
13,2025-08-25,Atlantic,Grocery,Online Video,CAD,43404,1516002,10569.25,0.006972,0.002824,0.009567,47.08,0.165,3,0.7,impressions,1.0,3500000,1.15,1.0,27500,1.1,3170.78,17967.73,0.946
1,2025-06-02,Atlantic,Beauty,Paid Search,CAD,47223,2106560,24446.24,0.011605,0.033275,0.060355,61.24,0.2402,4,0.3,impressions,1.0,2500000,1.1,1.0,30000,1.05,12223.12,36669.37,0.934
2,2025-06-09,Atlantic,Beauty,Paid Search,CAD,47124,1895937,24807.7,0.013085,0.032725,0.054917,62.43,0.2053,4,0.3,impressions,1.0,2500000,1.1,1.0,30000,1.05,12403.85,37211.56,0.995
3,2025-06-16,Atlantic,Beauty,Paid Search,CAD,42996,2033563,26622.01,0.013091,0.032336,0.053562,62.71,0.2226,4,0.3,impressions,1.0,2500000,1.1,1.0,30000,1.05,13311.01,39933.02,1.048
4,2025-06-23,Atlantic,Beauty,Paid Search,CAD,48012,2763183,29881.39,0.010814,0.031867,0.051928,59.31,0.2354,4,0.3,impressions,1.0,2500000,1.1,1.0,30000,1.05,14940.7,44822.09,1.049
5,2025-06-30,Atlantic,Beauty,Paid Search,CAD,42970,2075382,26082.96,0.012568,0.033339,0.055224,59.98,0.2019,4,0.3,impressions,1.0,2500000,1.1,1.0,30000,1.05,13041.48,39124.44,0.92
6,2025-07-07,Atlantic,Beauty,Paid Search,CAD,49775,2163955,26639.72,0.012311,0.034846,0.050321,60.84,0.2093,4,0.3,impressions,1.0,2500000,1.1,1.0,30000,1.05,13319.86,39959.59,0.922
7,2025-07-14,Atlantic,Beauty,Paid Search,CAD,50205,2044089,25756.94,0.012601,0.03674,0.053384,61.8,0.2047,4,0.3,impressions,1.0,2500000,1.1,1.0,30000,1.05,12878.47,38635.41,0.965
8,2025-07-21,Atlantic,Beauty,Paid Search,CAD,41741,2418861,26762.28,0.011064,0.032062,0.0498,57.03,0.2124,4,0.3,impressions,1.0,2500000,1.1,1.0,30000,1.05,13381.14,40143.43,1.03
9,2025-07-28,Atlantic,Beauty,Paid Search,CAD,50451,2140920,24421.13,0.011407,0.038443,0.05941,61.62,0.2392,4,0.3,impressions,1.0,2500000,1.1,1.0,30000,1.05,12210.57,36631.7,1.057
10,2025-08-04,Atlantic,Beauty,Paid Search,CAD,51281,1923890,23030.44,0.011971,0.033551,0.050419,57.33,0.2419,4,0.3,impressions,1.0,2500000,1.1,1.0,30000,1.05,11515.22,34545.66,1.055
11,2025-08-11,Atlantic,Beauty,Paid Search,CAD,41986,2169858,24669.69,0.011369,0.034379,0.050801,61.04,0.2345,4,0.3,impressions,1.0,2500000,1.1,1.0,30000,1.05,12334.84,37004.53,0.931
12,2025-08-18,Atlantic,Beauty,Paid Search,CAD,44165,2492989,31836.87,0.012771,0.031797,0.052364,58.19,0.2221,4,0.3,impressions,1.0,2500000,1.1,1.0,30000,1.05,15918.44,47755.31,1.024
13,2025-08-25,Atlantic,Beauty,Paid Search,CAD,48700,2161069,26912.32,0.012453,0.035016,0.053182,58.68,0.2263,4,0.3,impressions,1.0,2500000,1.1,1.0,30000,1.05,13456.16,40368.47,0.984
1,2025-06-02,Atlantic,Beauty,Display,CAD,43822,2808179,10841.46,0.003861,0.004198,0.012742,61.23,0.2171,5,0.5,impressions,1.0,6250000,1.05,1.0,22500,1.05,4336.58,17346.33,1.088
2,2025-06-09,Atlantic,Beauty,Display,CAD,44120,2412163,9493.06,0.003935,0.00406,0.011648,59.09,0.2044,5,0.5,impressions,1.0,6250000,1.05,1.0,22500,1.05,3797.22,15188.9,0.992
3,2025-06-16,Atlantic,Beauty,Display,CAD,46354,2439755,9913.22,0.004063,0.003889,0.010833,57.87,0.2073,5,0.5,impressions,1.0,6250000,1.05,1.0,22500,1.05,3965.29,15861.16,0.919
4,2025-06-23,Atlantic,Beauty,Display,CAD,49442,3602321,13451.67,0.003734,0.003805,0.011884,59.68,0.2131,5,0.5,impressions,1.0,6250000,1.05,1.0,22500,1.05,5380.67,21522.67,1.099
5,2025-06-30,Atlantic,Beauty,Display,CAD,46640,2576157,11225.13,0.004357,0.004023,0.012181,59.4,0.2225,5,0.5,impressions,1.0,6250000,1.05,1.0,22500,1.05,4490.05,17960.21,0.916
6,2025-07-07,Atlantic,Beauty,Display,CAD,48300,2480304,9059.54,0.003653,0.004227,0.013165,61.81,0.2086,5,0.5,impressions,1.0,6250000,1.05,1.0,22500,1.05,3623.82,14495.26,0.909
7,2025-07-14,Atlantic,Beauty,Display,CAD,41917,2756303,11145.15,0.004044,0.003971,0.010803,59.77,0.2383,5,0.5,impressions,1.0,6250000,1.05,1.0,22500,1.05,4458.06,17832.25,0.971
8,2025-07-21,Atlantic,Beauty,Display,CAD,49181,3417255,13926.75,0.004075,0.004345,0.012541,60.35,0.2155,5,0.5,impressions,1.0,6250000,1.05,1.0,22500,1.05,5570.7,22282.8,0.926
9,2025-07-28,Atlantic,Beauty,Display,CAD,43309,2577625,10202.74,0.003958,0.004376,0.011374,57.14,0.2222,5,0.5,impressions,1.0,6250000,1.05,1.0,22500,1.05,4081.1,16324.38,1.097
10,2025-08-04,Atlantic,Beauty,Display,CAD,45732,2553621,10139.11,0.00397,0.003943,0.011794,57.7,0.2153,5,0.5,impressions,1.0,6250000,1.05,1.0,22500,1.05,4055.64,16222.57,1.071
11,2025-08-11,Atlantic,Beauty,Display,CAD,46619,2415219,8767.51,0.00363,0.003754,0.012259,58.9,0.2188,5,0.5,impressions,1.0,6250000,1.05,1.0,22500,1.05,3507.0,14028.02,0.962
12,2025-08-18,Atlantic,Beauty,Display,CAD,48150,3084999,11708.62,0.003795,0.004394,0.012314,57.62,0.1998,5,0.5,impressions,1.0,6250000,1.05,1.0,22500,1.05,4683.45,18733.79,1.071
13,2025-08-25,Atlantic,Beauty,Display,CAD,48696,2879352,11181.64,0.003883,0.003725,0.011765,60.87,0.206,5,0.5,impressions,1.0,6250000,1.05,1.0,22500,1.05,4472.66,17890.63,1.091
1,2025-06-02,Atlantic,Beauty,Social,CAD,50940,2419247,7594.89,0.003139,0.007644,0.016281,61.27,0.1989,2,0.6,impressions,1.0,4500000,1.1,1.0,20000,1.08,3037.96,12151.82,0.924
2,2025-06-09,Atlantic,Beauty,Social,CAD,43782,1994898,6438.21,0.003227,0.00807,0.015407,61.19,0.2078,2,0.6,impressions,1.0,4500000,1.1,1.0,20000,1.08,2575.28,10301.13,0.908
3,2025-06-16,Atlantic,Beauty,Social,CAD,44063,2048589,6447.01,0.003147,0.007426,0.016436,59.81,0.2244,2,0.6,impressions,1.0,4500000,1.1,1.0,20000,1.08,2578.81,10315.22,1.043
4,2025-06-23,Atlantic,Beauty,Social,CAD,41799,2782889,7837.72,0.002816,0.007784,0.015516,60.57,0.2336,2,0.6,impressions,1.0,4500000,1.1,1.0,20000,1.08,3135.09,12540.35,1.068
5,2025-06-30,Atlantic,Beauty,Social,CAD,48012,2229219,6368.09,0.002857,0.007314,0.01591,62.62,0.2305,2,0.6,impressions,1.0,4500000,1.1,1.0,20000,1.08,2547.24,10188.94,1.007
6,2025-07-07,Atlantic,Beauty,Social,CAD,47130,2042495,6118.51,0.002996,0.007436,0.016669,60.81,0.2,2,0.6,impressions,1.0,4500000,1.1,1.0,20000,1.08,2447.4,9789.61,0.992
7,2025-07-14,Atlantic,Beauty,Social,CAD,43966,2210165,6805.09,0.003079,0.007563,0.01517,57.35,0.2171,2,0.6,impressions,1.0,4500000,1.1,1.0,20000,1.08,2722.03,10888.14,1.064
8,2025-07-21,Atlantic,Beauty,Social,CAD,50974,2913253,9130.01,0.003134,0.007291,0.017171,59.68,0.2387,2,0.6,impressions,1.0,4500000,1.1,1.0,20000,1.08,3652.0,14608.02,0.995
9,2025-07-28,Atlantic,Beauty,Social,CAD,50922,2251737,6168.08,0.002739,0.007925,0.016098,62.45,0.2274,2,0.6,impressions,1.0,4500000,1.1,1.0,20000,1.08,2467.23,9868.93,1.099
10,2025-08-04,Atlantic,Beauty,Social,CAD,48338,2354115,7175.27,0.003048,0.007461,0.016797,59.77,0.241,2,0.6,impressions,1.0,4500000,1.1,1.0,20000,1.08,2870.11,11480.42,0.977
11,2025-08-11,Atlantic,Beauty,Social,CAD,48602,2200184,6269.69,0.00285,0.008266,0.016101,59.7,0.2073,2,0.6,impressions,1.0,4500000,1.1,1.0,20000,1.08,2507.88,10031.51,0.907
12,2025-08-18,Atlantic,Beauty,Social,CAD,45196,2946176,8869.07,0.00301,0.008425,0.014464,60.44,0.2315,2,0.6,impressions,1.0,4500000,1.1,1.0,20000,1.08,3547.63,14190.51,0.913
13,2025-08-25,Atlantic,Beauty,Social,CAD,45658,2109862,6118.25,0.0029,0.00831,0.016035,58.41,0.2033,2,0.6,impressions,1.0,4500000,1.1,1.0,20000,1.08,2447.3,9789.2,0.996
1,2025-06-02,Atlantic,Beauty,Affiliate,CAD,47238,1100656,7158.53,0.006504,0.018298,0.029175,59.98,0.2166,4,0.4,impressions,1.0,1500000,1.0,1.0,15000,1.0,2147.56,12885.36,1.021
2,2025-06-09,Atlantic,Beauty,Affiliate,CAD,44085,1165986,7363.76,0.006315,0.0183,0.032326,62.2,0.2006,4,0.4,impressions,1.0,1500000,1.0,1.0,15000,1.0,2209.13,13254.77,1.031
3,2025-06-16,Atlantic,Beauty,Affiliate,CAD,42726,1133157,6641.79,0.005861,0.017815,0.031665,58.33,0.2108,4,0.4,impressions,1.0,1500000,1.0,1.0,15000,1.0,1992.54,11955.23,0.943
4,2025-06-23,Atlantic,Beauty,Affiliate,CAD,46251,1664853,9788.54,0.00588,0.016258,0.031297,57.14,0.2143,4,0.4,impressions,1.0,1500000,1.0,1.0,15000,1.0,2936.56,17619.37,1.097
5,2025-06-30,Atlantic,Beauty,Affiliate,CAD,49784,1327810,7491.72,0.005642,0.018144,0.032777,58.74,0.2288,4,0.4,impressions,1.0,1500000,1.0,1.0,15000,1.0,2247.52,13485.09,1.011
6,2025-07-07,Atlantic,Beauty,Affiliate,CAD,49919,1183030,6511.06,0.005504,0.016507,0.029186,58.87,0.2094,4,0.4,impressions,1.0,1500000,1.0,1.0,15000,1.0,1953.32,11719.9,0.93
7,2025-07-14,Atlantic,Beauty,Affiliate,CAD,45226,1317104,7580.42,0.005755,0.017302,0.028567,59.16,0.2087,4,0.4,impressions,1.0,1500000,1.0,1.0,15000,1.0,2274.13,13644.76,0.923
8,2025-07-21,Atlantic,Beauty,Affiliate,CAD,49409,1608104,9100.83,0.005659,0.017884,0.028107,58.71,0.2035,4,0.4,impressions,1.0,1500000,1.0,1.0,15000,1.0,2730.25,16381.5,0.979
9,2025-07-28,Atlantic,Beauty,Affiliate,CAD,47862,1098920,6150.54,0.005597,0.01868,0.029334,59.38,0.2225,4,0.4,impressions,1.0,1500000,1.0,1.0,15000,1.0,1845.16,11070.97,1.049
10,2025-08-04,Atlantic,Beauty,Affiliate,CAD,49898,1274264,6881.17,0.0054,0.019296,0.027617,57.44,0.2387,4,0.4,impressions,1.0,1500000,1.0,1.0,15000,1.0,2064.35,12386.1,1.003
11,2025-08-11,Atlantic,Beauty,Affiliate,CAD,48806,1168682,7492.78,0.006411,0.018096,0.028791,61.98,0.2153,4,0.4,impressions,1.0,1500000,1.0,1.0,15000,1.0,2247.83,13487.0,0.905
12,2025-08-18,Atlantic,Beauty,Affiliate,CAD,51111,1467920,8704.2,0.00593,0.019296,0.029677,61.01,0.2264,4,0.4,impressions,1.0,1500000,1.0,1.0,15000,1.0,2611.26,15667.56,1.097
13,2025-08-25,Atlantic,Beauty,Affiliate,CAD,41714,1148230,6964.22,0.006065,0.018094,0.030368,59.91,0.2396,4,0.4,impressions,1.0,1500000,1.0,1.0,15000,1.0,2089.27,12535.6,1.086
1,2025-06-02,Atlantic,Beauty,Email,CAD,51198,715270,1009.36,0.001411,0.04713,0.041993,62.76,0.2328,6,0.2,impressions,1.0,750000,0.95,1.0,10000,0.95,201.87,2523.4,0.917
2,2025-06-09,Atlantic,Beauty,Email,CAD,50244,623168,991.3,0.001591,0.049334,0.041185,58.45,0.2382,6,0.2,impressions,1.0,750000,0.95,1.0,10000,0.95,198.26,2478.24,1.003
3,2025-06-16,Atlantic,Beauty,Email,CAD,48814,657230,907.67,0.001381,0.050154,0.038992,59.08,0.2168,6,0.2,impressions,1.0,750000,0.95,1.0,10000,0.95,181.53,2269.17,0.97
4,2025-06-23,Atlantic,Beauty,Email,CAD,51072,922310,1453.35,0.001576,0.049066,0.043249,57.14,0.2337,6,0.2,impressions,1.0,750000,0.95,1.0,10000,0.95,290.67,3633.37,1.067
5,2025-06-30,Atlantic,Beauty,Email,CAD,44965,627703,970.64,0.001546,0.051292,0.038226,61.17,0.2104,6,0.2,impressions,1.0,750000,0.95,1.0,10000,0.95,194.13,2426.59,1.028
6,2025-07-07,Atlantic,Beauty,Email,CAD,41635,656481,1063.35,0.00162,0.047931,0.040445,58.77,0.2405,6,0.2,impressions,1.0,750000,0.95,1.0,10000,0.95,212.67,2658.37,0.911
7,2025-07-14,Atlantic,Beauty,Email,CAD,45398,671781,1076.94,0.001603,0.048387,0.03807,61.43,0.2369,6,0.2,impressions,1.0,750000,0.95,1.0,10000,0.95,215.39,2692.35,0.954
8,2025-07-21,Atlantic,Beauty,Email,CAD,47479,896696,1316.25,0.001468,0.050831,0.040944,62.62,0.2262,6,0.2,impressions,1.0,750000,0.95,1.0,10000,0.95,263.25,3290.61,0.963
9,2025-07-28,Atlantic,Beauty,Email,CAD,43990,648547,991.62,0.001529,0.052366,0.037842,59.41,0.2046,6,0.2,impressions,1.0,750000,0.95,1.0,10000,0.95,198.32,2479.04,0.922
10,2025-08-04,Atlantic,Beauty,Email,CAD,46650,596414,867.13,0.001454,0.053238,0.039989,60.03,0.2312,6,0.2,impressions,1.0,750000,0.95,1.0,10000,0.95,173.43,2167.83,0.996
11,2025-08-11,Atlantic,Beauty,Email,CAD,50452,600063,834.81,0.001391,0.053931,0.040448,59.33,0.2253,6,0.2,impressions,1.0,750000,0.95,1.0,10000,0.95,166.96,2087.01,0.914
12,2025-08-18,Atlantic,Beauty,Email,CAD,42780,899843,1399.37,0.001555,0.045306,0.036016,59.74,0.2025,6,0.2,impressions,1.0,750000,0.95,1.0,10000,0.95,279.87,3498.42,0.965
13,2025-08-25,Atlantic,Beauty,Email,CAD,46973,662996,1045.82,0.001577,0.046777,0.043414,61.34,0.1999,6,0.2,impressions,1.0,750000,0.95,1.0,10000,0.95,209.16,2614.56,0.977
1,2025-06-02,Atlantic,Beauty,Online Video,CAD,42726,1477461,9355.61,0.006332,0.002893,0.009633,60.75,0.2153,3,0.7,impressions,1.0,3500000,1.15,1.0,27500,1.1,2806.68,15904.54,0.948
2,2025-06-09,Atlantic,Beauty,Online Video,CAD,45224,1455838,11158.35,0.007665,0.003052,0.009864,58.49,0.2025,3,0.7,impressions,1.0,3500000,1.15,1.0,27500,1.1,3347.51,18969.2,1.052
3,2025-06-16,Atlantic,Beauty,Online Video,CAD,49726,1426716,10279.55,0.007205,0.003017,0.009019,57.76,0.2278,3,0.7,impressions,1.0,3500000,1.15,1.0,27500,1.1,3083.87,17475.24,0.928
4,2025-06-23,Atlantic,Beauty,Online Video,CAD,44075,1975221,13973.31,0.007074,0.00288,0.00981,62.58,0.2283,3,0.7,impressions,1.0,3500000,1.15,1.0,27500,1.1,4191.99,23754.63,0.918
5,2025-06-30,Atlantic,Beauty,Online Video,CAD,47436,1337478,9584.85,0.007166,0.003181,0.009548,60.48,0.2383,3,0.7,impressions,1.0,3500000,1.15,1.0,27500,1.1,2875.45,16294.24,0.91
6,2025-07-07,Atlantic,Beauty,Online Video,CAD,44790,1299826,9683.3,0.00745,0.002785,0.008887,61.4,0.2409,3,0.7,impressions,1.0,3500000,1.15,1.0,27500,1.1,2904.99,16461.61,0.932
7,2025-07-14,Atlantic,Beauty,Online Video,CAD,50851,1426730,9476.71,0.006642,0.002722,0.008576,59.52,0.2042,3,0.7,impressions,1.0,3500000,1.15,1.0,27500,1.1,2843.01,16110.41,1.05
8,2025-07-21,Atlantic,Beauty,Online Video,CAD,50177,1712855,11725.31,0.006845,0.003205,0.009549,61.25,0.2312,3,0.7,impressions,1.0,3500000,1.15,1.0,27500,1.1,3517.59,19933.03,0.992
9,2025-07-28,Atlantic,Beauty,Online Video,CAD,45001,1424931,10327.14,0.007247,0.00271,0.009258,60.31,0.2073,3,0.7,impressions,1.0,3500000,1.15,1.0,27500,1.1,3098.14,17556.14,1.095
10,2025-08-04,Atlantic,Beauty,Online Video,CAD,40840,1427891,9357.69,0.006554,0.003195,0.009471,58.99,0.2147,3,0.7,impressions,1.0,3500000,1.15,1.0,27500,1.1,2807.31,15908.07,1.019
11,2025-08-11,Atlantic,Beauty,Online Video,CAD,49374,1430309,9028.93,0.006313,0.002915,0.009111,58.93,0.2318,3,0.7,impressions,1.0,3500000,1.15,1.0,27500,1.1,2708.68,15349.17,1.04
12,2025-08-18,Atlantic,Beauty,Online Video,CAD,45636,1885443,12568.09,0.006666,0.003213,0.008113,60.29,0.2394,3,0.7,impressions,1.0,3500000,1.15,1.0,27500,1.1,3770.43,21365.75,0.926
13,2025-08-25,Atlantic,Beauty,Online Video,CAD,41023,1312659,9700.31,0.00739,0.002996,0.008894,59.48,0.212,3,0.7,impressions,1.0,3500000,1.15,1.0,27500,1.1,2910.09,16490.53,0.988
1,2025-06-02,Atlantic,Sporting Goods,Paid Search,CAD,45620,2123340,26560.07,0.012509,0.033928,0.055609,133.56,0.2798,4,0.3,impressions,1.0,2500000,1.1,1.0,30000,1.05,13280.04,39840.11,1.004
2,2025-06-09,Atlantic,Sporting Goods,Paid Search,CAD,43597,2095855,23189.14,0.011064,0.034908,0.053788,134.77,0.262,4,0.3,impressions,1.0,2500000,1.1,1.0,30000,1.05,11594.57,34783.71,1.09
3,2025-06-16,Atlantic,Sporting Goods,Paid Search,CAD,40939,2154658,26995.59,0.012529,0.037171,0.05703,133.67,0.2838,4,0.3,impressions,1.0,2500000,1.1,1.0,30000,1.05,13497.8,40493.39,0.958
4,2025-06-23,Atlantic,Sporting Goods,Paid Search,CAD,48997,2350877,26045.09,0.011079,0.031861,0.055767,139.71,0.2923,4,0.3,impressions,1.0,2500000,1.1,1.0,30000,1.05,13022.54,39067.63,0.912
5,2025-06-30,Atlantic,Sporting Goods,Paid Search,CAD,50039,1819930,23132.47,0.012711,0.032547,0.052581,144.9,0.2643,4,0.3,impressions,1.0,2500000,1.1,1.0,30000,1.05,11566.24,34698.71,1.03
6,2025-07-07,Atlantic,Sporting Goods,Paid Search,CAD,47837,1890348,24373.56,0.012894,0.032605,0.055635,133.97,0.2567,4,0.3,impressions,1.0,2500000,1.1,1.0,30000,1.05,12186.78,36560.35,0.936
7,2025-07-14,Atlantic,Sporting Goods,Paid Search,CAD,45585,1976053,24001.95,0.012146,0.037215,0.057755,134.62,0.3073,4,0.3,impressions,1.0,2500000,1.1,1.0,30000,1.05,12000.98,36002.93,1.099
8,2025-07-21,Atlantic,Sporting Goods,Paid Search,CAD,43987,2693262,31794.3,0.011805,0.037547,0.05452,134.34,0.3039,4,0.3,impressions,1.0,2500000,1.1,1.0,30000,1.05,15897.15,47691.45,1.051
9,2025-07-28,Atlantic,Sporting Goods,Paid Search,CAD,48025,1842908,22617.59,0.012273,0.036839,0.052007,136.57,0.2962,4,0.3,impressions,1.0,2500000,1.1,1.0,30000,1.05,11308.8,33926.39,0.965
10,2025-08-04,Atlantic,Sporting Goods,Paid Search,CAD,48293,1946269,24078.77,0.012372,0.031753,0.050861,136.36,0.2873,4,0.3,impressions,1.0,2500000,1.1,1.0,30000,1.05,12039.38,36118.15,0.999
11,2025-08-11,Atlantic,Sporting Goods,Paid Search,CAD,47973,1845494,21442.12,0.011619,0.03366,0.051104,141.89,0.2935,4,0.3,impressions,1.0,2500000,1.1,1.0,30000,1.05,10721.06,32163.18,0.936
12,2025-08-18,Atlantic,Sporting Goods,Paid Search,CAD,46918,2343041,26931.11,0.011494,0.033053,0.055344,142.26,0.3055,4,0.3,impressions,1.0,2500000,1.1,1.0,30000,1.05,13465.56,40396.67,1.085
13,2025-08-25,Atlantic,Sporting Goods,Paid Search,CAD,46598,2045016,22692.89,0.011097,0.032736,0.053535,141.99,0.2895,4,0.3,impressions,1.0,2500000,1.1,1.0,30000,1.05,11346.44,34039.33,1.049
1,2025-06-02,Atlantic,Sporting Goods,Display,CAD,49104,2814470,10632.16,0.003778,0.003629,0.013098,134.7,0.3047,5,0.5,impressions,1.0,6250000,1.05,1.0,22500,1.05,4252.86,17011.45,0.921
2,2025-06-09,Atlantic,Sporting Goods,Display,CAD,48975,2642313,11059.47,0.004186,0.004246,0.012262,146.69,0.2629,5,0.5,impressions,1.0,6250000,1.05,1.0,22500,1.05,4423.79,17695.16,0.987
3,2025-06-16,Atlantic,Sporting Goods,Display,CAD,42761,2555462,10430.56,0.004082,0.003644,0.011067,136.99,0.2597,5,0.5,impressions,1.0,6250000,1.05,1.0,22500,1.05,4172.22,16688.9,0.905
4,2025-06-23,Atlantic,Sporting Goods,Display,CAD,42845,3403167,12284.17,0.00361,0.003721,0.012919,143.83,0.2942,5,0.5,impressions,1.0,6250000,1.05,1.0,22500,1.05,4913.67,19654.68,1.076
5,2025-06-30,Atlantic,Sporting Goods,Display,CAD,44548,2638251,10403.2,0.003943,0.00398,0.011216,135.73,0.2731,5,0.5,impressions,1.0,6250000,1.05,1.0,22500,1.05,4161.28,16645.12,1.031
6,2025-07-07,Atlantic,Sporting Goods,Display,CAD,49655,2602427,10109.37,0.003885,0.004349,0.011636,143.34,0.2817,5,0.5,impressions,1.0,6250000,1.05,1.0,22500,1.05,4043.75,16174.99,1.078
7,2025-07-14,Atlantic,Sporting Goods,Display,CAD,45813,2514564,9990.43,0.003973,0.004072,0.011244,140.06,0.2762,5,0.5,impressions,1.0,6250000,1.05,1.0,22500,1.05,3996.17,15984.7,0.989
8,2025-07-21,Atlantic,Sporting Goods,Display,CAD,48560,3272869,14100.41,0.004308,0.003768,0.012968,143.63,0.2745,5,0.5,impressions,1.0,6250000,1.05,1.0,22500,1.05,5640.16,22560.66,1.022
9,2025-07-28,Atlantic,Sporting Goods,Display,CAD,46226,2555082,10462.11,0.004095,0.00408,0.011098,145.63,0.2568,5,0.5,impressions,1.0,6250000,1.05,1.0,22500,1.05,4184.84,16739.37,1.037
10,2025-08-04,Atlantic,Sporting Goods,Display,CAD,49503,2457060,8925.11,0.003632,0.003672,0.012895,145.01,0.2535,5,0.5,impressions,1.0,6250000,1.05,1.0,22500,1.05,3570.05,14280.18,1.072
11,2025-08-11,Atlantic,Sporting Goods,Display,CAD,41213,2468132,9924.76,0.004021,0.004386,0.011078,134.08,0.2608,5,0.5,impressions,1.0,6250000,1.05,1.0,22500,1.05,3969.9,15879.61,1.079
12,2025-08-18,Atlantic,Sporting Goods,Display,CAD,50682,3257431,13357.41,0.004101,0.003701,0.01231,135.78,0.3079,5,0.5,impressions,1.0,6250000,1.05,1.0,22500,1.05,5342.97,21371.86,1.09
13,2025-08-25,Atlantic,Sporting Goods,Display,CAD,49849,2566100,9758.99,0.003803,0.004359,0.012607,134.69,0.2839,5,0.5,impressions,1.0,6250000,1.05,1.0,22500,1.05,3903.6,15614.39,1.049
1,2025-06-02,Atlantic,Sporting Goods,Social,CAD,48056,2269639,6451.2,0.002842,0.007642,0.014454,140.94,0.2564,2,0.6,impressions,1.0,4500000,1.1,1.0,20000,1.08,2580.48,10321.92,0.934
2,2025-06-09,Atlantic,Sporting Goods,Social,CAD,50432,2158915,6448.22,0.002987,0.008154,0.016342,146.35,0.2581,2,0.6,impressions,1.0,4500000,1.1,1.0,20000,1.08,2579.29,10317.15,0.977
3,2025-06-16,Atlantic,Sporting Goods,Social,CAD,47561,2126745,6591.5,0.003099,0.007879,0.016538,133.32,0.2775,2,0.6,impressions,1.0,4500000,1.1,1.0,20000,1.08,2636.6,10546.4,1.011
4,2025-06-23,Atlantic,Sporting Goods,Social,CAD,48181,2655496,7575.93,0.002853,0.008241,0.016492,136.45,0.2727,2,0.6,impressions,1.0,4500000,1.1,1.0,20000,1.08,3030.37,12121.48,1.021
5,2025-06-30,Atlantic,Sporting Goods,Social,CAD,44307,2217534,6600.26,0.002976,0.007546,0.017229,134.78,0.2639,2,0.6,impressions,1.0,4500000,1.1,1.0,20000,1.08,2640.11,10560.42,1.07
6,2025-07-07,Atlantic,Sporting Goods,Social,CAD,42026,2108889,5822.84,0.002761,0.007992,0.017329,142.36,0.3016,2,0.6,impressions,1.0,4500000,1.1,1.0,20000,1.08,2329.14,9316.55,0.991
7,2025-07-14,Atlantic,Sporting Goods,Social,CAD,41372,2176085,6716.24,0.003086,0.008738,0.016427,142.4,0.2542,2,0.6,impressions,1.0,4500000,1.1,1.0,20000,1.08,2686.5,10745.98,0.963
8,2025-07-21,Atlantic,Sporting Goods,Social,CAD,42926,2973398,9804.31,0.003297,0.008515,0.0165,135.41,0.2742,2,0.6,impressions,1.0,4500000,1.1,1.0,20000,1.08,3921.73,15686.9,0.931
9,2025-07-28,Atlantic,Sporting Goods,Social,CAD,42276,2370704,7795.17,0.003288,0.007884,0.015628,139.39,0.3002,2,0.6,impressions,1.0,4500000,1.1,1.0,20000,1.08,3118.07,12472.27,1.043
10,2025-08-04,Atlantic,Sporting Goods,Social,CAD,42753,2122555,6844.86,0.003225,0.007644,0.014703,137.09,0.2713,2,0.6,impressions,1.0,4500000,1.1,1.0,20000,1.08,2737.95,10951.78,0.987
11,2025-08-11,Atlantic,Sporting Goods,Social,CAD,48616,2058512,6689.71,0.00325,0.007885,0.015708,137.76,0.2537,2,0.6,impressions,1.0,4500000,1.1,1.0,20000,1.08,2675.88,10703.53,1.018
12,2025-08-18,Atlantic,Sporting Goods,Social,CAD,42363,2892547,8146.99,0.002817,0.008723,0.016622,134.69,0.2812,2,0.6,impressions,1.0,4500000,1.1,1.0,20000,1.08,3258.8,13035.18,1.02
13,2025-08-25,Atlantic,Sporting Goods,Social,CAD,40928,2069685,6412.95,0.003099,0.008584,0.016728,144.05,0.2578,2,0.6,impressions,1.0,4500000,1.1,1.0,20000,1.08,2565.18,10260.72,0.929
1,2025-06-02,Atlantic,Sporting Goods,Affiliate,CAD,45968,1223048,7576.19,0.006195,0.019487,0.028333,142.68,0.2881,4,0.4,impressions,1.0,1500000,1.0,1.0,15000,1.0,2272.86,13637.14,0.984
2,2025-06-09,Atlantic,Sporting Goods,Affiliate,CAD,51725,1187791,6490.31,0.005464,0.019501,0.027057,139.9,0.2705,4,0.4,impressions,1.0,1500000,1.0,1.0,15000,1.0,1947.09,11682.56,1.055
3,2025-06-16,Atlantic,Sporting Goods,Affiliate,CAD,50579,1222075,6950.52,0.005687,0.019359,0.029211,143.75,0.2972,4,0.4,impressions,1.0,1500000,1.0,1.0,15000,1.0,2085.16,12510.93,1.093
4,2025-06-23,Atlantic,Sporting Goods,Affiliate,CAD,48307,1576220,9489.69,0.006021,0.017896,0.028336,146.85,0.2684,4,0.4,impressions,1.0,1500000,1.0,1.0,15000,1.0,2846.91,17081.44,0.943
5,2025-06-30,Atlantic,Sporting Goods,Affiliate,CAD,40888,1137323,7307.36,0.006425,0.018318,0.028887,143.01,0.2983,4,0.4,impressions,1.0,1500000,1.0,1.0,15000,1.0,2192.21,13153.25,1.07
6,2025-07-07,Atlantic,Sporting Goods,Affiliate,CAD,48682,1226139,6756.36,0.00551,0.017592,0.028078,140.23,0.2604,4,0.4,impressions,1.0,1500000,1.0,1.0,15000,1.0,2026.91,12161.45,1.007
7,2025-07-14,Atlantic,Sporting Goods,Affiliate,CAD,44999,1314601,7878.07,0.005993,0.019453,0.027933,135.28,0.3011,4,0.4,impressions,1.0,1500000,1.0,1.0,15000,1.0,2363.42,14180.52,0.961
8,2025-07-21,Atlantic,Sporting Goods,Affiliate,CAD,48107,1532616,9531.23,0.006219,0.017206,0.032158,145.33,0.2586,4,0.4,impressions,1.0,1500000,1.0,1.0,15000,1.0,2859.37,17156.22,1.079
9,2025-07-28,Atlantic,Sporting Goods,Affiliate,CAD,42143,1199987,7794.59,0.006496,0.017575,0.028879,133.67,0.2789,4,0.4,impressions,1.0,1500000,1.0,1.0,15000,1.0,2338.38,14030.26,0.979
10,2025-08-04,Atlantic,Sporting Goods,Affiliate,CAD,50021,1277603,7373.8,0.005772,0.018801,0.029201,143.95,0.3074,4,0.4,impressions,1.0,1500000,1.0,1.0,15000,1.0,2212.14,13272.85,1.088
11,2025-08-11,Atlantic,Sporting Goods,Affiliate,CAD,48183,1306819,8228.7,0.006297,0.019086,0.032882,142.26,0.2908,4,0.4,impressions,1.0,1500000,1.0,1.0,15000,1.0,2468.61,14811.66,1.052
12,2025-08-18,Atlantic,Sporting Goods,Affiliate,CAD,42571,1495769,8879.87,0.005937,0.016978,0.032476,135.25,0.2968,4,0.4,impressions,1.0,1500000,1.0,1.0,15000,1.0,2663.96,15983.76,0.951
13,2025-08-25,Atlantic,Sporting Goods,Affiliate,CAD,49609,1240506,7580.92,0.006111,0.016326,0.027544,145.13,0.2771,4,0.4,impressions,1.0,1500000,1.0,1.0,15000,1.0,2274.28,13645.65,0.971
1,2025-06-02,Atlantic,Sporting Goods,Email,CAD,46183,604055,931.94,0.001543,0.051543,0.038803,136.05,0.3068,6,0.2,impressions,1.0,750000,0.95,1.0,10000,0.95,186.39,2329.86,0.957
2,2025-06-09,Atlantic,Sporting Goods,Email,CAD,42999,697340,1005.56,0.001442,0.051008,0.039426,136.5,0.2622,6,0.2,impressions,1.0,750000,0.95,1.0,10000,0.95,201.11,2513.91,1.055
3,2025-06-16,Atlantic,Sporting Goods,Email,CAD,48417,618331,865.44,0.0014,0.04985,0.036578,145.5,0.2858,6,0.2,impressions,1.0,750000,0.95,1.0,10000,0.95,173.09,2163.59,1.065
4,2025-06-23,Atlantic,Sporting Goods,Email,CAD,45660,882240,1268.69,0.001438,0.048307,0.040453,134.12,0.2744,6,0.2,impressions,1.0,750000,0.95,1.0,10000,0.95,253.74,3171.73,0.981
5,2025-06-30,Atlantic,Sporting Goods,Email,CAD,42448,700575,1012.66,0.001445,0.04866,0.039671,141.57,0.2556,6,0.2,impressions,1.0,750000,0.95,1.0,10000,0.95,202.53,2531.65,1.027
6,2025-07-07,Atlantic,Sporting Goods,Email,CAD,41894,619067,989.17,0.001598,0.049499,0.042188,135.86,0.2899,6,0.2,impressions,1.0,750000,0.95,1.0,10000,0.95,197.83,2472.93,1.086
7,2025-07-14,Atlantic,Sporting Goods,Email,CAD,46595,628855,873.54,0.001389,0.046644,0.037825,139.58,0.3035,6,0.2,impressions,1.0,750000,0.95,1.0,10000,0.95,174.71,2183.85,0.982
8,2025-07-21,Atlantic,Sporting Goods,Email,CAD,41458,764932,1160.91,0.001518,0.04836,0.040577,138.03,0.2996,6,0.2,impressions,1.0,750000,0.95,1.0,10000,0.95,232.18,2902.28,1.098
9,2025-07-28,Atlantic,Sporting Goods,Email,CAD,49024,606221,928.01,0.001531,0.052477,0.042431,138.88,0.2872,6,0.2,impressions,1.0,750000,0.95,1.0,10000,0.95,185.6,2320.02,1.008
10,2025-08-04,Atlantic,Sporting Goods,Email,CAD,46145,692396,966.24,0.001396,0.054567,0.0411,139.69,0.2552,6,0.2,impressions,1.0,750000,0.95,1.0,10000,0.95,193.25,2415.61,0.974
11,2025-08-11,Atlantic,Sporting Goods,Email,CAD,46922,718790,1175.83,0.001636,0.054685,0.043525,136.09,0.2928,6,0.2,impressions,1.0,750000,0.95,1.0,10000,0.95,235.17,2939.58,0.943
12,2025-08-18,Atlantic,Sporting Goods,Email,CAD,45931,860877,1343.8,0.001561,0.053178,0.043039,137.11,0.2627,6,0.2,impressions,1.0,750000,0.95,1.0,10000,0.95,268.76,3359.51,1.034
13,2025-08-25,Atlantic,Sporting Goods,Email,CAD,48194,642515,937.34,0.001459,0.046117,0.037087,136.62,0.2867,6,0.2,impressions,1.0,750000,0.95,1.0,10000,0.95,187.47,2343.36,1.054
1,2025-06-02,Atlantic,Sporting Goods,Online Video,CAD,45244,1363038,10089.24,0.007402,0.002812,0.009756,141.77,0.3029,3,0.7,impressions,1.0,3500000,1.15,1.0,27500,1.1,3026.77,17151.71,0.917
2,2025-06-09,Atlantic,Sporting Goods,Online Video,CAD,42627,1407088,10078.26,0.007162,0.002974,0.009012,133.9,0.2538,3,0.7,impressions,1.0,3500000,1.15,1.0,27500,1.1,3023.48,17133.04,1.052
3,2025-06-16,Atlantic,Sporting Goods,Online Video,CAD,44172,1570187,9992.82,0.006364,0.003101,0.008686,135.55,0.2907,3,0.7,impressions,1.0,3500000,1.15,1.0,27500,1.1,2997.85,16987.8,1.06
4,2025-06-23,Atlantic,Sporting Goods,Online Video,CAD,43145,1834034,13906.95,0.007583,0.00322,0.008187,139.53,0.306,3,0.7,impressions,1.0,3500000,1.15,1.0,27500,1.1,4172.08,23641.81,1.095
5,2025-06-30,Atlantic,Sporting Goods,Online Video,CAD,42578,1564997,10238.8,0.006542,0.002846,0.009688,142.45,0.275,3,0.7,impressions,1.0,3500000,1.15,1.0,27500,1.1,3071.64,17405.97,0.982
6,2025-07-07,Atlantic,Sporting Goods,Online Video,CAD,49695,1359272,9141.66,0.006725,0.003084,0.00986,138.56,0.2779,3,0.7,impressions,1.0,3500000,1.15,1.0,27500,1.1,2742.5,15540.82,0.918
7,2025-07-14,Atlantic,Sporting Goods,Online Video,CAD,41871,1414396,9389.75,0.006639,0.003123,0.009061,139.9,0.2985,3,0.7,impressions,1.0,3500000,1.15,1.0,27500,1.1,2816.92,15962.57,0.908
8,2025-07-21,Atlantic,Sporting Goods,Online Video,CAD,45642,1843465,14017.23,0.007604,0.003167,0.008695,141.64,0.2764,3,0.7,impressions,1.0,3500000,1.15,1.0,27500,1.1,4205.17,23829.3,1.081
9,2025-07-28,Atlantic,Sporting Goods,Online Video,CAD,45484,1553919,11088.65,0.007136,0.002975,0.008287,141.72,0.2949,3,0.7,impressions,1.0,3500000,1.15,1.0,27500,1.1,3326.59,18850.7,0.97
10,2025-08-04,Atlantic,Sporting Goods,Online Video,CAD,43419,1429112,10964.11,0.007672,0.002994,0.00972,146.6,0.2649,3,0.7,impressions,1.0,3500000,1.15,1.0,27500,1.1,3289.23,18638.99,0.974
11,2025-08-11,Atlantic,Sporting Goods,Online Video,CAD,48925,1352868,9275.14,0.006856,0.002719,0.008389,138.11,0.2676,3,0.7,impressions,1.0,3500000,1.15,1.0,27500,1.1,2782.54,15767.73,0.959
12,2025-08-18,Atlantic,Sporting Goods,Online Video,CAD,50792,1885400,13994.89,0.007423,0.003124,0.008764,135.34,0.2608,3,0.7,impressions,1.0,3500000,1.15,1.0,27500,1.1,4198.47,23791.32,0.929
13,2025-08-25,Atlantic,Sporting Goods,Online Video,CAD,44356,1516634,9803.91,0.006464,0.002744,0.009782,136.51,0.3041,3,0.7,impressions,1.0,3500000,1.15,1.0,27500,1.1,2941.17,16666.65,1.091
